sentence,candidate_line_item,candidate_value,numeric_value_match,numeric_value_close,keyword_overlap,period_match,string_similarity,sentence_length,line_item_name_length,embedding_cosine_similarity,label
"Total net sales reached $416,161 million during the fiscal year 2025, driven by growth in iPhone and Services.",Total net sales,416161.0,1,1,1.0,0,0.24,110,15,0.715,match
"Total gross margin expanded to $195,201 million in 2025 compared to prior year.",Total gross margin,195201.0,1,1,1.0,0,0.3711,79,18,0.7278,match
"The Company reported operating income of $133,050 million for fiscal 2025.",Operating income,133050.0,1,1,1.0,0,0.2444,74,16,0.6788,match
"Net income for the full year stood at $112,010 million reflecting disciplined operational execution.",Net income,112010.0,1,1,1.0,0,0.1818,100,10,0.5774,match
"Total cost of sales was $220,960 million in 2025 due to higher manufacturing volume.",Total cost of sales,220960.0,1,1,1.0,0,0.3689,84,19,0.7274,match
"Total operating expenses were $62,151 million, primarily comprising R&D and SG&A expenditures.",Total operating expenses,62151.0,1,1,1.0,0,0.4068,94,24,0.7389,match
"Cash and cash equivalents as of the balance sheet date totaled $35,934 million.",Cash and cash equivalents,35934.0,1,1,1.0,0,0.4808,79,25,0.5343,match
"Total assets stood at $359,241 million at fiscal year-end.",Total assets,359241.0,1,1,1.0,0,0.3429,58,12,0.6457,match
"The Company recognized deferred revenue of $9,055 million under current liabilities.",Deferred revenue,9055.0,1,1,1.0,0,0.3,84,16,0.7401,match
"Term debt due within one year amounted to $12,350 million.",Term debt,12350.0,1,1,1.0,0,0.2687,58,9,0.7241,match
"Non-current term debt was reported at $78,328 million at year-end.",Term debt,78328.0,1,1,1.0,0,0.16,66,9,0.6279,match
"Proceeds from maturities of marketable securities provided $40,907 million in operating liquidity.",Proceeds from maturities of marketable securities,40907.0,1,1,1.0,0,0.6667,98,49,0.7065,match
"Proceeds from sales of marketable securities were $12,890 million during the reporting period.",Proceeds from sales of marketable securities,12890.0,1,1,1.0,0,0.6377,94,44,0.7585,match
"Microsoft recognized total revenue of $245,123 million across all commercial and consumer segments.",Revenue,245123.0,1,1,1.0,0,0.1132,99,7,0.4909,match
"Microsoft reported operating income of $109,433 million for the fiscal period.",Operating income,109433.0,1,1,1.0,0,0.2553,78,16,0.5577,match
"Consolidated net income reached $88,136 million for the fiscal year.",Net income,88136.0,1,1,1.0,0,0.2051,68,10,0.6299,match
Diluted earnings per share was $11.80 for the twelve-month period.,Diluted earnings per share,11.8,1,1,1.0,0,0.5652,66,26,0.7746,match
"Total research and development expenses amounted to $29,510 million.",Research and development,29510.0,1,1,0.0,0,0.3696,68,24,0.2866,match
"General and administrative expenses totaled $7,905 million for the fiscal year.",General and administrative,7905.0,1,1,0.0,0,0.4952,79,26,0.3347,match
"Cash generated from operations totaled $118,548 million.",Cash flows from operating activities,118548.0,1,1,0.0,0,0.4348,56,36,0.5336,match
"Additions to property and equipment totaled $44,477 million to support cloud infrastructure.",Capital expenditures,44477.0,1,1,0.0,0,0.2679,92,20,0.2513,match
"Amazon reported net product sales of $255,890 million during the fiscal year.",Net product sales,255890.0,1,1,1.0,0,0.3404,77,17,0.6283,match
"Net service sales reached $319,250 million driven by AWS and third-party seller growth.",Net service sales,319250.0,1,1,1.0,0,0.3269,87,17,0.5898,match
"Amazon's consolidated operating income stood at $36,852 million for the full fiscal year.",Operating income,36852.0,1,1,1.0,0,0.2095,89,16,0.4514,match
"Cost of sales for the retail and subscription segments totaled $304,510 million.",Cost of sales,304510.0,1,1,1.0,0,0.2796,80,13,0.7165,match
"Fulfillment expenses totaled $92,540 million to support expanding logistics infrastructure.",Fulfillment,92540.0,1,1,0.0,0,0.2157,91,11,0.4591,match
"Technology and infrastructure expenses grew to $85,620 million.",Technology and content,85620.0,1,1,0.0,0,0.4706,63,22,0.2047,match
"Tesla total automotive revenues reached $82,419 million despite macroeconomic headwinds.",Automotive sales,82419.0,1,1,0.0,0,0.2885,88,16,0.4146,match
"Total automotive cost of revenues was $65,121 million.",Automotive cost of revenues,65121.0,1,1,1.0,0,0.642,54,27,0.8141,match
"Energy generation and storage revenue grew to $6,035 million.",Energy generation and storage,6035.0,1,1,0.0,0,0.6444,61,29,0.5843,match
"Services and other revenue contributed $8,319 million.",Services and other,8319.0,1,1,0.0,0,0.5,54,18,0.2747,match
"Gross profit totaled $17,660 million for the year.",Total gross profit,17660.0,1,1,1.0,0,0.3529,50,18,0.766,match
"Tesla operating income stood at $8,891 million at fiscal year-end.",Operating income,8891.0,1,1,1.0,0,0.2683,66,16,0.4282,match
"Alphabet reported total revenues of $307,394 million for the fiscal period.",Total revenues,307394.0,1,1,1.0,0,0.2697,75,14,0.6132,match
"Google Services revenues were $272,504 million.",Google Services,272504.0,1,1,0.0,0,0.4839,47,15,0.5346,match
"Google Cloud revenues reached $33,088 million, reflecting strong enterprise AI adoption.",Google Cloud,33088.0,1,1,0.0,0,0.24,88,12,0.532,match
"Alphabet cost of revenues stood at $133,332 million.",Cost of revenues,133332.0,1,1,1.0,0,0.4412,52,16,0.631,match
"Operating income for Alphabet expanded to $84,293 million.",Operating income,84293.0,1,1,1.0,0,0.4324,58,16,0.5575,match
"Net income was $73,795 million with diluted EPS of $5.80.",Net income,73795.0,1,1,0.5,0,0.2985,57,10,0.623,match
"NVIDIA reported total revenue of $60,922 million, surging 126% year-over-year.",Total revenue,60922.0,1,1,1.0,0,0.2198,78,13,0.5876,match
"Compute & Networking revenue totaled $47,405 million driven by data center GPU demand.",Compute & Networking,47405.0,1,1,0.0,0,0.3774,86,20,0.5424,match
"Graphics segment revenue totaled $13,517 million.",Graphics,13517.0,1,1,0.0,0,0.2807,49,8,0.3224,match
"Operating income rose dramatically to $32,972 million.",Operating income,32972.0,1,1,1.0,0,0.4571,54,16,0.5673,match
"Net income for the year was $29,760 million.",Net income,29760.0,1,1,1.0,0,0.3704,44,10,0.6651,match
"NVIDIA gross margin reached $44,301 million reflecting high pricing power.",Gross profit,44301.0,1,1,0.0,0,0.2093,74,12,0.3913,match
"Research and development expense was $8,675 million.",Research and development,8675.0,1,1,0.0,0,0.6316,52,24,0.2845,match
"Selling, general and administrative expenses were $2,654 million.","Selling, general and administrative",2654.0,1,1,0.0,0,0.7,65,35,0.4964,match
"Free cash flow generated was $27,021 million.",Free cash flow,27021.0,1,1,1.0,0,0.4746,45,14,0.6181,match
"Cash, cash equivalents and marketable securities totaled $25,984 million at year-end.","Cash, cash equivalents and marketable securities",25984.0,1,1,1.0,0,0.7218,85,48,0.5722,match
"Accounts receivable, net stood at $9,999 million.","Accounts receivable, net",9999.0,1,1,0.0,0,0.6575,49,24,0.6402,match
"Inventories at fiscal year-end were $5,282 million.",Inventories,5282.0,1,1,0.0,0,0.3548,51,11,0.4409,match
"Total liabilities stood at $22,752 million.",Total liabilities,22752.0,1,1,0.0,0,0.5667,43,17,0.6966,match
"Total shareholders' equity reached $42,978 million.",Total shareholders' equity,42978.0,1,1,0.0,0,0.6753,51,26,0.7377,match
Dividends paid to shareholders totaled $395 million.,Payments for dividends,395.0,1,1,0.0,0,0.3243,52,22,0.5544,match
"Repurchases of common stock utilized $9,532 million during the fiscal year.",Payments for repurchase of common stock,9532.0,1,1,0.0,0,0.386,75,39,0.6831,match
"Total net sales reached $416,161 million during the fiscal year 2025, driven by growth in iPhone and Services.",Term debt,12350.0,0,0,0.0,0,0.1345,110,9,0.2462,no_match
"Total gross margin expanded to $195,201 million in 2025 compared to prior year.","Accounts receivable, net",9999.0,0,0,0.0,0,0.2136,79,24,0.0498,no_match
"The Company reported operating income of $133,050 million for fiscal 2025.",Inventories,5282.0,0,0,0.0,0,0.1647,74,11,0.1714,no_match
"Net income for the full year stood at $112,010 million reflecting disciplined operational execution.",Payments for dividends,395.0,0,0,0.0,0,0.2131,100,22,0.1621,no_match
"Total cost of sales was $220,960 million in 2025 due to higher manufacturing volume.",Total shareholders' equity,42978.0,0,0,0.0,0,0.3091,84,26,0.2189,no_match
"Cash and cash equivalents as of the balance sheet date totaled $35,934 million.",Total cost of sales,220960.0,0,0,0.0,0,0.2857,79,19,0.3041,no_match
"Total assets stood at $359,241 million at fiscal year-end.","Selling, general and administrative",2654.0,0,0,0.0,0,0.3011,58,35,0.1454,no_match
"The Company recognized deferred revenue of $9,055 million under current liabilities.",Automotive sales,82419.0,0,0,0.0,0,0.18,84,16,0.1491,no_match
"Microsoft recognized total revenue of $245,123 million across all commercial and consumer segments.",Research and development,29510.0,0,0,0.0,0,0.2602,99,24,-0.017,no_match
"Microsoft reported operating income of $109,433 million for the fiscal period.",Payments for repurchase of common stock,9532.0,0,0,0.0,0,0.3932,78,39,0.1166,no_match
"Consolidated net income reached $88,136 million for the fiscal year.",Capital expenditures,44477.0,0,0,0.0,0,0.25,68,20,0.3718,no_match
"Amazon reported net product sales of $255,890 million during the fiscal year.",Fulfillment,92540.0,0,0,0.0,0,0.1591,77,11,0.2206,no_match
"Amazon's consolidated operating income stood at $36,852 million for the full fiscal year.",Net product sales,255890.0,0,0,0.0,0,0.2075,89,17,0.1835,no_match
"Tesla total automotive revenues reached $82,419 million despite macroeconomic headwinds.",Energy generation and storage,6035.0,0,0,0.0,0,0.2735,88,29,0.0868,no_match
"Gross profit totaled $17,660 million for the year.",Automotive cost of revenues,65121.0,0,0,0.0,0,0.2857,50,27,0.4396,no_match
"Alphabet reported total revenues of $307,394 million for the fiscal period.",Operating income,84293.0,0,0,0.0,0,0.1978,75,16,0.322,no_match
"Google Cloud revenues reached $33,088 million, reflecting strong enterprise AI adoption.",Total revenues,307394.0,0,0,1.0,0,0.2549,88,14,0.4089,no_match
"NVIDIA reported total revenue of $60,922 million, surging 126% year-over-year.",Research and development,8675.0,0,0,0.0,0,0.1961,78,24,-0.0097,no_match
"Compute & Networking revenue totaled $47,405 million driven by data center GPU demand.",Graphics,13517.0,0,0,0.0,0,0.0851,86,8,0.1311,no_match
"Operating income rose dramatically to $32,972 million.","Accounts receivable, net",9999.0,0,0,0.0,0,0.2564,54,24,0.007,no_match
"Free cash flow generated was $27,021 million.",Cost of revenues,133332.0,0,0,0.0,0,0.2623,45,16,0.4613,no_match
"Proceeds from maturities of marketable securities provided $40,907 million in operating liquidity.",Term debt,78328.0,0,0,0.0,0,0.1495,98,9,0.1208,no_match
"Total operating expenses were $62,151 million, primarily comprising R&D and SG&A expenditures.",Cash and cash equivalents,35934.0,0,0,0.0,0,0.2521,94,25,0.1653,no_match
"Tesla operating income stood at $8,891 million at fiscal year-end.",Total automotive revenues,82419.0,0,0,0.0,0,0.3077,66,25,0.4121,no_match
"Cost of sales for the retail and subscription segments totaled $304,510 million.",Operating income,36852.0,0,0,0.0,0,0.1875,80,16,0.1764,no_match
"General and administrative expenses totaled $7,905 million for the fiscal year.",Total assets,359241.0,0,0,0.0,0,0.1758,79,12,0.3687,no_match
"Net service sales reached $319,250 million driven by AWS and third-party seller growth.",Fulfillment,92540.0,0,0,0.0,0,0.1224,87,11,0.1468,no_match
Diluted earnings per share was $11.80 for the twelve-month period.,Research and development,29510.0,0,0,0.0,0,0.2889,66,24,-0.0477,no_match
"Alphabet cost of revenues stood at $133,332 million.",Net income,73795.0,0,0,0.0,0,0.2258,52,10,0.2398,no_match
"Net income was $73,795 million with diluted EPS of $5.80.",Google Cloud,33088.0,0,0,0.0,0,0.1739,57,12,0.0005,no_match
"Energy generation and storage revenue grew to $6,035 million.",Services and other,8319.0,0,0,0.0,0,0.2532,61,18,-0.0079,no_match
"Services and other revenue contributed $8,319 million.",Automotive cost of revenues,65121.0,0,0,1.0,0,0.3951,54,27,0.3866,no_match
"Inventories at fiscal year-end were $5,282 million.",Total revenue,60922.0,0,0,0.0,0,0.2812,51,13,0.4476,no_match
Dividends paid to shareholders totaled $395 million.,Operating income,32972.0,0,0,0.0,0,0.2059,52,16,0.2579,no_match
"Repurchases of common stock utilized $9,532 million during the fiscal year.",Net income,29760.0,0,0,0.0,0,0.1647,75,10,0.2129,no_match
"Total liabilities stood at $22,752 million.",Compute & Networking,47405.0,0,0,0.0,0,0.2222,43,20,0.0881,no_match
"Additions to property and equipment totaled $44,477 million to support cloud infrastructure.",Revenue,245123.0,0,0,0.0,0,0.101,92,7,0.2607,no_match
"Fulfillment expenses totaled $92,540 million to support expanding logistics infrastructure.",Net service sales,319250.0,0,0,0.0,0,0.2222,91,17,0.324,no_match
"Technology and infrastructure expenses grew to $85,620 million.",Operating income,36852.0,0,0,0.0,0,0.2278,63,16,0.274,no_match
"Google Services revenues were $272,504 million.",Cost of revenues,133332.0,0,0,1.0,0,0.4127,47,16,0.4903,no_match
"Graphics segment revenue totaled $13,517 million.",Free cash flow,27021.0,0,0,0.0,0,0.2222,49,14,0.222,no_match
"NVIDIA gross margin reached $44,301 million reflecting high pricing power.","Accounts receivable, net",9999.0,0,0,0.0,0,0.2653,74,24,-0.0004,no_match
"Selling, general and administrative expenses were $2,654 million.",Total shareholders' equity,42978.0,0,0,0.0,0,0.2198,65,26,0.2309,no_match
"Total shareholders' equity reached $42,978 million.",Cash flows from operating activities,118548.0,0,0,0.0,0,0.2989,51,36,0.1913,no_match
"Non-current term debt was reported at $78,328 million at year-end.",Total operating expenses,62151.0,0,0,0.0,0,0.3111,66,24,0.3214,no_match
"Term debt due within one year amounted to $12,350 million.",Proceeds from maturities of marketable securities,40907.0,0,0,0.0,0,0.3738,58,49,0.1151,no_match
"Proceeds from sales of marketable securities were $12,890 million during the reporting period.",Deferred revenue,9055.0,0,0,0.0,0,0.2182,94,16,0.2919,no_match
"Cash generated from operations totaled $118,548 million.",Diluted earnings per share,11.8,0,0,0.0,0,0.3171,56,26,0.2572,no_match
"Total automotive cost of revenues was $65,121 million.",Operating income,8891.0,0,0,0.0,0,0.2286,54,16,0.2589,no_match
"Accounts receivable, net stood at $9,999 million.",Operating income,32972.0,0,0,0.0,0,0.2462,49,16,0.304,no_match
"Research and development expense was $8,675 million.",Total liabilities,22752.0,0,0,0.0,0,0.2029,52,17,0.2265,no_match
"Cash, cash equivalents and marketable securities totaled $25,984 million at year-end.",Net income,29760.0,0,0,0.0,0,0.1684,85,10,0.3303,no_match
"Compute & Networking revenue totaled $47,405 million driven by data center GPU demand.","Selling, general and administrative",2654.0,0,0,0.0,0,0.3471,86,35,0.0951,no_match
"Google Cloud revenues reached $33,088 million, reflecting strong enterprise AI adoption.",Cost of revenues,133332.0,0,0,1.0,0,0.2885,88,16,0.3956,no_match
"Microsoft recognized total revenue of $245,123 million across all commercial and consumer segments.",General and administrative,7905.0,0,0,0.0,0,0.256,99,26,0.0204,no_match
"Operating income was $68.6 billion and $80.0 billion for 2024 and 2025, respectively.",Operating income,84293.0,0,0,1.0,0,0.3168,85,16,0.6806,ambiguous
"Google Services operating income was $95,860 million before unallocated corporate overhead.",Operating income,84293.0,0,0,1.0,0,0.2243,91,16,0.4835,ambiguous
The Company's total revenue grew approximately 30% to $60.9 billion.,Total revenue,60922.0,0,0,1.0,0,0.2963,68,13,0.625,ambiguous
Cash and marketable investments were in excess of $132 billion as of September 2025.,Cash and cash equivalents,35934.0,0,0,0.0,0,0.3486,84,25,0.3517,ambiguous
Deferred revenue totaled approximately $13.7 billion across short-term and long-term commitments.,Deferred revenue,9055.0,0,0,1.0,0,0.2832,97,16,0.7285,ambiguous
Total debt obligations including term debt and commercial paper stood at $90.6 billion.,Term debt,78328.0,0,0,1.0,0,0.1667,87,9,0.6174,ambiguous
Gross margin percentage reached 46.9% of total net sales.,Total gross margin,195201.0,0,0,0.5,0,0.32,57,18,0.7724,ambiguous
"Automotive regulatory credits contributed $1,790 million to total automotive sales.",Automotive sales,82419.0,0,0,1.0,0,0.3232,83,16,0.582,ambiguous
"Adjusted EBITDA reached $14,650 million for the trailing twelve months.",Operating income,8891.0,0,0,0.0,0,0.2069,71,16,0.2692,ambiguous
Capital return program returned over $95 billion to shareholders via repurchases and dividends.,Payments for repurchase of common stock,9532.0,0,0,0.0,0,0.3731,95,39,0.4983,ambiguous
Cloud segment revenue grew 29% on a constant currency basis.,Google Cloud,33088.0,0,0,0.0,0,0.2778,60,12,0.3251,ambiguous
Operating margin was 34.5% driven by operational efficiencies.,Operating income,109433.0,0,0,0.0,0,0.3846,62,16,0.4066,ambiguous
"Commercial remaining performance obligation totaled $268 billion, of which 45% will be recognized within 12 months.",Short-term unearned revenue,193.0,0,0,0.0,0,0.2535,115,27,0.3886,ambiguous
AWS segment sales expanded to $90.8 billion for the full calendar period.,Net service sales,319250.0,0,0,1.0,0,0.2444,73,17,0.2796,ambiguous
Direct-to-consumer and retail net sales accounted for 40% of total revenue.,Net product sales,255890.0,0,0,0.5,0,0.2609,75,17,0.6083,ambiguous
"Non-GAAP net income was $32,150 million excluding stock-based compensation.",Net income,29760.0,0,0,1.0,0,0.2353,75,10,0.5688,ambiguous
Diluted earnings per share adjusted for restructuring costs was $6.25.,Diluted earnings per share,5.8,0,0,1.0,0,0.5417,70,26,0.7649,ambiguous
R&D investments represented 14.2% of total net sales during the year.,Research and development,8675.0,0,0,0.0,0,0.2581,69,24,0.0774,ambiguous
Free cash flow conversion rate reached 91% of consolidated net income.,Free cash flow,27021.0,0,0,0.5,0,0.3333,70,14,0.5373,ambiguous
"Cash and cash equivalents including restricted cash totaled $36,250 million.",Cash and cash equivalents,35934.0,1,1,1.0,0,0.495,76,25,0.5195,ambiguous
Revenues from generative AI hardware products exceeded $18.5 billion.,Compute & Networking,47405.0,0,0,0.0,0,0.1798,69,20,0.2115,ambiguous
Cost of sales decreased 3% excluding tariff and supply chain friction costs.,Total cost of sales,220960.0,0,0,1.0,0,0.3579,76,19,0.614,ambiguous
Unearned subscription revenue expected to be recognized in next 12 months totaled $48 billion.,Short-term unearned revenue,193.0,0,0,1.0,0,0.314,94,27,0.5549,ambiguous
Effective tax rate was 16.5% for the fiscal year.,Operating income,133050.0,0,0,0.0,0,0.2462,49,16,0.3207,ambiguous
Europe net sales expanded to approximately $95 billion during the fiscal year.,Total net sales,416161.0,0,0,1.0,0,0.3011,78,15,0.545,ambiguous
Americas net sales represented roughly 42% of consolidated revenue.,Total net sales,416161.0,0,0,0.5,0,0.2927,67,15,0.6723,ambiguous
"Restructuring and severance charges reduced operating profit by $2,100 million.",Operating expenses,62151.0,0,0,0.0,0,0.268,79,18,0.4185,ambiguous
Total liquidity headroom including undrawn credit facilities reached $52 billion.,Cash and cash equivalents,35934.0,0,0,0.0,0,0.283,81,25,0.1922,ambiguous
Capital expenditures for cloud infrastructure reached $32 billion on an accrual basis.,Capital expenditures,44477.0,0,0,1.0,0,0.3774,86,20,0.5331,ambiguous
"YouTube advertising revenue rose to $31,510 million.",Google Services,272504.0,0,0,0.0,0,0.2388,52,15,0.0878,ambiguous
"Google Network revenues totaled $31,311 million.",Google Services,272504.0,0,0,0.0,0,0.381,48,15,0.3597,ambiguous
Energy storage deployments increased 125% generating record margins.,Energy generation and storage,6035.0,0,0,0.0,0,0.5361,68,29,0.5049,ambiguous
Gross margin on energy products expanded to 24.5%.,Total gross profit,17660.0,0,0,0.0,0,0.2941,50,18,0.4751,ambiguous
Fulfillment center square footage grew 15% to support third-party merchant volumes.,Fulfillment,92540.0,0,0,0.0,0,0.234,83,11,0.4783,ambiguous
"AWS operating income was $24,631 million, representing 67% of total operating income.",Operating income,36852.0,0,0,1.0,0,0.2376,85,16,0.5367,ambiguous
Subscription services revenue grew 14% to $40.2 billion.,Net service sales,319250.0,0,0,0.0,0,0.3288,56,17,0.4148,ambiguous
Operating cash flow margin was 28.5% of total sales.,Cash flows from operating activities,118548.0,0,0,0.0,0,0.3636,52,36,0.4982,ambiguous
Data Center revenue surged 217% to $47.5 billion.,Compute & Networking,47405.0,0,0,0.0,0,0.2899,49,20,0.2234,ambiguous
Total debt maturities over the next 24 months total $21.5 billion.,Term debt,12350.0,0,0,1.0,0,0.1867,66,9,0.5704,ambiguous
Foreign currency fluctuations reduced revenue growth by approximately 2.5 percentage points.,Total revenues,307394.0,0,0,1.0,0,0.2075,92,14,0.3926,ambiguous
the following chart compares our network with those of our major competitors for calendar year 2007 : company payments volume volume transactions cards ( billions ) ( billions ) ( billions ) ( millions ) visa inc.,visa inc. ( 1 ),2457.0,0,0,0.0,0,0.1228,213,15,0.3297,ambiguous
the following chart compares our network with those of our major competitors for calendar year 2007 : company payments volume volume transactions cards ( billions ) ( billions ) ( billions ) ( millions ) visa inc.,mastercard,1697.0,0,0,0.0,0,0.0807,213,10,0.2823,no_match
the following chart compares our network with those of our major competitors for calendar year 2007 : company payments volume volume transactions cards ( billions ) ( billions ) ( billions ) ( millions ) visa inc.,american express,637.0,0,0,0.0,0,0.1223,213,16,0.2277,no_match
the following chart compares our network with those of our major competitors for calendar year 2007 : company payments volume volume transactions cards ( billions ) ( billions ) ( billions ) ( millions ) visa inc.,discover,102.0,0,0,0.0,0,0.0724,213,8,0.1859,no_match
the following chart compares our network with those of our major competitors for calendar year 2007 : company payments volume volume transactions cards ( billions ) ( billions ) ( billions ) ( millions ) visa inc.,jcb,55.0,0,0,0.0,0,0.0185,213,3,0.1251,no_match
the following chart compares our network with those of our major competitors for calendar year 2007 : company payments volume volume transactions cards ( billions ) ( billions ) ( billions ) ( millions ) visa inc.,diners club,29.0,0,0,0.0,0,0.0804,213,11,0.0568,no_match
$ 2457 $ 3822 50.3 1592 .,visa inc. ( 1 ),2457.0,1,1,0.0,0,0.25,25,15,0.1948,match
$ 2457 $ 3822 50.3 1592 .,mastercard,1697.0,0,0,0.0,0,0.0,25,10,0.2081,no_match
$ 2457 $ 3822 50.3 1592 .,american express,637.0,0,0,0.0,0,0.0488,25,16,0.2552,no_match
$ 2457 $ 3822 50.3 1592 .,discover,102.0,0,0,0.0,0,0.0,25,8,0.1728,no_match
$ 2457 $ 3822 50.3 1592 .,jcb,55.0,0,0,0.0,0,0.0,25,3,0.1077,no_match
$ 2457 $ 3822 50.3 1592 .,diners club,29.0,0,0,0.0,0,0.0556,25,11,0.0911,no_match
"source : the nilson report , issue 902 ( may 2008 ) and issue 903 ( may 2008 ) .",visa inc. ( 1 ),2457.0,0,0,0.0,0,0.2105,80,15,0.0692,no_match
"source : the nilson report , issue 902 ( may 2008 ) and issue 903 ( may 2008 ) .",mastercard,1697.0,0,0,0.0,0,0.1333,80,10,0.0256,no_match
"source : the nilson report , issue 902 ( may 2008 ) and issue 903 ( may 2008 ) .",american express,637.0,0,0,0.0,0,0.2083,80,16,-0.0099,no_match
"source : the nilson report , issue 902 ( may 2008 ) and issue 903 ( may 2008 ) .",discover,102.0,0,0,0.0,0,0.1364,80,8,0.0932,no_match
"source : the nilson report , issue 902 ( may 2008 ) and issue 903 ( may 2008 ) .",jcb,55.0,0,0,0.0,0,0.0241,80,3,0.0364,no_match
"source : the nilson report , issue 902 ( may 2008 ) and issue 903 ( may 2008 ) .",diners club,29.0,0,0,0.0,0,0.1538,80,11,-0.0143,no_match
"jcb figures are for april 2006 through march 2007 , but cards and outlets are as of september 2007 .",visa inc. ( 1 ),2457.0,0,0,0.0,0,0.1565,100,15,0.092,no_match
"jcb figures are for april 2006 through march 2007 , but cards and outlets are as of september 2007 .",mastercard,1697.0,0,0,0.0,0,0.1455,100,10,0.2077,no_match
"jcb figures are for april 2006 through march 2007 , but cards and outlets are as of september 2007 .",american express,637.0,0,0,0.0,0,0.1897,100,16,0.1387,no_match
"jcb figures are for april 2006 through march 2007 , but cards and outlets are as of september 2007 .",discover,102.0,0,0,0.0,0,0.1296,100,8,-0.0221,no_match
"jcb figures are for april 2006 through march 2007 , but cards and outlets are as of september 2007 .",jcb,55.0,0,0,0.0,0,0.0583,100,3,0.5178,no_match
"jcb figures are for april 2006 through march 2007 , but cards and outlets are as of september 2007 .",diners club,29.0,0,0,0.0,0,0.1441,100,11,0.0548,no_match
"in addition , we offer a range of value-added processing services to support our customers 2019 visa programs and to promote the growth and security of the visa payments network .",visa inc. ( 1 ),2457.0,0,0,0.0,0,0.1237,179,15,0.5344,ambiguous
"in addition , we offer a range of value-added processing services to support our customers 2019 visa programs and to promote the growth and security of the visa payments network .",mastercard,1697.0,0,0,0.0,0,0.0952,179,10,0.1873,no_match
"in addition , we offer a range of value-added processing services to support our customers 2019 visa programs and to promote the growth and security of the visa payments network .",american express,637.0,0,0,0.0,0,0.1538,179,16,0.1414,no_match
"in addition , we offer a range of value-added processing services to support our customers 2019 visa programs and to promote the growth and security of the visa payments network .",discover,102.0,0,0,0.0,0,0.0856,179,8,0.0819,no_match
"in addition , we offer a range of value-added processing services to support our customers 2019 visa programs and to promote the growth and security of the visa payments network .",jcb,55.0,0,0,0.0,0,0.011,179,3,0.0681,no_match
"in addition , we offer a range of value-added processing services to support our customers 2019 visa programs and to promote the growth and security of the visa payments network .",diners club,29.0,0,0,0.0,0,0.0842,179,11,0.0642,no_match
"clearing is the process of delivering final transaction data from an acquirer to an issuer for posting to the cardholder 2019s account , the calculation of certain fees and charges that apply to the issuer and acquirer involved in the transaction , and the conversion of transaction amounts to the .",visa inc. ( 1 ),2457.0,0,0,0.0,0,0.0764,299,15,0.2385,no_match
"clearing is the process of delivering final transaction data from an acquirer to an issuer for posting to the cardholder 2019s account , the calculation of certain fees and charges that apply to the issuer and acquirer involved in the transaction , and the conversion of transaction amounts to the .",mastercard,1697.0,0,0,0.0,0,0.0583,299,10,0.2679,no_match
"clearing is the process of delivering final transaction data from an acquirer to an issuer for posting to the cardholder 2019s account , the calculation of certain fees and charges that apply to the issuer and acquirer involved in the transaction , and the conversion of transaction amounts to the .",american express,637.0,0,0,0.0,0,0.0952,299,16,0.1786,no_match
"clearing is the process of delivering final transaction data from an acquirer to an issuer for posting to the cardholder 2019s account , the calculation of certain fees and charges that apply to the issuer and acquirer involved in the transaction , and the conversion of transaction amounts to the .",discover,102.0,0,0,0.0,0,0.0521,299,8,0.0233,no_match
"clearing is the process of delivering final transaction data from an acquirer to an issuer for posting to the cardholder 2019s account , the calculation of certain fees and charges that apply to the issuer and acquirer involved in the transaction , and the conversion of transaction amounts to the .",jcb,55.0,0,0,0.0,0,0.0066,299,3,0.0114,no_match
"clearing is the process of delivering final transaction data from an acquirer to an issuer for posting to the cardholder 2019s account , the calculation of certain fees and charges that apply to the issuer and acquirer involved in the transaction , and the conversion of transaction amounts to the .",diners club,29.0,0,0,0.0,0,0.0645,299,11,0.0813,no_match
"performance graph comparison of five-year cumulative total return the following graph and table compare the cumulative total return on citi 2019s common stock , which is listed on the nyse under the ticker symbol 201cc 201d and held by 65691 common stockholders of record as of january 31 , 2018 , with the cumulative total return of the s&p 500 index and the s&p financial index over the five-year period through december 31 , 2017 .",31-dec-2012,100.0,0,0,0.0,0,0.027,434,11,0.2302,no_match
"performance graph comparison of five-year cumulative total return the following graph and table compare the cumulative total return on citi 2019s common stock , which is listed on the nyse under the ticker symbol 201cc 201d and held by 65691 common stockholders of record as of january 31 , 2018 , with the cumulative total return of the s&p 500 index and the s&p financial index over the five-year period through december 31 , 2017 .",31-dec-2013,131.8,0,0,0.0,0,0.027,434,11,0.2297,no_match
"performance graph comparison of five-year cumulative total return the following graph and table compare the cumulative total return on citi 2019s common stock , which is listed on the nyse under the ticker symbol 201cc 201d and held by 65691 common stockholders of record as of january 31 , 2018 , with the cumulative total return of the s&p 500 index and the s&p financial index over the five-year period through december 31 , 2017 .",31-dec-2014,137.0,0,0,0.0,0,0.027,434,11,0.2236,no_match
"performance graph comparison of five-year cumulative total return the following graph and table compare the cumulative total return on citi 2019s common stock , which is listed on the nyse under the ticker symbol 201cc 201d and held by 65691 common stockholders of record as of january 31 , 2018 , with the cumulative total return of the s&p 500 index and the s&p financial index over the five-year period through december 31 , 2017 .",31-dec-2015,131.4,0,0,0.0,0,0.027,434,11,0.2266,no_match
"performance graph comparison of five-year cumulative total return the following graph and table compare the cumulative total return on citi 2019s common stock , which is listed on the nyse under the ticker symbol 201cc 201d and held by 65691 common stockholders of record as of january 31 , 2018 , with the cumulative total return of the s&p 500 index and the s&p financial index over the five-year period through december 31 , 2017 .",31-dec-2016,152.3,0,0,0.0,0,0.027,434,11,0.2413,no_match
"performance graph comparison of five-year cumulative total return the following graph and table compare the cumulative total return on citi 2019s common stock , which is listed on the nyse under the ticker symbol 201cc 201d and held by 65691 common stockholders of record as of january 31 , 2018 , with the cumulative total return of the s&p 500 index and the s&p financial index over the five-year period through december 31 , 2017 .",31-dec-2017,193.5,0,1,0.0,0,0.027,434,11,0.2512,no_match
"the graph and table assume that $ 100 was invested on december 31 , 2012 in citi 2019s common stock , the s&p 500 index and the s&p financial index , and that all dividends were reinvested .",31-dec-2012,100.0,1,1,0.0,0,0.0498,190,11,0.2517,match
"the graph and table assume that $ 100 was invested on december 31 , 2012 in citi 2019s common stock , the s&p 500 index and the s&p financial index , and that all dividends were reinvested .",31-dec-2013,131.8,0,0,0.0,0,0.0498,190,11,0.238,no_match
"the graph and table assume that $ 100 was invested on december 31 , 2012 in citi 2019s common stock , the s&p 500 index and the s&p financial index , and that all dividends were reinvested .",31-dec-2014,137.0,0,0,0.0,0,0.0498,190,11,0.2166,no_match
"the graph and table assume that $ 100 was invested on december 31 , 2012 in citi 2019s common stock , the s&p 500 index and the s&p financial index , and that all dividends were reinvested .",31-dec-2015,131.4,0,0,0.0,0,0.0498,190,11,0.2122,no_match
"the graph and table assume that $ 100 was invested on december 31 , 2012 in citi 2019s common stock , the s&p 500 index and the s&p financial index , and that all dividends were reinvested .",31-dec-2016,152.3,0,0,0.0,0,0.0498,190,11,0.2363,no_match
"the graph and table assume that $ 100 was invested on december 31 , 2012 in citi 2019s common stock , the s&p 500 index and the s&p financial index , and that all dividends were reinvested .",31-dec-2017,193.5,0,0,0.0,0,0.0498,190,11,0.2217,no_match
comparison of five-year cumulative total return for the years ended date citi s&p 500 financials .,31-dec-2012,100.0,0,0,0.0,0,0.0734,98,11,0.2481,no_match
comparison of five-year cumulative total return for the years ended date citi s&p 500 financials .,31-dec-2013,131.8,0,0,0.0,0,0.0734,98,11,0.2165,no_match
comparison of five-year cumulative total return for the years ended date citi s&p 500 financials .,31-dec-2014,137.0,0,0,0.0,0,0.0734,98,11,0.2086,no_match
comparison of five-year cumulative total return for the years ended date citi s&p 500 financials .,31-dec-2015,131.4,0,0,0.0,0,0.0734,98,11,0.216,no_match
comparison of five-year cumulative total return for the years ended date citi s&p 500 financials .,31-dec-2016,152.3,0,0,0.0,0,0.0734,98,11,0.1867,no_match
comparison of five-year cumulative total return for the years ended date citi s&p 500 financials .,31-dec-2017,193.5,0,0,0.0,0,0.0734,98,11,0.2057,no_match
"the acquisition date is on or after the beginning of the first annual reporting period beginning on or after december 15 , 2008 .",u.s . onshore,12.0,0,0,0.0,0,0.1268,129,13,0.0512,no_match
"the acquisition date is on or after the beginning of the first annual reporting period beginning on or after december 15 , 2008 .",u.s . offshore,8.0,0,0,0.0,0,0.1399,129,14,0.0873,no_match
"the acquisition date is on or after the beginning of the first annual reporting period beginning on or after december 15 , 2008 .",canada,23.0,0,0,0.0,0,0.0889,129,6,0.0959,no_match
"the acquisition date is on or after the beginning of the first annual reporting period beginning on or after december 15 , 2008 .",international,23.0,0,0,0.0,0,0.1549,129,13,0.0937,no_match
"the acquisition date is on or after the beginning of the first annual reporting period beginning on or after december 15 , 2008 .",total,66.0,0,0,0.0,0,0.0746,129,5,0.1282,no_match
141 ( r ) would impact any business combinations completed in 2009 or thereafter .,u.s . onshore,12.0,0,0,0.0,0,0.2105,82,13,0.1108,no_match
141 ( r ) would impact any business combinations completed in 2009 or thereafter .,u.s . offshore,8.0,0,0,0.0,0,0.1875,82,14,0.1377,no_match
141 ( r ) would impact any business combinations completed in 2009 or thereafter .,canada,23.0,0,0,0.0,0,0.1136,82,6,0.074,no_match
141 ( r ) would impact any business combinations completed in 2009 or thereafter .,international,23.0,0,0,0.0,0,0.2316,82,13,0.1288,no_match
141 ( r ) would impact any business combinations completed in 2009 or thereafter .,total,66.0,0,0,0.0,0,0.1149,82,5,0.2767,no_match
"in december 2007 , the fasb also issued statement of financial accounting standards no .",u.s . onshore,12.0,0,0,0.0,0,0.198,88,13,0.0356,no_match
"in december 2007 , the fasb also issued statement of financial accounting standards no .",u.s . offshore,8.0,0,0,0.0,0,0.1961,88,14,0.0833,no_match
"in december 2007 , the fasb also issued statement of financial accounting standards no .",canada,23.0,0,0,0.0,0,0.1277,88,6,0.0036,no_match
"in december 2007 , the fasb also issued statement of financial accounting standards no .",international,23.0,0,0,0.0,0,0.198,88,13,0.0537,no_match
"in december 2007 , the fasb also issued statement of financial accounting standards no .",total,66.0,0,0,0.0,0,0.086,88,5,0.0985,no_match
"160 , noncontrolling interests in consolidated financial statements 2014an amendment of accounting research bulletin no .",u.s . onshore,12.0,0,0,0.0,0,0.1493,121,13,0.0513,no_match
"160 , noncontrolling interests in consolidated financial statements 2014an amendment of accounting research bulletin no .",u.s . offshore,8.0,0,0,0.0,0,0.1481,121,14,0.1159,no_match
"160 , noncontrolling interests in consolidated financial statements 2014an amendment of accounting research bulletin no .",canada,23.0,0,0,0.0,0,0.0945,121,6,0.0227,no_match
"160 , noncontrolling interests in consolidated financial statements 2014an amendment of accounting research bulletin no .",international,23.0,0,0,0.0,0,0.1642,121,13,0.1407,no_match
"160 , noncontrolling interests in consolidated financial statements 2014an amendment of accounting research bulletin no .",total,66.0,0,0,0.0,0,0.0794,121,5,0.1593,no_match
160 establishes accounting and reporting standards for the noncontrolling interest in a subsidiary and for the deconsolidation of a subsidiary .,u.s . onshore,12.0,0,0,0.0,0,0.1529,144,13,0.1073,no_match
160 establishes accounting and reporting standards for the noncontrolling interest in a subsidiary and for the deconsolidation of a subsidiary .,u.s . offshore,8.0,0,0,0.0,0,0.1519,144,14,0.2452,no_match
160 establishes accounting and reporting standards for the noncontrolling interest in a subsidiary and for the deconsolidation of a subsidiary .,canada,23.0,0,0,0.0,0,0.08,144,6,0.0764,no_match
160 establishes accounting and reporting standards for the noncontrolling interest in a subsidiary and for the deconsolidation of a subsidiary .,international,23.0,0,0,0.0,0,0.1401,144,13,0.2343,no_match
160 establishes accounting and reporting standards for the noncontrolling interest in a subsidiary and for the deconsolidation of a subsidiary .,total,66.0,0,0,0.0,0,0.0671,144,5,0.0854,no_match
"160 , noncontrolling interests in a subsidiary must be reported as a component of consolidated equity separate from the parent 2019s equity .",u.s . onshore,12.0,0,0,0.0,0,0.1429,141,13,0.06,no_match
"160 , noncontrolling interests in a subsidiary must be reported as a component of consolidated equity separate from the parent 2019s equity .",u.s . offshore,8.0,0,0,0.0,0,0.1419,141,14,0.1695,no_match
"160 , noncontrolling interests in a subsidiary must be reported as a component of consolidated equity separate from the parent 2019s equity .",canada,23.0,0,0,0.0,0,0.0816,141,6,-0.0147,no_match
"160 , noncontrolling interests in a subsidiary must be reported as a component of consolidated equity separate from the parent 2019s equity .",international,23.0,0,0,0.0,0,0.1429,141,13,0.0993,no_match
"160 , noncontrolling interests in a subsidiary must be reported as a component of consolidated equity separate from the parent 2019s equity .",total,66.0,0,0,0.0,0,0.0548,141,5,0.1088,no_match
"160 is effective for fiscal years beginning on or after december 15 , 2008 and earlier adoption is prohibited .",u.s . onshore,12.0,0,0,0.0,0,0.1613,111,13,0.0688,no_match
"160 is effective for fiscal years beginning on or after december 15 , 2008 and earlier adoption is prohibited .",u.s . offshore,8.0,0,0,0.0,0,0.176,111,14,0.0625,no_match
"160 is effective for fiscal years beginning on or after december 15 , 2008 and earlier adoption is prohibited .",canada,23.0,0,0,0.0,0,0.0855,111,6,0.0529,no_match
"160 is effective for fiscal years beginning on or after december 15 , 2008 and earlier adoption is prohibited .",international,23.0,0,0,0.0,0,0.1935,111,13,0.0534,no_match
"160 is effective for fiscal years beginning on or after december 15 , 2008 and earlier adoption is prohibited .",total,66.0,0,0,0.0,0,0.0862,111,5,0.0417,no_match
160 to have a material impact on our financial statements and related disclosures .,u.s . onshore,12.0,0,0,0.0,0,0.2083,83,13,0.104,no_match
160 to have a material impact on our financial statements and related disclosures .,u.s . offshore,8.0,0,0,0.0,0,0.2062,83,14,0.1736,no_match
160 to have a material impact on our financial statements and related disclosures .,canada,23.0,0,0,0.0,0,0.1348,83,6,0.0884,no_match
160 to have a material impact on our financial statements and related disclosures .,international,23.0,0,0,0.0,0,0.1875,83,13,0.1543,no_match
160 to have a material impact on our financial statements and related disclosures .,total,66.0,0,0,0.0,0,0.0909,83,5,0.2005,no_match
"2008 estimates the forward-looking statements provided in this discussion are based on our examination of historical operating trends , the information that was used to prepare the december 31 , 2007 reserve reports and other data in our possession or available from third parties .",u.s . onshore,12.0,0,0,0.0,0,0.0814,282,13,0.1416,no_match
"2008 estimates the forward-looking statements provided in this discussion are based on our examination of historical operating trends , the information that was used to prepare the december 31 , 2007 reserve reports and other data in our possession or available from third parties .",u.s . offshore,8.0,0,0,0.0,0,0.0878,282,14,0.1983,no_match
"2008 estimates the forward-looking statements provided in this discussion are based on our examination of historical operating trends , the information that was used to prepare the december 31 , 2007 reserve reports and other data in our possession or available from third parties .",canada,23.0,0,0,0.0,0,0.0417,282,6,0.0605,no_match
"2008 estimates the forward-looking statements provided in this discussion are based on our examination of historical operating trends , the information that was used to prepare the december 31 , 2007 reserve reports and other data in our possession or available from third parties .",international,23.0,0,0,0.0,0,0.0814,282,13,0.075,no_match
"2008 estimates the forward-looking statements provided in this discussion are based on our examination of historical operating trends , the information that was used to prepare the december 31 , 2007 reserve reports and other data in our possession or available from third parties .",total,66.0,0,0,0.0,0,0.0348,282,5,0.0795,no_match
"these forward-looking statements were prepared assuming demand , curtailment , producibility and general market conditions for our oil , natural gas and ngls during 2008 will be substantially similar to those of 2007 , unless otherwise noted .",u.s . onshore,12.0,0,0,0.0,0,0.0938,243,13,0.1373,no_match
"these forward-looking statements were prepared assuming demand , curtailment , producibility and general market conditions for our oil , natural gas and ngls during 2008 will be substantially similar to those of 2007 , unless otherwise noted .",u.s . offshore,8.0,0,0,0.0,0,0.1012,243,14,0.1909,no_match
"these forward-looking statements were prepared assuming demand , curtailment , producibility and general market conditions for our oil , natural gas and ngls during 2008 will be substantially similar to those of 2007 , unless otherwise noted .",canada,23.0,0,0,0.0,0,0.0482,243,6,-0.0149,no_match
"these forward-looking statements were prepared assuming demand , curtailment , producibility and general market conditions for our oil , natural gas and ngls during 2008 will be substantially similar to those of 2007 , unless otherwise noted .",international,23.0,0,0,0.0,0,0.1016,243,13,0.0245,no_match
"these forward-looking statements were prepared assuming demand , curtailment , producibility and general market conditions for our oil , natural gas and ngls during 2008 will be substantially similar to those of 2007 , unless otherwise noted .",total,66.0,0,0,0.0,0,0.0403,243,5,0.0243,no_match
we make reference to the 201cdisclosure regarding forward-looking statements 201d at the beginning of this report .,u.s . onshore,12.0,0,0,0.0,0,0.1406,115,13,0.0868,no_match
we make reference to the 201cdisclosure regarding forward-looking statements 201d at the beginning of this report .,u.s . offshore,8.0,0,0,0.0,0,0.155,115,14,0.1393,no_match
we make reference to the 201cdisclosure regarding forward-looking statements 201d at the beginning of this report .,canada,23.0,0,0,0.0,0,0.0992,115,6,-0.0124,no_match
we make reference to the 201cdisclosure regarding forward-looking statements 201d at the beginning of this report .,international,23.0,0,0,0.0,0,0.1406,115,13,0.1156,no_match
we make reference to the 201cdisclosure regarding forward-looking statements 201d at the beginning of this report .,total,66.0,0,0,0.0,0,0.0667,115,5,0.0192,no_match
dollars using a projected average 2008 exchange rate of $ 0.98 u.s .,u.s . onshore,12.0,0,0,0.0,0,0.2963,68,13,0.0882,no_match
dollars using a projected average 2008 exchange rate of $ 0.98 u.s .,u.s . offshore,8.0,0,0,0.0,0,0.2927,68,14,0.1683,no_match
dollars using a projected average 2008 exchange rate of $ 0.98 u.s .,canada,23.0,0,0,0.0,0,0.1351,68,6,0.1082,no_match
dollars using a projected average 2008 exchange rate of $ 0.98 u.s .,international,23.0,0,0,0.0,0,0.1975,68,13,0.1539,no_match
dollars using a projected average 2008 exchange rate of $ 0.98 u.s .,total,66.0,0,0,0.0,0,0.0822,68,5,0.2566,no_match
dollar to $ 1.00 canadian dollar .,u.s . onshore,12.0,0,0,0.0,0,0.2553,34,13,0.1649,no_match
dollar to $ 1.00 canadian dollar .,u.s . offshore,8.0,0,0,0.0,0,0.25,34,14,0.1952,no_match
dollar to $ 1.00 canadian dollar .,canada,23.0,0,0,0.0,0,0.3,34,6,0.3501,no_match
dollar to $ 1.00 canadian dollar .,international,23.0,0,0,0.0,0,0.2553,34,13,0.1541,no_match
dollar to $ 1.00 canadian dollar .,total,66.0,0,0,0.0,0,0.1538,34,5,0.1825,no_match
"in january 2007 , we announced our intent to divest our west african oil and gas assets and terminate our operations in west africa , including equatorial guinea , cote d 2019ivoire , gabon and other countries in the region .",u.s . onshore,12.0,0,0,0.0,0,0.0924,225,13,0.2856,no_match
"management 2019s financial discussion and analysis 2010 compared to 2009 net revenue consists of operating revenues net of : 1 ) fuel , fuel-related expenses , and gas purchased for resale , 2 ) purchased power expenses , and 3 ) other regulatory charges ( credits ) .",2009 net revenue,536.7,0,0,1.0,0,0.1127,268,16,0.6753,ambiguous
"management's financial discussion and analysis gross operating revenues , fuel and purchased power expenses , and other regulatory credits gross operating revenues increased primarily due to : 2022 an increase of $ 98.0 million in fuel cost recovery revenues due to higher fuel rates ; and 2022 an increase due to volume/weather , as discussed above .",2002 net revenue,922.9,0,0,1.0,0,0.0872,351,16,0.4788,ambiguous
"net revenues include $ 3.8 billion in 2017 and $ 739 million in 2016 related to the sale of rrps , mainly driven by japan .",cost of sales,10432.0,0,0,0.0,0,0.1618,123,13,0.404,no_match
"/ 2008 annual report 83 credit risk capital credit risk capital is estimated separately for the wholesale business- es ( ib , cb , tss and am ) and consumer businesses ( rfs and cs ) .",total tier 1capital ( a ),136104.0,0,0,0.0,0,0.2201,184,25,0.2492,no_match
"note 17 financial derivatives we use derivative financial instruments ( derivatives ) primarily to help manage exposure to interest rate , market and credit risk and reduce the effects that changes in interest rates may have on net income , fair value of assets and liabilities , and cash flows .",derivatives designated as hedging instruments under gaap,36197.0,0,0,0.0,0,0.2614,296,56,0.5128,ambiguous
"members of cme , cbot , nymex and comex own or lease trading rights which entitle them to access open outcry trading , discounts on trading fees and the right to vote on certain exchange matters as provided for by the rules of the particular exchange and cme group 2019s or the subsidiaries 2019 organizational documents .",class a common stock authorized,1000000.0,0,0,0.0,0,0.136,322,31,0.34,no_match
"beginning in 2014 , other comprehensive income related to available for sale securities ( as well as pension and other post-retirement plans ) are included in pnc 2019s regulatory capital ( subject to a phase-in schedule ) and , therefore will affect pnc 2019s regulatory capital ratios .",commercial mortgages at fair value,586.0,0,0,0.0,0,0.1677,288,34,0.2188,no_match
"net sales of the retail segment grew to $ 1.185 billion during 2004 from $ 621 million and $ 283 million , in 2003 and 2002 , respectively .",net sales,8279.0,0,0,1.0,0,0.1208,140,9,0.606,ambiguous
"the company purchased $ 37.3 million , $ 29.4 million , and $ 14.5 million during the years ended december 31 , 2009 , 2008 and 2007 , respectively , under these purchase agreements .",thereafter,25048.0,0,0,0.0,0,0.0829,183,10,0.0464,no_match
"note 2 2013 restructuring charges 2013 actions during 2013 , we recorded charges related to certain severance actions totaling $ 201 million , net of state tax benefits , of which $ 83 million , $ 37 million , and $ 81 million related to our information systems & global solutions ( is&gs ) , mission systems and training ( mst ) , and space systems business segments .",weighted average common shares outstanding for basic computations,320.9,0,0,0.0,0,0.2212,369,65,0.1717,no_match
impairment the following table presents net unrealized losses on securities available for sale as of december 31: .,fair value,99832.0,0,0,0.0,0,0.144,115,10,0.1605,no_match
"supplementary information on oil and gas producing activities ( unaudited ) c o n t i n u e d summary of changes in standardized measure of discounted future net cash flows relating to proved oil and gas reserves ( in millions ) 2007 2006 2005 sales and transfers of oil and gas produced , net of production , transportation and administrative costs $ ( 4887 ) $ ( 5312 ) $ ( 3754 ) net changes in prices and production , transportation and administrative costs related to future production 12845 ( 1342 ) 6648 .",sales and transfers of oil and gas produced net of production transportation and administrative costs,-4887.0,0,0,1.0,0,0.3295,512,101,0.7354,ambiguous
"table of contents item 7 2013 management 2019s discussion and analysis of financial condition and results of operations liquidity and capital resources we recorded net earnings of $ 35.4 million or $ 1.18 per share in 2004 , compared with $ 52.2 million or $ 1.76 per share recorded in 2003 and $ 51.3 million or $ 1.86 per share in 2002 .",long-term debt,275.1,0,0,0.0,0,0.0567,339,14,0.1568,no_match
"in accordance with sop 03-3 , the difference between the total expected cash flows for these loans and the initial recorded investments is recognized in income over the life of the loans using a level yield .",beginning balance,27.0,0,0,0.0,0,0.1244,208,17,0.2383,no_match
"53management's discussion and analysis of financial condition and results of operations in order to borrow funds under the 5-year credit facility , the company must be in compliance with various conditions , covenants and representations contained in the agreements .",long-term debt obligations,4134.0,0,0,0.0,0,0.1365,267,26,0.5037,no_match
and subsidiaries notes to consolidated financial statements 2014 ( continued ) ( 7 ) commitments and contingencies the company applies the disclosure provisions of fin no .,total future minimum lease payments,4819.0,0,0,0.0,0,0.2126,172,35,0.1814,no_match
"backlog consists of : ( 1 ) orders for which written authorizations have been accepted and assigned shipment dates are within the next 12 months , or shipment has occurred but revenue has not been recognized ; and ( 2 ) contractual service revenue and maintenance fees to be earned within the next 12 months .",silicon systems group,1295.0,0,0,0.0,0,0.1091,309,21,0.045,no_match
72 s&p global 2018 annual report .,balance as of december 31 2017,39.0,0,0,0.0,0,0.4375,34,30,0.3804,no_match
a n d s u b s i d i a r i e s 2 0 0 3 f o r m 1 0 - k notes to consolidated financial statements ( continued ) the unaudited pro forma results for 2003 include events or changes in circumstances indicate that the carrying $ 90.4 million of expense related to centerpulse hip and knee value of an asset may not be recoverable .,finished goods,384.3,0,0,0.0,0,0.0706,326,14,0.1833,no_match
"american tower corporation and subsidiaries notes to consolidated financial statements 2014 ( continued ) at december 31 , 2005 , the company had net federal and state operating loss carryforwards available to reduce future taxable income of approximately $ 2.2 billion and $ 2.4 billion , respectively .",2006 to 2010,5248.0,0,0,0.0,0,0.0633,304,12,0.1007,no_match
"market street commitments by credit rating ( a ) december 31 , december 31 .",aaa/aaa,14.0,0,0,0.0,0,0.0723,76,7,0.102,no_match
"table of contents the estimated amortization expense at september 26 , 2015 for each of the five succeeding fiscal years was as follows: .",fiscal 2017,365.6,0,0,0.0,0,0.1342,138,11,0.4997,ambiguous
in september 2016 the ferc accepted the february 2016 compliance filing subject to a further compliance filing made in november 2016 .,entergy arkansas,2.0,0,0,0.0,0,0.1333,134,16,0.0763,no_match
approximately 13% ( 13 % ) of our full-time equivalent employees are dedicated to the construction of capital assets .,accounts payable,629.0,0,0,0.0,0,0.194,118,16,0.1673,no_match
"the aes corporation notes to consolidated financial statements 2014 ( continued ) december 31 , 2016 , 2015 , and 2014 the following is a reconciliation of the beginning and ending amounts of unrecognized tax benefits for the periods indicated ( in millions ) : .",balance at january 1,373.0,0,0,0.0,0,0.1131,263,20,0.2265,no_match
"before the purchase in november 2008 , the units will be reflected in diluted earnings per share calculations using the treasury stock method as defined by sfas no .",thereafter,2996337.0,0,0,0.0,0,0.1143,165,10,0.0731,no_match
"goodwill and other intangible assets ( continued ) goodwill at december 31 , accumulated impairment losses goodwill at december 31 , 2010 additions ( a ) discontinued operations ( b ) pre-tax impairment charge other ( c ) goodwill at december 31 , cabinets and related products .",cabinets and related products,587.0,0,0,0.0,0,0.1883,279,29,0.2117,ambiguous
"our clients 2019 concerns may be heightened by the fact we use the internet to transmit extremely confidential information about our clients and their employees , such as compensation , medical information and other personally identifiable information .",4 overlook point and other locations lincolnshire illinois,1279000.0,0,0,0.0,0,0.2958,253,58,0.0218,ambiguous
part ii item 5 2014market for registrant 2019s common equity and related stockholder matters market information .,second quarter,9.17,0,0,0.0,0,0.2047,113,14,0.1369,no_match
n o t e s t o t h e c o n s o l i d a t e d f i n a n c i a l s t a t e m e n t s 2013 ( continued ) ace limited and subsidiaries excluded from adjusted weighted-average shares outstanding and assumed conversions is the impact of securities that would have been anti-dilutive during the respective years .,statutory capital and surplus,11798.0,0,0,0.0,0,0.1377,305,29,0.3019,no_match
"these credit arrangements , which amounted to approximately $ 2.9 billion at december 31 , 2015 , and $ 3.2 billion at december 31 , 2014 , are for the sole use of our subsidiaries .",u.s . dollar notes,500.0,0,0,0.0,0,0.16,182,18,0.2554,no_match
"the following performance graph shows the cumulative total return to a holder of the company 2019s common stock , assuming dividend reinvestment , compared with the cumulative total return , assuming dividend reinvestment , of the standard & poor ( ""s&p"" ) 500 index and the dow jones us financials index during the period from december 31 , 2009 through december 31 , 2014.",e*trade financial corporation,100.0,0,0,0.0,0,0.1191,374,29,0.2524,ambiguous
a n d s u b s i d i a r i e s 2 0 0 3 f o r m 1 0 - k the following table sets forth the operating profit margin by cost of products sold .,americas,51.2,0,0,0.0,0,0.0952,139,8,0.025,no_match
"table of contents liquidity and capital resources the following table presents selected financial information and statistics as of and for the years ended september 27 , 2014 , september 28 , 2013 and september 29 , 2012 ( in millions ) : the company believes its existing balances of cash , cash equivalents and marketable securities will be sufficient to satisfy its working capital needs , capital asset purchases , outstanding commitments and other liquidity requirements associated with its existing operations over the next 12 months .",cash cash equivalents and marketable securities,155239.0,0,0,1.0,0,0.1599,541,47,0.4649,ambiguous
"2011 compared to 2010 mst 2019s net sales for 2011 decreased $ 311 million , or 4% ( 4 % ) , compared to 2010 .",net sales,8347.0,0,0,1.0,0,0.15,111,9,0.5075,ambiguous
"net sales for 2016 were positively affected by increased sales volume of plumbing products , paints and other coating products and builders' hardware .",operating profit as reported,1211.0,0,0,0.0,0,0.2458,151,28,0.3643,no_match
sysco corporation a0- a0form a010-k 3 part a0i item a01 a0business we estimate that our sales by type of customer during the past three fiscal years were as follows: .,restaurants,62.0,0,0,0.0,0,0.1124,167,11,0.1818,no_match
"market for registrant 2019s common equity , related stockholder matters and issuer purchases of equity securities the following table presents reported quarterly high and low per share sale prices of our common stock on the new york stock exchange ( 201cnyse 201d ) for the years 2010 and 2009.",quarter ended march 31,44.61,0,0,0.0,0,0.1266,294,22,0.0606,ambiguous
our debt issuances in 2014 were as follows : ( in millions ) type face value ( e ) interest rate issuance maturity euro notes ( a ) 20ac750 ( approximately $ 1029 ) 1.875% ( 1.875 % ) march 2014 march 2021 euro notes ( a ) 20ac1000 ( approximately $ 1372 ) 2.875% ( 2.875 % ) march 2014 march 2026 euro notes ( b ) 20ac500 ( approximately $ 697 ) 2.875% ( 2.875 % ) may 2014 may 2029 swiss franc notes ( c ) chf275 ( approximately $ 311 ) 0.750% ( 0.750 % ) may 2014 december 2019 swiss franc notes ( b ) chf250 ( approximately $ 283 ) 1.625% ( 1.625 % ) may 2014 may 2024 u.s .,euro notes,20.0,1,1,0.0,0,0.034,578,10,0.6194,match
entergy corporation and subsidiaries management's financial discussion and analysis the decrease in interest income in 2002 was primarily due to : fffd interest recognized in 2001 on grand gulf 1's decommissioning trust funds resulting from the final order addressing system energy's rate proceeding ; fffd interest recognized in 2001 at entergy mississippi and entergy new orleans on the deferred system energy costs that were not being recovered through rates ; and fffd lower interest earned on declining deferred fuel balances .,net mw in operation at december 31,3955.0,0,0,0.0,0,0.1131,532,34,0.1793,no_match
"reclassifications from other comprehensive earnings the movements in accumulated other comprehensive losses and the related tax impact , for each of the components above , that are due to current period activity and reclassifications to the income statement are shown on the consolidated statements of comprehensive earnings for the years ended december 31 , 2015 , 2014 , and 2013 .",currency translation adjustments,-6129.0,0,0,0.0,0,0.1349,383,32,0.146,no_match
integrating hpl 2019s yield management and test chip technologies into the company 2019s industry-leading dfm portfolio is also expected to enable customers to increase their productivity and improve profitability in the design and manufacture of advanced semiconductor devices .,cash paid,11001.0,0,0,0.0,0,0.0625,279,9,0.0312,no_match
"( a ) amounts represent the expected cash payments of our long-term debt and do not include $ 0.3 million for capital leases or $ 72.0 million for net unamortized debt issuance costs , premiums and discounts , and fair value adjustments .",long-term debt ( a ),13093.0,0,0,1.0,0,0.155,238,20,0.5475,ambiguous
"management 2019s discussion and analysis 78 jpmorgan chase & co./2018 form 10-k treasury and cio overview treasury and cio is predominantly responsible for measuring , monitoring , reporting and managing the firm 2019s liquidity , funding , capital , structural interest rate and foreign exchange risks .",investment securities gains/ ( losses ),-395.0,0,0,0.0,0,0.1866,304,39,0.1585,no_match
"for the years ended december 31 , 2008 and 2007 , we did not experience any actual trading losses in excess of our end-of-day var estimate .",foreign exchange products,1.8,0,0,0.0,0,0.1939,140,25,0.1189,no_match
"the aes corporation notes to consolidated financial statements december 31 , 2016 , 2015 , and 2014 the following table summarizes the company's redeemable stock of subsidiaries balances as of the periods indicated ( in millions ) : .",ipalco common stock,618.0,0,0,0.0,0,0.1344,234,19,0.2808,ambiguous
stockholder return performance graphs the following graph compares the cumulative 5-year total stockholder return on our common stock relative to the cumulative total return of the nasdaq composite index and the s&p 400 information technology index .,cadence design systems inc .,100.0,0,0,0.0,0,0.1583,250,28,0.1364,no_match
"item 2 : properties information concerning applied 2019s principal properties at october 26 , 2014 is set forth below : location type principal use square footage ownership santa clara , ca .",santa clara ca,1358000164000.0,0,0,0.0,0,0.1366,191,14,0.45,ambiguous
the defined benefit pension plans 2019 trust and $ 130 million to our retiree medical plans which will reduce our cash funding requirements for 2007 and 2008 .,years 2012 2013 2016,9530.0,0,0,0.0,0,0.1564,159,20,0.1747,no_match
"middleton's reported cigars shipment volume for 2012 decreased 0.7% ( 0.7 % ) due primarily to changes in trade inventories , partially offset by volume growth as a result of retail share gains .",copenhagen,392.5,0,0,0.0,0,0.078,195,10,0.0993,no_match
and subsidiaries management 2019s discussion and analysis sensitivity measures certain portfolios and individual positions are not included in var because var is not the most appropriate risk measure .,equity,2096.0,0,1,0.0,0,0.0483,201,6,0.1685,no_match
edwards lifesciences corporation notes to consolidated financial statements ( continued ) 7 .,property and equipment net,0.2,0,0,0.0,0,0.2353,93,26,0.252,no_match
"62 general mills amounts recorded in accumulated other comprehensive loss unrealized losses from interest rate cash flow hedges recorded in aoci as of may 27 , 2012 , totaled $ 73.6 million after tax .",u.s . commercial paper,412.0,0,0,0.0,0,0.1525,201,22,0.1042,no_match
"the fair value of the psu award at the date of grant is amortized to expense over the performance period , which is typically three years after the date of the award , or upon death , disability or reaching the age of 58 .",net earnings attributable to pmi,6035.0,0,0,0.0,0,0.1969,222,32,0.2359,no_match
"settlements , and the expiration of statutes of limi- tation , the company currently estimates that the amount of unrecognized tax benefits could be reduced by up to $ 365 million during the next twelve months , with no significant impact on earnings or cash tax payments .",lease obligations,136.0,0,0,0.0,0,0.1034,273,17,0.068,no_match
"and subsidiaries notes to consolidated financial statements in the tables above : 2030 the gross fair values exclude the effects of both counterparty netting and collateral netting , and therefore are not representative of the firm 2019s exposure .",interest rates net,-410.0,0,0,0.0,0,0.1353,248,18,0.2993,no_match
"notes to consolidated financial statements 2013 ( continued ) ( amounts in millions , except per share amounts ) cash flows for 2010 , we expect to contribute $ 25.2 and $ 9.2 to our foreign pension plans and domestic pension plans , respectively .",2015 2013 2019,48.5,0,0,0.0,0,0.0763,248,14,0.1477,ambiguous
and subsidiaries notes to consolidated financial statements 2014 ( continued ) note 14 .,reductions for tax positions for closing of the applicable statute of limitations,-168.0,0,0,0.0,0,0.3787,88,81,0.2835,no_match
earnings for the first quarter of 2007 are expected to be lower than in the fourth quarter of 2006 .,sales,2455.0,0,0,0.0,0,0.0571,100,5,0.1892,no_match
"market for registrant 2019s common equity , related stockholder matters and issuer purchases of equity securities our common stock is traded on the nasdaq global select market under the symbol cdns .",cadence design systems inc .,100.0,0,0,0.0,0,0.1938,199,28,0.1727,no_match
"market for the registrant 2019s common equity , related stockholder matters and issuer purchases of equity securities the following graph compares annual total return of our common stock , the standard & poor 2019s 500 composite stock index ( 201cs&p 500 index 201d ) and our peer group ( 201cloews peer group 201d ) for the five years ended december 31 , 2015 .",loews common stock,100.0,0,0,0.0,0,0.0895,362,18,0.4475,ambiguous
the company believes that the acquisition of solexa will produce the following significant benefits : 2022 increased market presence and opportunities .,revenue,366854.0,0,0,0.0,0,0.0755,152,7,0.2119,no_match
contingent consideration of up to $ 13.8 million .,money market funds,17187.0,0,0,0.0,0,0.2647,50,18,0.191,no_match
"in 2006 , our board of directors approved a projected $ 3.2 billion expansion of our garyville , louisiana refinery by 180 mbpd to 425 mbpd , which will increase our total refining capacity to 1.154 million barrels per day ( 2018 2018mmbpd 2019 2019 ) .",gasoline,804.0,0,0,0.0,0,0.0613,253,8,0.2357,no_match
american tower corporation and subsidiaries notes to consolidated financial statements ( 3 ) consists of customer-related intangibles of approximately $ 15.5 million and network location intangibles of approximately $ 19.8 million .,non-current assets,2258.0,0,0,0.0,0,0.128,232,18,0.1839,no_match
"average sales price realizations improved significantly in 2007 , principally reflecting higher average prices for softwood , hardwood and fluff pulp .",sales,5245.0,0,0,1.0,0,0.0641,151,5,0.4468,ambiguous
"sfas 123r is effective for us as of january 1 , 2006 .",consolidated cash flow for the twelve months ended december 31 2005,498266.0,0,0,0.0,0,0.3306,54,67,0.2152,no_match
approximately 26% ( 26 % ) of 2017 net sales were to international markets .,cabinets,2467.1,0,0,0.0,0,0.1429,76,8,0.0363,no_match
"management 2019s discussion and analysis of financial condition and results of operations indemnification provisions : in addition , the company may provide indemnifications for losses that result from the breach of general warranties contained in certain commercial , intellectual property and divestiture agreements .",segment net sales,7146.0,0,0,0.0,0,0.1012,319,17,0.2372,no_match
"the following is a discussion of the more significant assumptions , estimates , accounting policies and methods used in the preparation of our consolidated financial statements : 2022 revenue recognition - we recognize revenue when persuasive evidence of an arrangement exists , delivery of product has occurred , the sales price is fixed or determinable and collectability is reasonably assured .",u.s . pension plans,4.3,0,0,0.0,0,0.0865,397,19,0.1822,no_match
"reinsurance commissions , fees and other revenue increased 48% ( 48 % ) , due mainly to the benfield merger , partially offset by unfavorable foreign currency translation .",segment revenue,1267.0,0,0,1.0,0,0.139,172,15,0.2496,ambiguous
"the following graph compares the cumulative 5-year total return to shareholders of cadence design systems , inc .",cadence design systems inc .,100.0,0,0,0.0,0,0.3972,113,28,0.5544,ambiguous
"notes to consolidated financial statements 2014 ( continued ) for the years ended december 31 , 2007 and 2006 , five month period ended december 31 , 2005 , and year ended july 31 , 2005 ( amounts in thousands , except share and per share amounts ) aggregate future minimum annual rental payments for the next five years and thereafter under non-cancellable operating leases ( including facilities and equipment ) as of december 31 , 2007 are: .",thereafter,9934.0,0,0,0.0,0,0.044,445,10,0.0918,ambiguous
"at december 31 , 2012 , total future minimum commitments under existing non-cancelable operat- ing leases and purchase obligations were as follows: .",lease obligations,198.0,0,0,0.0,0,0.2048,149,17,0.5123,ambiguous
"market for registrant 2019s common equity , related stockholder matters and issuer purchases of equity securities .",first,30.69,0,0,0.0,0,0.0833,115,5,0.099,no_match
"no customer exceeded 5% ( 5 % ) of our outstanding accounts receivable balance at december 31 , 2009 or 2008 .",balance at beginning of year,65.7,0,0,0.0,0,0.3043,110,28,0.3655,ambiguous
"long-term borrowings the carrying value and fair value of long-term borrowings estimated using market prices at december 31 , 2013 included the following : ( in millions ) maturity amount unamortized discount carrying value fair value .",3.50% ( 3.50 % ) notes due 2014,1000.0,0,0,0.0,0,0.1498,236,31,0.1629,no_match
"stock price performance the following graph shows a comparison of the cumulative total return on our common stock , the standard & poor's 500 index and the standard & poor's 500 retail index .",advance auto parts,100.0,0,0,0.0,0,0.1524,192,18,0.0215,no_match
"notes to consolidated financial statements ( continued ) ( in thousands , except per share data ) acquisition and the adjustments did not have a material impact on the company 2019s financial position or results of operation .",in-process research and development,4900.0,0,0,0.0,0,0.2146,226,35,0.0979,no_match
"the future minimum lease commitments under these leases at december 31 , 2010 are as follows ( in thousands ) : years ending december 31: .",thereafter,79800.0,0,0,0.0,0,0.1074,139,10,0.1333,no_match
"table of contents notes to consolidated financial statements ( continued ) note 6 2014shareholders 2019 equity ( continued ) the following table summarizes activity in other comprehensive income related to derivatives , net of taxes , held by the company during the three fiscal years ended september 27 , 2008 ( in millions ) : the tax effect related to the changes in fair value of derivatives was $ ( 5 ) million , $ 1 million , and $ ( 8 ) million for 2008 , 2007 , and 2006 , respectively .",changes in fair value of derivatives,7.0,0,0,0.0,0,0.1356,495,36,0.4434,ambiguous
"for qualifying net investment hedges , the gains or losses on the hedging instruments , to the extent effective , are included in 201ccurrency translation 201d within the consolidated statements of comprehensive income .",currency hedges,150.0,0,0,0.0,0,0.1277,220,15,0.4293,ambiguous
"notes to consolidated financial statements 2014 ( continued ) in connection with these discover related purchases , we have sold the contractual rights to future commissions on discover transactions to certain of our isos .",goodwill,13536.0,0,0,0.0,0,0.0519,223,8,0.1148,no_match
"mandatorily redeemable securities of subsidiary trusts total mandatorily redeemable securities of subsidiary trusts ( trust preferred securities ) , which qualify as tier 1 capital , were $ 23.899 billion at december 31 , 2008 , as compared to $ 23.594 billion at december 31 , 2007 .",tier 1 capital,71.0,0,0,0.0,0,0.094,284,14,0.56,ambiguous
"issuer purchases of equity securities the following table provides information about our repurchases of common stock during the three-month period ended december 31 , 2006 .",october,447700.0,0,0,0.0,0,0.0778,173,7,0.3322,no_match
"upon the company's adoption of the accounting guidance for service concession arrangements effective january 1 , 2015 , capital expenditures related to service concession assets that would have been classified as investing activities on the consolidated statement of cash flows are now classified as operating activities .",net cash provided by operating activities,2134.0,0,0,0.0,0,0.2094,322,41,0.6486,ambiguous
"american tower corporation and subsidiaries notes to consolidated financial statements 2014 ( continued ) the term of the economic rights agreement is seventy years ; however , tv azteca has the right to purchase , at fair market value , the economic rights from the company at any time during the last fifty years of the agreement .",american tower credit facility,793000.0,0,0,0.0,0,0.1598,333,30,0.3927,ambiguous
"additionally , we incurred $ 3.8 million related to cash expenditures for property and equipment primarily on computer software projects and manufacturing equipment related to our expansion in ireland .",operating lease commitments,10690.0,0,0,0.0,0,0.2009,202,27,0.18,no_match
dish network corporation notes to consolidated financial statements - continued 9 .,current assets from discontinued operations,68239.0,0,0,0.0,0,0.381,83,43,0.3128,no_match
performance graph the graph below compares the cumulative total shareholder return on pmi's common stock with the cumulative total return for the same period of pmi's peer group and the s&p 500 index .,december 31 2013,100.0,0,0,0.0,0,0.0922,201,16,0.0871,no_match
"market for registrant 2019s common equity , related stockholder matters and issuer purchases of equity securities the following table presents reported quarterly high and low per share sale prices of our common stock on the new york stock exchange ( 201cnyse 201d ) for the years 2008 and 2007.",quarter ended march 31,42.72,0,0,0.0,0,0.1266,294,22,0.064,ambiguous
"investment advisory revenues earned on the other investment portfolios that we manage decreased $ 44 million , or 8.5% ( 8.5 % ) , to $ 477.8 million in 2009 .",other than temporary impairments recognized,-91.3,0,0,0.0,0,0.2574,159,43,0.068,ambiguous
"2022 capital plan 2013 in 2009 , we expect our total capital investments to be approximately $ 2.8 billion ( which may be revised if business conditions or new laws or regulations affect our ability to generate sufficient returns on these investments ) .",freight revenues,17118.0,0,0,0.0,0,0.1037,254,16,0.1154,no_match
"( a ) effective in 2016 , the company began to measure the service cost and interest cost components of pension expense by applying spot rates along the yield curve to the relevant projected cash flows , as we believe this provides a better measurement of these costs .",pension expense,68.1,0,0,0.0,0,0.1056,269,15,0.594,ambiguous
"properties as of december 28 , 2013 , our major facilities consisted of : ( square feet in millions ) united states countries total owned facilities1 29.9 16.7 46.6 leased facilities2 2.3 6.0 8.3 .",owned facilities1,29.9,1,1,0.0,0,0.1589,197,17,0.5733,match
income taxes on the earnings of foreign subsidiaries unless the subsidiaries 2019 earnings are considered permanently reinvested outside the united states or are exempted from taxation as a result of the new territorial tax system .,beginning balance,172945.0,0,0,0.0,0,0.1044,232,17,-0.0726,no_match
liquidity and capital resources we maintained a strong financial position throughout fiscal year 2019 .,operating activities,2969.9,0,0,0.0,0,0.2439,103,20,0.1512,no_match
"2016 outlook f0b7 safety 2013 operating a safe railroad benefits all our constituents : our employees , customers , shareholders and the communities we serve .",cash provided by operating activities,7344.0,0,0,0.0,0,0.2857,159,37,0.158,ambiguous
"management's financial discussion and analysis net revenue 2008 compared to 2007 net revenue consists of operating revenues net of : 1 ) fuel , fuel-related expenses , and gas purchased for resale , 2 ) purchased power expenses , and 3 ) other regulatory charges .",2007 net revenue,231.0,0,0,1.0,0,0.1143,264,16,0.7339,ambiguous
"We recorded a goodwill impairment charge of $1.9 million in the fourth quarter of 2019, reducing the goodwill balance to zero at that time. We also recorded a goodwill impairment charge of $14.7 million in the third quarter of 2018. Refer to Note 2 and Note 6 of the accompanying consolidated financial statements for additional information on these goodwill impairment charges.",Impairment of goodwill,1910.0,0,0,0.0,0,0.1,378,22,0.6933,ambiguous
"We recorded a goodwill impairment charge of $1.9 million in the fourth quarter of 2019, reducing the goodwill balance to zero at that time. We also recorded a goodwill impairment charge of $14.7 million in the third quarter of 2018. Refer to Note 2 and Note 6 of the accompanying consolidated financial statements for additional information on these goodwill impairment charges.","Percent of revenues, net",4.0,0,0,0.0,0,0.0995,378,24,0.2916,no_match
"In February 2018, the Company entered into interest rate swap agreements to hedge the cash flows of an additional $250 million of its Variable Rate Loans. The interest rate swap agreements on $1.1 billion of the Company's Variable Rate Loans had a maturity date of December 2021 and a fixed interest rate of 1.08%.","Total interest expense, net presented in the consolidated statements of income in which the effects of cash flow hedges are recorded",133.0,0,0,0.0,0,0.3946,314,132,0.4481,ambiguous
"In February 2018, the Company entered into interest rate swap agreements to hedge the cash flows of an additional $250 million of its Variable Rate Loans. The interest rate swap agreements on $1.1 billion of the Company's Variable Rate Loans had a maturity date of December 2021 and a fixed interest rate of 1.08%.",Amount recognized in other comprehensive (loss) income,55.0,0,0,0.0,0,0.1902,314,54,0.0895,no_match
"In February 2018, the Company entered into interest rate swap agreements to hedge the cash flows of an additional $250 million of its Variable Rate Loans. The interest rate swap agreements on $1.1 billion of the Company's Variable Rate Loans had a maturity date of December 2021 and a fixed interest rate of 1.08%.",Amount reclassified from accumulated other comprehensive loss into earnings during the next 12 months.,7.0,0,0,0.0,0,0.3029,314,102,0.2301,ambiguous
"The interest rate swap agreements on $300 million and $250 million of the Company's Variable Rate Loans both had a maturity date of August 2022 and fixed interest rates of 1.66% and 2.59%, respectively. The counterparties to these agreements are financial institutions.","Total interest expense, net presented in the consolidated statements of income in which the effects of cash flow hedges are recorded",133.0,0,0,0.0,0,0.394,269,132,0.2918,ambiguous
"The interest rate swap agreements on $300 million and $250 million of the Company's Variable Rate Loans both had a maturity date of August 2022 and fixed interest rates of 1.66% and 2.59%, respectively. The counterparties to these agreements are financial institutions.",Amount recognized in other comprehensive (loss) income,55.0,0,0,0.0,0,0.2229,269,54,0.1119,no_match
"The interest rate swap agreements on $300 million and $250 million of the Company's Variable Rate Loans both had a maturity date of August 2022 and fixed interest rates of 1.66% and 2.59%, respectively. The counterparties to these agreements are financial institutions.",Amount reclassified from accumulated other comprehensive loss into earnings during the next 12 months.,7.0,0,0,0.0,0,0.345,269,102,0.2164,no_match
"In September 2018, the Company terminated its existing interest rate swaps. The net derivative gain of $60 million related to the discontinued cash flow hedge remained within accumulated other comprehensive loss and is being reclassified into earnings over the remaining life of the original hedge as the hedged variable rate debt impacts earnings.","Total interest expense, net presented in the consolidated statements of income in which the effects of cash flow hedges are recorded",133.0,0,0,0.0,0,0.4167,348,132,0.5181,ambiguous
"In September 2018, the Company terminated its existing interest rate swaps. The net derivative gain of $60 million related to the discontinued cash flow hedge remained within accumulated other comprehensive loss and is being reclassified into earnings over the remaining life of the original hedge as the hedged variable rate debt impacts earnings.",Amount recognized in other comprehensive (loss) income,55.0,0,0,0.0,0,0.2139,348,54,0.3046,ambiguous
"In September 2018, the Company terminated its existing interest rate swaps. The net derivative gain of $60 million related to the discontinued cash flow hedge remained within accumulated other comprehensive loss and is being reclassified into earnings over the remaining life of the original hedge as the hedged variable rate debt impacts earnings.",Amount reclassified from accumulated other comprehensive loss into earnings during the next 12 months.,7.0,0,0,0.0,0,0.4089,348,102,0.4768,ambiguous
"Additionally, in September 2018, the Company entered into new interest rate swap agreements to hedge the cash flows of $1.5 billion of the Company's Variable Rate Loans. These interest rate swap agreements have a maturity date of August 2025 and a fixed interest rate of 3.00%.","Total interest expense, net presented in the consolidated statements of income in which the effects of cash flow hedges are recorded",133.0,0,0,0.0,0,0.4303,277,132,0.3957,ambiguous
"Additionally, in September 2018, the Company entered into new interest rate swap agreements to hedge the cash flows of $1.5 billion of the Company's Variable Rate Loans. These interest rate swap agreements have a maturity date of August 2025 and a fixed interest rate of 3.00%.",Amount recognized in other comprehensive (loss) income,55.0,0,0,0.0,0,0.2175,277,54,0.0588,no_match
"Additionally, in September 2018, the Company entered into new interest rate swap agreements to hedge the cash flows of $1.5 billion of the Company's Variable Rate Loans. These interest rate swap agreements have a maturity date of August 2025 and a fixed interest rate of 3.00%.",Amount reclassified from accumulated other comprehensive loss into earnings during the next 12 months.,7.0,0,0,0.0,0,0.3377,277,102,0.2274,ambiguous
The Company expects to reclassify gains of $1 million from accumulated other comprehensive loss into earnings during the next 12 months.,"Total interest expense, net presented in the consolidated statements of income in which the effects of cash flow hedges are recorded",133.0,0,0,0.0,0,0.4776,136,132,0.2802,no_match
The Company expects to reclassify gains of $1 million from accumulated other comprehensive loss into earnings during the next 12 months.,Amount recognized in other comprehensive (loss) income,55.0,0,0,0.0,0,0.4316,136,54,0.5181,ambiguous
The Company expects to reclassify gains of $1 million from accumulated other comprehensive loss into earnings during the next 12 months.,Amount reclassified from accumulated other comprehensive loss into earnings during the next 12 months.,7.0,0,0,0.0,0,0.7983,136,102,0.7919,ambiguous
Item 6.Selecte d Financial Data,"(in millions, except per share amounts)",2019.0,0,0,0.0,0,0.2857,31,39,0.2906,no_match
Item 6.Selecte d Financial Data,Total revenues,39506.0,0,0,0.0,0,0.2222,31,14,0.315,no_match
Item 6.Selecte d Financial Data,Operating income,13535.0,0,0,0.0,0,0.3404,31,16,0.3746,no_match
Item 6.Selecte d Financial Data,Net income (1),11083.0,0,0,0.0,0,0.3111,31,14,0.3988,no_match
Item 6.Selecte d Financial Data,Earnings per share—diluted (1),2.97,0,0,0.0,0,0.3279,31,30,0.2925,no_match
Item 6.Selecte d Financial Data,Diluted weighted average common shares outstanding,3732.0,0,0,0.0,0,0.3951,31,50,0.1359,no_match
Item 6.Selecte d Financial Data,Cash dividends declared per common share,0.81,0,0,0.0,0,0.2535,31,40,0.1831,no_match
Item 6.Selecte d Financial Data,Working capital (2),27756.0,0,0,0.0,0,0.28,31,19,0.2402,no_match
Item 6.Selecte d Financial Data,Total assets (2),108709.0,0,0,0.0,0,0.2553,31,16,0.3777,no_match
Item 6.Selecte d Financial Data,Notes payable and other borrowings (3),56167.0,0,0,0.0,0,0.3188,31,38,0.289,no_match
"The following table sets forth selected financial data as of and for our last five fiscal years. This selected financial data should be read in conjunction with the consolidated financial statements and related notes included in Item 15 of this Annual report. Over our last five fiscal years, we have acquired a number of companies, including NetSuite Inc. (NetSuite) in fiscal 2017. The results of our acquired companies have been included in our consolidated financial statements since their respective dates of acquisition and have contributed to our revenues, income, earnings per share and total assets.","(in millions, except per share amounts)",2019.0,1,1,0.0,0,0.1051,608,39,0.2713,match
"The following table sets forth selected financial data as of and for our last five fiscal years. This selected financial data should be read in conjunction with the consolidated financial statements and related notes included in Item 15 of this Annual report. Over our last five fiscal years, we have acquired a number of companies, including NetSuite Inc. (NetSuite) in fiscal 2017. The results of our acquired companies have been included in our consolidated financial statements since their respective dates of acquisition and have contributed to our revenues, income, earnings per share and total assets.",Total revenues,39506.0,0,0,0.3333,0,0.045,608,14,0.4034,ambiguous
"The following table sets forth selected financial data as of and for our last five fiscal years. This selected financial data should be read in conjunction with the consolidated financial statements and related notes included in Item 15 of this Annual report. Over our last five fiscal years, we have acquired a number of companies, including NetSuite Inc. (NetSuite) in fiscal 2017. The results of our acquired companies have been included in our consolidated financial statements since their respective dates of acquisition and have contributed to our revenues, income, earnings per share and total assets.",Operating income,13535.0,0,0,0.0,0,0.0513,608,16,0.3149,ambiguous
"The following table sets forth selected financial data as of and for our last five fiscal years. This selected financial data should be read in conjunction with the consolidated financial statements and related notes included in Item 15 of this Annual report. Over our last five fiscal years, we have acquired a number of companies, including NetSuite Inc. (NetSuite) in fiscal 2017. The results of our acquired companies have been included in our consolidated financial statements since their respective dates of acquisition and have contributed to our revenues, income, earnings per share and total assets.",Net income (1),11083.0,0,0,0.0,0,0.0418,608,14,0.3785,ambiguous
"The following table sets forth selected financial data as of and for our last five fiscal years. This selected financial data should be read in conjunction with the consolidated financial statements and related notes included in Item 15 of this Annual report. Over our last five fiscal years, we have acquired a number of companies, including NetSuite Inc. (NetSuite) in fiscal 2017. The results of our acquired companies have been included in our consolidated financial statements since their respective dates of acquisition and have contributed to our revenues, income, earnings per share and total assets.",Earnings per share—diluted (1),2.97,0,0,0.25,0,0.0784,608,30,0.2965,ambiguous
"The following table sets forth selected financial data as of and for our last five fiscal years. This selected financial data should be read in conjunction with the consolidated financial statements and related notes included in Item 15 of this Annual report. Over our last five fiscal years, we have acquired a number of companies, including NetSuite Inc. (NetSuite) in fiscal 2017. The results of our acquired companies have been included in our consolidated financial statements since their respective dates of acquisition and have contributed to our revenues, income, earnings per share and total assets.",Diluted weighted average common shares outstanding,3732.0,0,0,0.0,0,0.1307,608,50,0.1931,no_match
"The following table sets forth selected financial data as of and for our last five fiscal years. This selected financial data should be read in conjunction with the consolidated financial statements and related notes included in Item 15 of this Annual report. Over our last five fiscal years, we have acquired a number of companies, including NetSuite Inc. (NetSuite) in fiscal 2017. The results of our acquired companies have been included in our consolidated financial statements since their respective dates of acquisition and have contributed to our revenues, income, earnings per share and total assets.",Cash dividends declared per common share,0.81,0,0,0.0,0,0.1173,608,40,0.2247,ambiguous
"The following table sets forth selected financial data as of and for our last five fiscal years. This selected financial data should be read in conjunction with the consolidated financial statements and related notes included in Item 15 of this Annual report. Over our last five fiscal years, we have acquired a number of companies, including NetSuite Inc. (NetSuite) in fiscal 2017. The results of our acquired companies have been included in our consolidated financial statements since their respective dates of acquisition and have contributed to our revenues, income, earnings per share and total assets.",Working capital (2),27756.0,0,0,0.0,0,0.051,608,19,0.238,no_match
"The following table sets forth selected financial data as of and for our last five fiscal years. This selected financial data should be read in conjunction with the consolidated financial statements and related notes included in Item 15 of this Annual report. Over our last five fiscal years, we have acquired a number of companies, including NetSuite Inc. (NetSuite) in fiscal 2017. The results of our acquired companies have been included in our consolidated financial statements since their respective dates of acquisition and have contributed to our revenues, income, earnings per share and total assets.",Total assets (2),108709.0,0,0,0.3333,0,0.0481,608,16,0.335,ambiguous
"The following table sets forth selected financial data as of and for our last five fiscal years. This selected financial data should be read in conjunction with the consolidated financial statements and related notes included in Item 15 of this Annual report. Over our last five fiscal years, we have acquired a number of companies, including NetSuite Inc. (NetSuite) in fiscal 2017. The results of our acquired companies have been included in our consolidated financial statements since their respective dates of acquisition and have contributed to our revenues, income, earnings per share and total assets.",Notes payable and other borrowings (3),56167.0,0,0,0.0,0,0.1053,608,38,0.1822,ambiguous
(1) Our net income and diluted earnings per share were impacted in fiscal 2019 and 2018 by the effects of the U.S. Tax Cuts and Jobs Act of 2017 (the Tax Act). The more significant provisions of the Tax Act as applicable to us are described below under “Impacts of the U.S. Tax Cuts and Jobs Act of 2017”.,"(in millions, except per share amounts)",2019.0,1,1,0.0,0,0.1628,305,39,0.259,match
(1) Our net income and diluted earnings per share were impacted in fiscal 2019 and 2018 by the effects of the U.S. Tax Cuts and Jobs Act of 2017 (the Tax Act). The more significant provisions of the Tax Act as applicable to us are described below under “Impacts of the U.S. Tax Cuts and Jobs Act of 2017”.,Total revenues,39506.0,0,0,0.0,0,0.0878,305,14,0.3018,no_match
(1) Our net income and diluted earnings per share were impacted in fiscal 2019 and 2018 by the effects of the U.S. Tax Cuts and Jobs Act of 2017 (the Tax Act). The more significant provisions of the Tax Act as applicable to us are described below under “Impacts of the U.S. Tax Cuts and Jobs Act of 2017”.,Operating income,13535.0,0,0,0.0,0,0.0997,305,16,0.3863,ambiguous
(1) Our net income and diluted earnings per share were impacted in fiscal 2019 and 2018 by the effects of the U.S. Tax Cuts and Jobs Act of 2017 (the Tax Act). The more significant provisions of the Tax Act as applicable to us are described below under “Impacts of the U.S. Tax Cuts and Jobs Act of 2017”.,Net income (1),11083.0,0,0,0.3333,0,0.0815,305,14,0.3857,ambiguous
(1) Our net income and diluted earnings per share were impacted in fiscal 2019 and 2018 by the effects of the U.S. Tax Cuts and Jobs Act of 2017 (the Tax Act). The more significant provisions of the Tax Act as applicable to us are described below under “Impacts of the U.S. Tax Cuts and Jobs Act of 2017”.,Earnings per share—diluted (1),2.97,0,0,0.6667,0,0.1493,305,30,0.5139,ambiguous
(1) Our net income and diluted earnings per share were impacted in fiscal 2019 and 2018 by the effects of the U.S. Tax Cuts and Jobs Act of 2017 (the Tax Act). The more significant provisions of the Tax Act as applicable to us are described below under “Impacts of the U.S. Tax Cuts and Jobs Act of 2017”.,Diluted weighted average common shares outstanding,3732.0,0,0,0.3333,0,0.2028,305,50,0.3178,ambiguous
(1) Our net income and diluted earnings per share were impacted in fiscal 2019 and 2018 by the effects of the U.S. Tax Cuts and Jobs Act of 2017 (the Tax Act). The more significant provisions of the Tax Act as applicable to us are described below under “Impacts of the U.S. Tax Cuts and Jobs Act of 2017”.,Cash dividends declared per common share,0.81,0,0,0.0,0,0.1797,305,40,0.215,ambiguous
(1) Our net income and diluted earnings per share were impacted in fiscal 2019 and 2018 by the effects of the U.S. Tax Cuts and Jobs Act of 2017 (the Tax Act). The more significant provisions of the Tax Act as applicable to us are described below under “Impacts of the U.S. Tax Cuts and Jobs Act of 2017”.,Working capital (2),27756.0,0,0,0.0,0,0.0988,305,19,0.2548,no_match
(1) Our net income and diluted earnings per share were impacted in fiscal 2019 and 2018 by the effects of the U.S. Tax Cuts and Jobs Act of 2017 (the Tax Act). The more significant provisions of the Tax Act as applicable to us are described below under “Impacts of the U.S. Tax Cuts and Jobs Act of 2017”.,Total assets (2),108709.0,0,0,0.0,0,0.0997,305,16,0.1881,no_match
(1) Our net income and diluted earnings per share were impacted in fiscal 2019 and 2018 by the effects of the U.S. Tax Cuts and Jobs Act of 2017 (the Tax Act). The more significant provisions of the Tax Act as applicable to us are described below under “Impacts of the U.S. Tax Cuts and Jobs Act of 2017”.,Notes payable and other borrowings (3),56167.0,0,0,0.0,0,0.1691,305,38,0.1157,no_match
"(2) Working capital and total assets decreased in fiscal 2019 primarily due to $36.1 billion of cash used for repurchases of our common stock during fiscal 2019 and also due to dividend payments, partially offset by the favorable impacts to our net current assets resulting from our fiscal 2019 net income. Working capital and total assets sequentially increased in nearly all of the fiscal 2015 to 2018 periods presented primarily due to the favorable impacts to our net current assets resulting from our net income generated during the periods presented and the issuances of long-term senior notes of $10.0 billion in fiscal 2018, and $14.0 billion in fiscal 2017. These working capital and total assets increases were partially offset by cash used for acquisitions, repurchases of our common stock and dividend payments in the fiscal 2015 to 2018 periods presented. In addition, our total assets were also affected in all periods presented by the repayments of notes payable and other borrowings as discussed further below.","(in millions, except per share amounts)",2019.0,1,1,0.0,0,0.0676,1026,39,0.303,match
"(2) Working capital and total assets decreased in fiscal 2019 primarily due to $36.1 billion of cash used for repurchases of our common stock during fiscal 2019 and also due to dividend payments, partially offset by the favorable impacts to our net current assets resulting from our fiscal 2019 net income. Working capital and total assets sequentially increased in nearly all of the fiscal 2015 to 2018 periods presented primarily due to the favorable impacts to our net current assets resulting from our net income generated during the periods presented and the issuances of long-term senior notes of $10.0 billion in fiscal 2018, and $14.0 billion in fiscal 2017. These working capital and total assets increases were partially offset by cash used for acquisitions, repurchases of our common stock and dividend payments in the fiscal 2015 to 2018 periods presented. In addition, our total assets were also affected in all periods presented by the repayments of notes payable and other borrowings as discussed further below.",Total revenues,39506.0,0,0,0.0,0,0.0269,1026,14,0.3646,ambiguous
"(2) Working capital and total assets decreased in fiscal 2019 primarily due to $36.1 billion of cash used for repurchases of our common stock during fiscal 2019 and also due to dividend payments, partially offset by the favorable impacts to our net current assets resulting from our fiscal 2019 net income. Working capital and total assets sequentially increased in nearly all of the fiscal 2015 to 2018 periods presented primarily due to the favorable impacts to our net current assets resulting from our net income generated during the periods presented and the issuances of long-term senior notes of $10.0 billion in fiscal 2018, and $14.0 billion in fiscal 2017. These working capital and total assets increases were partially offset by cash used for acquisitions, repurchases of our common stock and dividend payments in the fiscal 2015 to 2018 periods presented. In addition, our total assets were also affected in all periods presented by the repayments of notes payable and other borrowings as discussed further below.",Operating income,13535.0,0,0,0.0,0,0.0269,1026,16,0.3534,ambiguous
"(2) Working capital and total assets decreased in fiscal 2019 primarily due to $36.1 billion of cash used for repurchases of our common stock during fiscal 2019 and also due to dividend payments, partially offset by the favorable impacts to our net current assets resulting from our fiscal 2019 net income. Working capital and total assets sequentially increased in nearly all of the fiscal 2015 to 2018 periods presented primarily due to the favorable impacts to our net current assets resulting from our net income generated during the periods presented and the issuances of long-term senior notes of $10.0 billion in fiscal 2018, and $14.0 billion in fiscal 2017. These working capital and total assets increases were partially offset by cash used for acquisitions, repurchases of our common stock and dividend payments in the fiscal 2015 to 2018 periods presented. In addition, our total assets were also affected in all periods presented by the repayments of notes payable and other borrowings as discussed further below.",Net income (1),11083.0,0,0,0.5,0,0.0231,1026,14,0.3116,ambiguous
"(2) Working capital and total assets decreased in fiscal 2019 primarily due to $36.1 billion of cash used for repurchases of our common stock during fiscal 2019 and also due to dividend payments, partially offset by the favorable impacts to our net current assets resulting from our fiscal 2019 net income. Working capital and total assets sequentially increased in nearly all of the fiscal 2015 to 2018 periods presented primarily due to the favorable impacts to our net current assets resulting from our net income generated during the periods presented and the issuances of long-term senior notes of $10.0 billion in fiscal 2018, and $14.0 billion in fiscal 2017. These working capital and total assets increases were partially offset by cash used for acquisitions, repurchases of our common stock and dividend payments in the fiscal 2015 to 2018 periods presented. In addition, our total assets were also affected in all periods presented by the repayments of notes payable and other borrowings as discussed further below.",Earnings per share—diluted (1),2.97,0,0,0.0,0,0.0511,1026,30,0.2834,no_match
"(2) Working capital and total assets decreased in fiscal 2019 primarily due to $36.1 billion of cash used for repurchases of our common stock during fiscal 2019 and also due to dividend payments, partially offset by the favorable impacts to our net current assets resulting from our fiscal 2019 net income. Working capital and total assets sequentially increased in nearly all of the fiscal 2015 to 2018 periods presented primarily due to the favorable impacts to our net current assets resulting from our net income generated during the periods presented and the issuances of long-term senior notes of $10.0 billion in fiscal 2018, and $14.0 billion in fiscal 2017. These working capital and total assets increases were partially offset by cash used for acquisitions, repurchases of our common stock and dividend payments in the fiscal 2015 to 2018 periods presented. In addition, our total assets were also affected in all periods presented by the repayments of notes payable and other borrowings as discussed further below.",Diluted weighted average common shares outstanding,3732.0,0,0,0.0,0,0.0855,1026,50,0.2879,ambiguous
"(2) Working capital and total assets decreased in fiscal 2019 primarily due to $36.1 billion of cash used for repurchases of our common stock during fiscal 2019 and also due to dividend payments, partially offset by the favorable impacts to our net current assets resulting from our fiscal 2019 net income. Working capital and total assets sequentially increased in nearly all of the fiscal 2015 to 2018 periods presented primarily due to the favorable impacts to our net current assets resulting from our net income generated during the periods presented and the issuances of long-term senior notes of $10.0 billion in fiscal 2018, and $14.0 billion in fiscal 2017. These working capital and total assets increases were partially offset by cash used for acquisitions, repurchases of our common stock and dividend payments in the fiscal 2015 to 2018 periods presented. In addition, our total assets were also affected in all periods presented by the repayments of notes payable and other borrowings as discussed further below.",Cash dividends declared per common share,0.81,0,0,0.0,0,0.0713,1026,40,0.3025,ambiguous
"(2) Working capital and total assets decreased in fiscal 2019 primarily due to $36.1 billion of cash used for repurchases of our common stock during fiscal 2019 and also due to dividend payments, partially offset by the favorable impacts to our net current assets resulting from our fiscal 2019 net income. Working capital and total assets sequentially increased in nearly all of the fiscal 2015 to 2018 periods presented primarily due to the favorable impacts to our net current assets resulting from our net income generated during the periods presented and the issuances of long-term senior notes of $10.0 billion in fiscal 2018, and $14.0 billion in fiscal 2017. These working capital and total assets increases were partially offset by cash used for acquisitions, repurchases of our common stock and dividend payments in the fiscal 2015 to 2018 periods presented. In addition, our total assets were also affected in all periods presented by the repayments of notes payable and other borrowings as discussed further below.",Working capital (2),27756.0,0,0,0.0,0,0.0364,1026,19,0.425,ambiguous
"(2) Working capital and total assets decreased in fiscal 2019 primarily due to $36.1 billion of cash used for repurchases of our common stock during fiscal 2019 and also due to dividend payments, partially offset by the favorable impacts to our net current assets resulting from our fiscal 2019 net income. Working capital and total assets sequentially increased in nearly all of the fiscal 2015 to 2018 periods presented primarily due to the favorable impacts to our net current assets resulting from our net income generated during the periods presented and the issuances of long-term senior notes of $10.0 billion in fiscal 2018, and $14.0 billion in fiscal 2017. These working capital and total assets increases were partially offset by cash used for acquisitions, repurchases of our common stock and dividend payments in the fiscal 2015 to 2018 periods presented. In addition, our total assets were also affected in all periods presented by the repayments of notes payable and other borrowings as discussed further below.",Total assets (2),108709.0,0,0,0.5,0,0.0307,1026,16,0.4478,ambiguous
"(2) Working capital and total assets decreased in fiscal 2019 primarily due to $36.1 billion of cash used for repurchases of our common stock during fiscal 2019 and also due to dividend payments, partially offset by the favorable impacts to our net current assets resulting from our fiscal 2019 net income. Working capital and total assets sequentially increased in nearly all of the fiscal 2015 to 2018 periods presented primarily due to the favorable impacts to our net current assets resulting from our net income generated during the periods presented and the issuances of long-term senior notes of $10.0 billion in fiscal 2018, and $14.0 billion in fiscal 2017. These working capital and total assets increases were partially offset by cash used for acquisitions, repurchases of our common stock and dividend payments in the fiscal 2015 to 2018 periods presented. In addition, our total assets were also affected in all periods presented by the repayments of notes payable and other borrowings as discussed further below.",Notes payable and other borrowings (3),56167.0,0,0,0.0,0,0.0677,1026,38,0.475,ambiguous
"(3) Our notes payable and other borrowings, which represented the summation of our notes payable and other borrowings, current, and notes payable and other borrowings, non-current, as reported per our consolidated balance sheets as of the dates listed in the table above, decreased during fiscal 2019 primarily due to repayments of certain short-term borrowings and senior notes. Notes payable and other borrowings increased between fiscal 2015 and 2018 primarily due to the fiscal 2018 issuance of long-term senior notes of $10.0 billion and short-term borrowings of $2.5 billion, the fiscal 2017 issuance of long-term senior notes of $14.0 billion and short-term borrowings of $3.8 billion, and the fiscal 2016 short-term borrowings of $3.8 billion. See Note 7 of Notes to Consolidated Financial Statements included elsewhere in this Annual report for additional information regarding our notes payable and other borrowings.","(in millions, except per share amounts)",2019.0,1,1,0.0,0,0.0684,926,39,0.2162,match
"(3) Our notes payable and other borrowings, which represented the summation of our notes payable and other borrowings, current, and notes payable and other borrowings, non-current, as reported per our consolidated balance sheets as of the dates listed in the table above, decreased during fiscal 2019 primarily due to repayments of certain short-term borrowings and senior notes. Notes payable and other borrowings increased between fiscal 2015 and 2018 primarily due to the fiscal 2018 issuance of long-term senior notes of $10.0 billion and short-term borrowings of $2.5 billion, the fiscal 2017 issuance of long-term senior notes of $14.0 billion and short-term borrowings of $3.8 billion, and the fiscal 2016 short-term borrowings of $3.8 billion. See Note 7 of Notes to Consolidated Financial Statements included elsewhere in this Annual report for additional information regarding our notes payable and other borrowings.",Total revenues,39506.0,0,0,0.0,0,0.0277,926,14,0.2545,no_match
"(3) Our notes payable and other borrowings, which represented the summation of our notes payable and other borrowings, current, and notes payable and other borrowings, non-current, as reported per our consolidated balance sheets as of the dates listed in the table above, decreased during fiscal 2019 primarily due to repayments of certain short-term borrowings and senior notes. Notes payable and other borrowings increased between fiscal 2015 and 2018 primarily due to the fiscal 2018 issuance of long-term senior notes of $10.0 billion and short-term borrowings of $2.5 billion, the fiscal 2017 issuance of long-term senior notes of $14.0 billion and short-term borrowings of $3.8 billion, and the fiscal 2016 short-term borrowings of $3.8 billion. See Note 7 of Notes to Consolidated Financial Statements included elsewhere in this Annual report for additional information regarding our notes payable and other borrowings.",Operating income,13535.0,0,0,0.0,0,0.0318,926,16,0.2165,no_match
"(3) Our notes payable and other borrowings, which represented the summation of our notes payable and other borrowings, current, and notes payable and other borrowings, non-current, as reported per our consolidated balance sheets as of the dates listed in the table above, decreased during fiscal 2019 primarily due to repayments of certain short-term borrowings and senior notes. Notes payable and other borrowings increased between fiscal 2015 and 2018 primarily due to the fiscal 2018 issuance of long-term senior notes of $10.0 billion and short-term borrowings of $2.5 billion, the fiscal 2017 issuance of long-term senior notes of $14.0 billion and short-term borrowings of $3.8 billion, and the fiscal 2016 short-term borrowings of $3.8 billion. See Note 7 of Notes to Consolidated Financial Statements included elsewhere in this Annual report for additional information regarding our notes payable and other borrowings.",Net income (1),11083.0,0,0,0.0,0,0.0277,926,14,0.1862,no_match
"(3) Our notes payable and other borrowings, which represented the summation of our notes payable and other borrowings, current, and notes payable and other borrowings, non-current, as reported per our consolidated balance sheets as of the dates listed in the table above, decreased during fiscal 2019 primarily due to repayments of certain short-term borrowings and senior notes. Notes payable and other borrowings increased between fiscal 2015 and 2018 primarily due to the fiscal 2018 issuance of long-term senior notes of $10.0 billion and short-term borrowings of $2.5 billion, the fiscal 2017 issuance of long-term senior notes of $14.0 billion and short-term borrowings of $3.8 billion, and the fiscal 2016 short-term borrowings of $3.8 billion. See Note 7 of Notes to Consolidated Financial Statements included elsewhere in this Annual report for additional information regarding our notes payable and other borrowings.",Earnings per share—diluted (1),2.97,0,1,0.0,0,0.0544,926,30,0.1528,match
"(3) Our notes payable and other borrowings, which represented the summation of our notes payable and other borrowings, current, and notes payable and other borrowings, non-current, as reported per our consolidated balance sheets as of the dates listed in the table above, decreased during fiscal 2019 primarily due to repayments of certain short-term borrowings and senior notes. Notes payable and other borrowings increased between fiscal 2015 and 2018 primarily due to the fiscal 2018 issuance of long-term senior notes of $10.0 billion and short-term borrowings of $2.5 billion, the fiscal 2017 issuance of long-term senior notes of $14.0 billion and short-term borrowings of $3.8 billion, and the fiscal 2016 short-term borrowings of $3.8 billion. See Note 7 of Notes to Consolidated Financial Statements included elsewhere in this Annual report for additional information regarding our notes payable and other borrowings.",Diluted weighted average common shares outstanding,3732.0,0,0,0.0,0,0.0881,926,50,0.1588,no_match
"(3) Our notes payable and other borrowings, which represented the summation of our notes payable and other borrowings, current, and notes payable and other borrowings, non-current, as reported per our consolidated balance sheets as of the dates listed in the table above, decreased during fiscal 2019 primarily due to repayments of certain short-term borrowings and senior notes. Notes payable and other borrowings increased between fiscal 2015 and 2018 primarily due to the fiscal 2018 issuance of long-term senior notes of $10.0 billion and short-term borrowings of $2.5 billion, the fiscal 2017 issuance of long-term senior notes of $14.0 billion and short-term borrowings of $3.8 billion, and the fiscal 2016 short-term borrowings of $3.8 billion. See Note 7 of Notes to Consolidated Financial Statements included elsewhere in this Annual report for additional information regarding our notes payable and other borrowings.",Cash dividends declared per common share,0.81,0,0,0.0,0,0.0725,926,40,0.1407,no_match
"(3) Our notes payable and other borrowings, which represented the summation of our notes payable and other borrowings, current, and notes payable and other borrowings, non-current, as reported per our consolidated balance sheets as of the dates listed in the table above, decreased during fiscal 2019 primarily due to repayments of certain short-term borrowings and senior notes. Notes payable and other borrowings increased between fiscal 2015 and 2018 primarily due to the fiscal 2018 issuance of long-term senior notes of $10.0 billion and short-term borrowings of $2.5 billion, the fiscal 2017 issuance of long-term senior notes of $14.0 billion and short-term borrowings of $3.8 billion, and the fiscal 2016 short-term borrowings of $3.8 billion. See Note 7 of Notes to Consolidated Financial Statements included elsewhere in this Annual report for additional information regarding our notes payable and other borrowings.",Working capital (2),27756.0,0,0,0.0,0,0.0339,926,19,0.1783,no_match
"(3) Our notes payable and other borrowings, which represented the summation of our notes payable and other borrowings, current, and notes payable and other borrowings, non-current, as reported per our consolidated balance sheets as of the dates listed in the table above, decreased during fiscal 2019 primarily due to repayments of certain short-term borrowings and senior notes. Notes payable and other borrowings increased between fiscal 2015 and 2018 primarily due to the fiscal 2018 issuance of long-term senior notes of $10.0 billion and short-term borrowings of $2.5 billion, the fiscal 2017 issuance of long-term senior notes of $14.0 billion and short-term borrowings of $3.8 billion, and the fiscal 2016 short-term borrowings of $3.8 billion. See Note 7 of Notes to Consolidated Financial Statements included elsewhere in this Annual report for additional information regarding our notes payable and other borrowings.",Total assets (2),108709.0,0,0,0.0,0,0.0297,926,16,0.2167,no_match
"(3) Our notes payable and other borrowings, which represented the summation of our notes payable and other borrowings, current, and notes payable and other borrowings, non-current, as reported per our consolidated balance sheets as of the dates listed in the table above, decreased during fiscal 2019 primarily due to repayments of certain short-term borrowings and senior notes. Notes payable and other borrowings increased between fiscal 2015 and 2018 primarily due to the fiscal 2018 issuance of long-term senior notes of $10.0 billion and short-term borrowings of $2.5 billion, the fiscal 2017 issuance of long-term senior notes of $14.0 billion and short-term borrowings of $3.8 billion, and the fiscal 2016 short-term borrowings of $3.8 billion. See Note 7 of Notes to Consolidated Financial Statements included elsewhere in this Annual report for additional information regarding our notes payable and other borrowings.",Notes payable and other borrowings (3),56167.0,0,0,0.0,0,0.0788,926,38,0.6762,ambiguous
"(4) The summary consolidated financial data for the fiscal years ended and as of May 31, 2018 and 2017 have been retrospectively restated to reflect the adoption of Accounting Standards Update (""ASU"") No. 2014-09, Revenue from Contracts with Customers: Topic 606 and subsequent  amendments to the initial guidance: ASU 2015-14, ASU 2016-08, ASU 2016-10, ASU 2016-12, ASU 2016-20, ASU 2017-10, ASU 2017-13 and ASU 2017-14 (collectively, Topic 606), and ASU 2017-07, Compensation—Retirement Benefits (Topic 715): Improving the presentation of Net Periodic Pension Costs and Net Periodic Postretirement Benefit Costs (ASU 2017-07). See Note 1 of Notes to Consolidated Financial Statements included elsewhere in this Annual report for a summary of adjustments related to Topic 606 and ASU 2017-07. The summary consolidated financial data for the fiscal years ended and as of May 31, 2016 and 2015 have not been updated to reflect the adoption of Topic 606 or ASU 2017-07.","(in millions, except per share amounts)",2019.0,1,1,0.0,0,0.0716,967,39,0.2512,match
"(4) The summary consolidated financial data for the fiscal years ended and as of May 31, 2018 and 2017 have been retrospectively restated to reflect the adoption of Accounting Standards Update (""ASU"") No. 2014-09, Revenue from Contracts with Customers: Topic 606 and subsequent  amendments to the initial guidance: ASU 2015-14, ASU 2016-08, ASU 2016-10, ASU 2016-12, ASU 2016-20, ASU 2017-10, ASU 2017-13 and ASU 2017-14 (collectively, Topic 606), and ASU 2017-07, Compensation—Retirement Benefits (Topic 715): Improving the presentation of Net Periodic Pension Costs and Net Periodic Postretirement Benefit Costs (ASU 2017-07). See Note 1 of Notes to Consolidated Financial Statements included elsewhere in this Annual report for a summary of adjustments related to Topic 606 and ASU 2017-07. The summary consolidated financial data for the fiscal years ended and as of May 31, 2016 and 2015 have not been updated to reflect the adoption of Topic 606 or ASU 2017-07.",Total revenues,39506.0,0,0,1.0,0,0.0286,967,14,0.3237,no_match
"(4) The summary consolidated financial data for the fiscal years ended and as of May 31, 2018 and 2017 have been retrospectively restated to reflect the adoption of Accounting Standards Update (""ASU"") No. 2014-09, Revenue from Contracts with Customers: Topic 606 and subsequent  amendments to the initial guidance: ASU 2015-14, ASU 2016-08, ASU 2016-10, ASU 2016-12, ASU 2016-20, ASU 2017-10, ASU 2017-13 and ASU 2017-14 (collectively, Topic 606), and ASU 2017-07, Compensation—Retirement Benefits (Topic 715): Improving the presentation of Net Periodic Pension Costs and Net Periodic Postretirement Benefit Costs (ASU 2017-07). See Note 1 of Notes to Consolidated Financial Statements included elsewhere in this Annual report for a summary of adjustments related to Topic 606 and ASU 2017-07. The summary consolidated financial data for the fiscal years ended and as of May 31, 2016 and 2015 have not been updated to reflect the adoption of Topic 606 or ASU 2017-07.",Operating income,13535.0,0,0,0.0,0,0.0305,967,16,0.3279,no_match
"(4) The summary consolidated financial data for the fiscal years ended and as of May 31, 2018 and 2017 have been retrospectively restated to reflect the adoption of Accounting Standards Update (""ASU"") No. 2014-09, Revenue from Contracts with Customers: Topic 606 and subsequent  amendments to the initial guidance: ASU 2015-14, ASU 2016-08, ASU 2016-10, ASU 2016-12, ASU 2016-20, ASU 2017-10, ASU 2017-13 and ASU 2017-14 (collectively, Topic 606), and ASU 2017-07, Compensation—Retirement Benefits (Topic 715): Improving the presentation of Net Periodic Pension Costs and Net Periodic Postretirement Benefit Costs (ASU 2017-07). See Note 1 of Notes to Consolidated Financial Statements included elsewhere in this Annual report for a summary of adjustments related to Topic 606 and ASU 2017-07. The summary consolidated financial data for the fiscal years ended and as of May 31, 2016 and 2015 have not been updated to reflect the adoption of Topic 606 or ASU 2017-07.",Net income (1),11083.0,0,0,0.0,0,0.0286,967,14,0.3097,no_match
"(4) The summary consolidated financial data for the fiscal years ended and as of May 31, 2018 and 2017 have been retrospectively restated to reflect the adoption of Accounting Standards Update (""ASU"") No. 2014-09, Revenue from Contracts with Customers: Topic 606 and subsequent  amendments to the initial guidance: ASU 2015-14, ASU 2016-08, ASU 2016-10, ASU 2016-12, ASU 2016-20, ASU 2017-10, ASU 2017-13 and ASU 2017-14 (collectively, Topic 606), and ASU 2017-07, Compensation—Retirement Benefits (Topic 715): Improving the presentation of Net Periodic Pension Costs and Net Periodic Postretirement Benefit Costs (ASU 2017-07). See Note 1 of Notes to Consolidated Financial Statements included elsewhere in this Annual report for a summary of adjustments related to Topic 606 and ASU 2017-07. The summary consolidated financial data for the fiscal years ended and as of May 31, 2016 and 2015 have not been updated to reflect the adoption of Topic 606 or ASU 2017-07.",Earnings per share—diluted (1),2.97,0,0,0.0,0,0.0562,967,30,0.3085,no_match
"(4) The summary consolidated financial data for the fiscal years ended and as of May 31, 2018 and 2017 have been retrospectively restated to reflect the adoption of Accounting Standards Update (""ASU"") No. 2014-09, Revenue from Contracts with Customers: Topic 606 and subsequent  amendments to the initial guidance: ASU 2015-14, ASU 2016-08, ASU 2016-10, ASU 2016-12, ASU 2016-20, ASU 2017-10, ASU 2017-13 and ASU 2017-14 (collectively, Topic 606), and ASU 2017-07, Compensation—Retirement Benefits (Topic 715): Improving the presentation of Net Periodic Pension Costs and Net Periodic Postretirement Benefit Costs (ASU 2017-07). See Note 1 of Notes to Consolidated Financial Statements included elsewhere in this Annual report for a summary of adjustments related to Topic 606 and ASU 2017-07. The summary consolidated financial data for the fiscal years ended and as of May 31, 2016 and 2015 have not been updated to reflect the adoption of Topic 606 or ASU 2017-07.",Diluted weighted average common shares outstanding,3732.0,0,0,0.0,0,0.0866,967,50,0.174,no_match
"(4) The summary consolidated financial data for the fiscal years ended and as of May 31, 2018 and 2017 have been retrospectively restated to reflect the adoption of Accounting Standards Update (""ASU"") No. 2014-09, Revenue from Contracts with Customers: Topic 606 and subsequent  amendments to the initial guidance: ASU 2015-14, ASU 2016-08, ASU 2016-10, ASU 2016-12, ASU 2016-20, ASU 2017-10, ASU 2017-13 and ASU 2017-14 (collectively, Topic 606), and ASU 2017-07, Compensation—Retirement Benefits (Topic 715): Improving the presentation of Net Periodic Pension Costs and Net Periodic Postretirement Benefit Costs (ASU 2017-07). See Note 1 of Notes to Consolidated Financial Statements included elsewhere in this Annual report for a summary of adjustments related to Topic 606 and ASU 2017-07. The summary consolidated financial data for the fiscal years ended and as of May 31, 2016 and 2015 have not been updated to reflect the adoption of Topic 606 or ASU 2017-07.",Cash dividends declared per common share,0.81,0,0,0.0,0,0.0775,967,40,0.1773,no_match
"(4) The summary consolidated financial data for the fiscal years ended and as of May 31, 2018 and 2017 have been retrospectively restated to reflect the adoption of Accounting Standards Update (""ASU"") No. 2014-09, Revenue from Contracts with Customers: Topic 606 and subsequent  amendments to the initial guidance: ASU 2015-14, ASU 2016-08, ASU 2016-10, ASU 2016-12, ASU 2016-20, ASU 2017-10, ASU 2017-13 and ASU 2017-14 (collectively, Topic 606), and ASU 2017-07, Compensation—Retirement Benefits (Topic 715): Improving the presentation of Net Periodic Pension Costs and Net Periodic Postretirement Benefit Costs (ASU 2017-07). See Note 1 of Notes to Consolidated Financial Statements included elsewhere in this Annual report for a summary of adjustments related to Topic 606 and ASU 2017-07. The summary consolidated financial data for the fiscal years ended and as of May 31, 2016 and 2015 have not been updated to reflect the adoption of Topic 606 or ASU 2017-07.",Working capital (2),27756.0,0,0,0.0,0,0.0345,967,19,0.2316,no_match
"(4) The summary consolidated financial data for the fiscal years ended and as of May 31, 2018 and 2017 have been retrospectively restated to reflect the adoption of Accounting Standards Update (""ASU"") No. 2014-09, Revenue from Contracts with Customers: Topic 606 and subsequent  amendments to the initial guidance: ASU 2015-14, ASU 2016-08, ASU 2016-10, ASU 2016-12, ASU 2016-20, ASU 2017-10, ASU 2017-13 and ASU 2017-14 (collectively, Topic 606), and ASU 2017-07, Compensation—Retirement Benefits (Topic 715): Improving the presentation of Net Periodic Pension Costs and Net Periodic Postretirement Benefit Costs (ASU 2017-07). See Note 1 of Notes to Consolidated Financial Statements included elsewhere in this Annual report for a summary of adjustments related to Topic 606 and ASU 2017-07. The summary consolidated financial data for the fiscal years ended and as of May 31, 2016 and 2015 have not been updated to reflect the adoption of Topic 606 or ASU 2017-07.",Total assets (2),108709.0,0,0,0.0,0,0.0326,967,16,0.3508,no_match
"(4) The summary consolidated financial data for the fiscal years ended and as of May 31, 2018 and 2017 have been retrospectively restated to reflect the adoption of Accounting Standards Update (""ASU"") No. 2014-09, Revenue from Contracts with Customers: Topic 606 and subsequent  amendments to the initial guidance: ASU 2015-14, ASU 2016-08, ASU 2016-10, ASU 2016-12, ASU 2016-20, ASU 2017-10, ASU 2017-13 and ASU 2017-14 (collectively, Topic 606), and ASU 2017-07, Compensation—Retirement Benefits (Topic 715): Improving the presentation of Net Periodic Pension Costs and Net Periodic Postretirement Benefit Costs (ASU 2017-07). See Note 1 of Notes to Consolidated Financial Statements included elsewhere in this Annual report for a summary of adjustments related to Topic 606 and ASU 2017-07. The summary consolidated financial data for the fiscal years ended and as of May 31, 2016 and 2015 have not been updated to reflect the adoption of Topic 606 or ASU 2017-07.",Notes payable and other borrowings (3),56167.0,0,0,0.0,0,0.0657,967,38,0.239,ambiguous
Note: 1 Primarily comprises foreign exchange differences reflected in the income statement in relation to sterling and US dollar balances.,Investment income,433.0,0,0,0.0,0,0.1677,138,17,0.3936,ambiguous
Note: 1 Primarily comprises foreign exchange differences reflected in the income statement in relation to sterling and US dollar balances.,Financing costs,2088.0,0,0,0.0,0,0.183,138,15,0.1888,no_match
Note: 1 Primarily comprises foreign exchange differences reflected in the income statement in relation to sterling and US dollar balances.,Net financing costs,1655.0,0,0,0.0,0,0.2038,138,19,0.1774,no_match
Note: 1 Primarily comprises foreign exchange differences reflected in the income statement in relation to sterling and US dollar balances.,Net financing costs before interest on settlement of tax issues,1043.0,0,0,0.0,0,0.398,138,63,0.1047,no_match
Note: 1 Primarily comprises foreign exchange differences reflected in the income statement in relation to sterling and US dollar balances.,Interest income arising on settlement of outstanding tax issues,1.0,1,1,0.0,0,0.3881,138,63,0.1554,match
Note: 1 Primarily comprises foreign exchange differences reflected in the income statement in relation to sterling and US dollar balances.,Mark to market (losses)/gains,423.0,0,0,0.0,0,0.2275,138,29,0.1759,no_match
Note: 1 Primarily comprises foreign exchange differences reflected in the income statement in relation to sterling and US dollar balances.,Foreign exchange (losses)/gains1,190.0,0,0,0.0,0,0.2588,138,32,0.4573,ambiguous
"Net financing costs increased by €1.3 billion, primarily driven by mark-to-market losses (including hedges of the mandatory convertible bond) and adverse foreign exchange rate movements. Net financing costs before interest on settlement of tax issues includes increased interest costs as part of the financing for the Liberty Global transaction as well as adverse interest rate movements on borrowings in foreign operations. Excluding these, underlying financing costs remained stable, reflecting consistent average net debt balances and weighted average borrowing costs for both periods.",Investment income,433.0,0,0,0.0,0,0.0496,588,17,0.2619,no_match
"Net financing costs increased by €1.3 billion, primarily driven by mark-to-market losses (including hedges of the mandatory convertible bond) and adverse foreign exchange rate movements. Net financing costs before interest on settlement of tax issues includes increased interest costs as part of the financing for the Liberty Global transaction as well as adverse interest rate movements on borrowings in foreign operations. Excluding these, underlying financing costs remained stable, reflecting consistent average net debt balances and weighted average borrowing costs for both periods.",Financing costs,2088.0,0,0,0.0,0,0.0464,588,15,0.624,ambiguous
"Net financing costs increased by €1.3 billion, primarily driven by mark-to-market losses (including hedges of the mandatory convertible bond) and adverse foreign exchange rate movements. Net financing costs before interest on settlement of tax issues includes increased interest costs as part of the financing for the Liberty Global transaction as well as adverse interest rate movements on borrowings in foreign operations. Excluding these, underlying financing costs remained stable, reflecting consistent average net debt balances and weighted average borrowing costs for both periods.",Net financing costs,1655.0,0,0,0.0,0,0.0626,588,19,0.7206,ambiguous
"Net financing costs increased by €1.3 billion, primarily driven by mark-to-market losses (including hedges of the mandatory convertible bond) and adverse foreign exchange rate movements. Net financing costs before interest on settlement of tax issues includes increased interest costs as part of the financing for the Liberty Global transaction as well as adverse interest rate movements on borrowings in foreign operations. Excluding these, underlying financing costs remained stable, reflecting consistent average net debt balances and weighted average borrowing costs for both periods.",Net financing costs before interest on settlement of tax issues,1043.0,0,0,0.0,0,0.1935,588,63,0.6363,ambiguous
"Net financing costs increased by €1.3 billion, primarily driven by mark-to-market losses (including hedges of the mandatory convertible bond) and adverse foreign exchange rate movements. Net financing costs before interest on settlement of tax issues includes increased interest costs as part of the financing for the Liberty Global transaction as well as adverse interest rate movements on borrowings in foreign operations. Excluding these, underlying financing costs remained stable, reflecting consistent average net debt balances and weighted average borrowing costs for both periods.",Interest income arising on settlement of outstanding tax issues,1.0,0,0,0.0,0,0.1782,588,63,0.2767,ambiguous
"Net financing costs increased by €1.3 billion, primarily driven by mark-to-market losses (including hedges of the mandatory convertible bond) and adverse foreign exchange rate movements. Net financing costs before interest on settlement of tax issues includes increased interest costs as part of the financing for the Liberty Global transaction as well as adverse interest rate movements on borrowings in foreign operations. Excluding these, underlying financing costs remained stable, reflecting consistent average net debt balances and weighted average borrowing costs for both periods.",Mark to market (losses)/gains,423.0,0,0,0.0,0,0.0843,588,29,0.2258,ambiguous
"Net financing costs increased by €1.3 billion, primarily driven by mark-to-market losses (including hedges of the mandatory convertible bond) and adverse foreign exchange rate movements. Net financing costs before interest on settlement of tax issues includes increased interest costs as part of the financing for the Liberty Global transaction as well as adverse interest rate movements on borrowings in foreign operations. Excluding these, underlying financing costs remained stable, reflecting consistent average net debt balances and weighted average borrowing costs for both periods.",Foreign exchange (losses)/gains1,190.0,0,0,0.0,0,0.0903,588,32,0.3571,ambiguous
"As a result of the U.S. federal corporate income tax rate change, effective as of January 1, 2018, we remeasured our deferred tax assets and liabilities based on the rates at which they are expected to reverse in the future periods. During fiscal 2018, we recorded $108 million of tax expense related to all tax rate changes. Upon finalization of our provisional estimates during the third quarter of fiscal 2019, we recorded tax expense of $6 million related to deferred tax assets for equity-based compensation awards to our executives.",Reserves and accruals,50.0,0,0,0.0,0,0.068,538,21,0.1641,no_match
"As a result of the U.S. federal corporate income tax rate change, effective as of January 1, 2018, we remeasured our deferred tax assets and liabilities based on the rates at which they are expected to reverse in the future periods. During fiscal 2018, we recorded $108 million of tax expense related to all tax rate changes. Upon finalization of our provisional estimates during the third quarter of fiscal 2019, we recorded tax expense of $6 million related to deferred tax assets for equity-based compensation awards to our executives.",Net operating loss and credit carryforwards,139.0,0,0,0.0,0,0.117,538,43,0.2742,no_match
"As a result of the U.S. federal corporate income tax rate change, effective as of January 1, 2018, we remeasured our deferred tax assets and liabilities based on the rates at which they are expected to reverse in the future periods. During fiscal 2018, we recorded $108 million of tax expense related to all tax rate changes. Upon finalization of our provisional estimates during the third quarter of fiscal 2019, we recorded tax expense of $6 million related to deferred tax assets for equity-based compensation awards to our executives.",Stock-based compensation,16.0,0,0,0.0,0,0.0783,538,24,0.3213,ambiguous
"As a result of the U.S. federal corporate income tax rate change, effective as of January 1, 2018, we remeasured our deferred tax assets and liabilities based on the rates at which they are expected to reverse in the future periods. During fiscal 2018, we recorded $108 million of tax expense related to all tax rate changes. Upon finalization of our provisional estimates during the third quarter of fiscal 2019, we recorded tax expense of $6 million related to deferred tax assets for equity-based compensation awards to our executives.",Deferred revenue,205.0,0,0,0.0,0,0.0578,538,16,0.4674,ambiguous
"As a result of the U.S. federal corporate income tax rate change, effective as of January 1, 2018, we remeasured our deferred tax assets and liabilities based on the rates at which they are expected to reverse in the future periods. During fiscal 2018, we recorded $108 million of tax expense related to all tax rate changes. Upon finalization of our provisional estimates during the third quarter of fiscal 2019, we recorded tax expense of $6 million related to deferred tax assets for equity-based compensation awards to our executives.",Other,16.0,0,0,0.0,0,0.0147,538,5,0.0826,no_match
"As a result of the U.S. federal corporate income tax rate change, effective as of January 1, 2018, we remeasured our deferred tax assets and liabilities based on the rates at which they are expected to reverse in the future periods. During fiscal 2018, we recorded $108 million of tax expense related to all tax rate changes. Upon finalization of our provisional estimates during the third quarter of fiscal 2019, we recorded tax expense of $6 million related to deferred tax assets for equity-based compensation awards to our executives.",Gross deferred tax assets,426.0,0,0,0.0,0,0.0853,538,25,0.6438,ambiguous
"As a result of the U.S. federal corporate income tax rate change, effective as of January 1, 2018, we remeasured our deferred tax assets and liabilities based on the rates at which they are expected to reverse in the future periods. During fiscal 2018, we recorded $108 million of tax expense related to all tax rate changes. Upon finalization of our provisional estimates during the third quarter of fiscal 2019, we recorded tax expense of $6 million related to deferred tax assets for equity-based compensation awards to our executives.",Valuation allowance,123.0,0,0,0.0,0,0.061,538,19,0.3483,no_match
"As a result of the U.S. federal corporate income tax rate change, effective as of January 1, 2018, we remeasured our deferred tax assets and liabilities based on the rates at which they are expected to reverse in the future periods. During fiscal 2018, we recorded $108 million of tax expense related to all tax rate changes. Upon finalization of our provisional estimates during the third quarter of fiscal 2019, we recorded tax expense of $6 million related to deferred tax assets for equity-based compensation awards to our executives.","Deferred tax assets, net of valuation allowance",303.0,0,0,0.0,0,0.1299,538,47,0.542,ambiguous
"As a result of the U.S. federal corporate income tax rate change, effective as of January 1, 2018, we remeasured our deferred tax assets and liabilities based on the rates at which they are expected to reverse in the future periods. During fiscal 2018, we recorded $108 million of tax expense related to all tax rate changes. Upon finalization of our provisional estimates during the third quarter of fiscal 2019, we recorded tax expense of $6 million related to deferred tax assets for equity-based compensation awards to our executives.",Prepaids and accruals,31.0,0,0,0.0,0,0.068,538,21,0.1681,no_match
"As a result of the U.S. federal corporate income tax rate change, effective as of January 1, 2018, we remeasured our deferred tax assets and liabilities based on the rates at which they are expected to reverse in the future periods. During fiscal 2018, we recorded $108 million of tax expense related to all tax rate changes. Upon finalization of our provisional estimates during the third quarter of fiscal 2019, we recorded tax expense of $6 million related to deferred tax assets for equity-based compensation awards to our executives.",Acquired intangibles,32.0,0,0,0.0,0,0.0645,538,20,0.2187,no_match
"As a result of the U.S. federal corporate income tax rate change, effective as of January 1, 2018, we remeasured our deferred tax assets and liabilities based on the rates at which they are expected to reverse in the future periods. During fiscal 2018, we recorded $108 million of tax expense related to all tax rate changes. Upon finalization of our provisional estimates during the third quarter of fiscal 2019, we recorded tax expense of $6 million related to deferred tax assets for equity-based compensation awards to our executives.",Property and equipment,31.0,0,0,0.0,0,0.0679,538,22,0.0518,no_match
"As a result of the U.S. federal corporate income tax rate change, effective as of January 1, 2018, we remeasured our deferred tax assets and liabilities based on the rates at which they are expected to reverse in the future periods. During fiscal 2018, we recorded $108 million of tax expense related to all tax rate changes. Upon finalization of our provisional estimates during the third quarter of fiscal 2019, we recorded tax expense of $6 million related to deferred tax assets for equity-based compensation awards to our executives.",Total deferred tax liabilities,104.0,0,1,0.0,0,0.0986,538,30,0.6202,ambiguous
"As a result of the U.S. federal corporate income tax rate change, effective as of January 1, 2018, we remeasured our deferred tax assets and liabilities based on the rates at which they are expected to reverse in the future periods. During fiscal 2018, we recorded $108 million of tax expense related to all tax rate changes. Upon finalization of our provisional estimates during the third quarter of fiscal 2019, we recorded tax expense of $6 million related to deferred tax assets for equity-based compensation awards to our executives.","Deferred tax assets, net of valuation allowance and deferred tax liabilities",199.0,0,0,0.0,0,0.2052,538,76,0.5766,ambiguous
"The TCJA imposes a mandatory, one-time transition tax on accumulated foreign earnings and profits not previously subject to U.S. income tax at a rate of 15.5% on earnings to the extent of foreign cash and other liquid assets, and 8% on the remaining earnings. In fiscal 2018, we recorded a $732 million discrete tax expense for the estimated U.S. federal and state income tax impacts of the transition tax. In the third quarter of fiscal 2019, we finalized our computation of the transition tax and recorded a reduction of $5 million to our provisional estimate.",Reserves and accruals,50.0,0,0,0.0,0,0.0652,562,21,0.1878,no_match
"The TCJA imposes a mandatory, one-time transition tax on accumulated foreign earnings and profits not previously subject to U.S. income tax at a rate of 15.5% on earnings to the extent of foreign cash and other liquid assets, and 8% on the remaining earnings. In fiscal 2018, we recorded a $732 million discrete tax expense for the estimated U.S. federal and state income tax impacts of the transition tax. In the third quarter of fiscal 2019, we finalized our computation of the transition tax and recorded a reduction of $5 million to our provisional estimate.",Net operating loss and credit carryforwards,139.0,0,0,0.0,0,0.119,562,43,0.2528,no_match
"The TCJA imposes a mandatory, one-time transition tax on accumulated foreign earnings and profits not previously subject to U.S. income tax at a rate of 15.5% on earnings to the extent of foreign cash and other liquid assets, and 8% on the remaining earnings. In fiscal 2018, we recorded a $732 million discrete tax expense for the estimated U.S. federal and state income tax impacts of the transition tax. In the third quarter of fiscal 2019, we finalized our computation of the transition tax and recorded a reduction of $5 million to our provisional estimate.",Stock-based compensation,16.0,0,1,0.0,0,0.0717,562,24,0.1485,no_match
"The TCJA imposes a mandatory, one-time transition tax on accumulated foreign earnings and profits not previously subject to U.S. income tax at a rate of 15.5% on earnings to the extent of foreign cash and other liquid assets, and 8% on the remaining earnings. In fiscal 2018, we recorded a $732 million discrete tax expense for the estimated U.S. federal and state income tax impacts of the transition tax. In the third quarter of fiscal 2019, we finalized our computation of the transition tax and recorded a reduction of $5 million to our provisional estimate.",Deferred revenue,205.0,0,0,0.0,0,0.0519,562,16,0.3326,no_match
"The TCJA imposes a mandatory, one-time transition tax on accumulated foreign earnings and profits not previously subject to U.S. income tax at a rate of 15.5% on earnings to the extent of foreign cash and other liquid assets, and 8% on the remaining earnings. In fiscal 2018, we recorded a $732 million discrete tax expense for the estimated U.S. federal and state income tax impacts of the transition tax. In the third quarter of fiscal 2019, we finalized our computation of the transition tax and recorded a reduction of $5 million to our provisional estimate.",Other,16.0,0,1,0.0,0,0.0141,562,5,0.1023,ambiguous
"The TCJA imposes a mandatory, one-time transition tax on accumulated foreign earnings and profits not previously subject to U.S. income tax at a rate of 15.5% on earnings to the extent of foreign cash and other liquid assets, and 8% on the remaining earnings. In fiscal 2018, we recorded a $732 million discrete tax expense for the estimated U.S. federal and state income tax impacts of the transition tax. In the third quarter of fiscal 2019, we finalized our computation of the transition tax and recorded a reduction of $5 million to our provisional estimate.",Gross deferred tax assets,426.0,0,0,0.0,0,0.0784,562,25,0.495,ambiguous
"The TCJA imposes a mandatory, one-time transition tax on accumulated foreign earnings and profits not previously subject to U.S. income tax at a rate of 15.5% on earnings to the extent of foreign cash and other liquid assets, and 8% on the remaining earnings. In fiscal 2018, we recorded a $732 million discrete tax expense for the estimated U.S. federal and state income tax impacts of the transition tax. In the third quarter of fiscal 2019, we finalized our computation of the transition tax and recorded a reduction of $5 million to our provisional estimate.",Valuation allowance,123.0,0,0,0.0,0,0.0585,562,19,0.3419,no_match
"The TCJA imposes a mandatory, one-time transition tax on accumulated foreign earnings and profits not previously subject to U.S. income tax at a rate of 15.5% on earnings to the extent of foreign cash and other liquid assets, and 8% on the remaining earnings. In fiscal 2018, we recorded a $732 million discrete tax expense for the estimated U.S. federal and state income tax impacts of the transition tax. In the third quarter of fiscal 2019, we finalized our computation of the transition tax and recorded a reduction of $5 million to our provisional estimate.","Deferred tax assets, net of valuation allowance",303.0,0,0,0.0,0,0.1248,562,47,0.4335,ambiguous
"The TCJA imposes a mandatory, one-time transition tax on accumulated foreign earnings and profits not previously subject to U.S. income tax at a rate of 15.5% on earnings to the extent of foreign cash and other liquid assets, and 8% on the remaining earnings. In fiscal 2018, we recorded a $732 million discrete tax expense for the estimated U.S. federal and state income tax impacts of the transition tax. In the third quarter of fiscal 2019, we finalized our computation of the transition tax and recorded a reduction of $5 million to our provisional estimate.",Prepaids and accruals,31.0,0,0,0.0,0,0.0652,562,21,0.1927,no_match
"The TCJA imposes a mandatory, one-time transition tax on accumulated foreign earnings and profits not previously subject to U.S. income tax at a rate of 15.5% on earnings to the extent of foreign cash and other liquid assets, and 8% on the remaining earnings. In fiscal 2018, we recorded a $732 million discrete tax expense for the estimated U.S. federal and state income tax impacts of the transition tax. In the third quarter of fiscal 2019, we finalized our computation of the transition tax and recorded a reduction of $5 million to our provisional estimate.",Acquired intangibles,32.0,0,0,0.0,0,0.0584,562,20,0.1696,no_match
"The TCJA imposes a mandatory, one-time transition tax on accumulated foreign earnings and profits not previously subject to U.S. income tax at a rate of 15.5% on earnings to the extent of foreign cash and other liquid assets, and 8% on the remaining earnings. In fiscal 2018, we recorded a $732 million discrete tax expense for the estimated U.S. federal and state income tax impacts of the transition tax. In the third quarter of fiscal 2019, we finalized our computation of the transition tax and recorded a reduction of $5 million to our provisional estimate.",Property and equipment,31.0,0,0,0.0,0,0.0651,562,22,0.0132,no_match
"The TCJA imposes a mandatory, one-time transition tax on accumulated foreign earnings and profits not previously subject to U.S. income tax at a rate of 15.5% on earnings to the extent of foreign cash and other liquid assets, and 8% on the remaining earnings. In fiscal 2018, we recorded a $732 million discrete tax expense for the estimated U.S. federal and state income tax impacts of the transition tax. In the third quarter of fiscal 2019, we finalized our computation of the transition tax and recorded a reduction of $5 million to our provisional estimate.",Total deferred tax liabilities,104.0,0,0,0.0,0,0.0912,562,30,0.4388,no_match
"(1) During 2019, Teekay Tankers' ship-to-ship transfer business provided operational and maintenance services to Teekay LNG Bahrain Operations L.L.C., an entity wholly-owned by Teekay LNG, for the LNG receiving and regasification terminal in Bahrain. Also during 2019, the Magellan Spirit LNG carrier was chartered by Teekay LNG to Teekay Parent for a short period of time. During 2018, Teekay Parent chartered in two LNG carriers from Teekay LNG until March and April 2018.",(in thousands of U.S. dollars),2019.0,1,1,0.0,0,0.0913,474,30,0.0703,match
"Year Ended March 31, 2019 compared to Year Ended March 31, 2018",Ceramic Components,226204.0,0,0,0.0,0,0.2469,63,18,0.0081,no_match
(1) Vessel Calendar Days is the total number of days the vessels were in our fleet.,"All figures in USD ‘000, except TCE rate per day",2019.0,0,0,0.0,0,0.3664,83,48,0.2102,no_match
"The carrying amount of financial assets, previously recognised as loans and receivables under IAS 39 now classified as amortised cost under IFRS 9, represents the maximum credit exposure. The maximum exposure to credit risk at 31 March 2019 was £59.1m (2018: £56.5m).",Ireland,0.4,0,0,0.0,0,0.0511,267,7,0.0151,no_match
"Executive Overview of Results – Fiscal Years Ended June 1, 2019, June 2, 2018, and June 3, 2017","Net income (loss) attributable to Cal-Maine Foods, Inc. - (in thousands)",54229.0,0,0,0.0,0,0.3114,95,72,0.1466,no_match
"At December 31, 2019, the Company had federal, state and foreign tax net operating loss carryforwards of approximately $269.3 million, $86.4 million and $11.7 million, respectively. The federal, state and foreign tax loss carryforwards will begin to expire in2 020, 2020 and 2026 respectively, unless previously utilized. At December 31, 2019, the Company had federal, state and foreign tax credit carryforwards of approximately $41.8 million, $86.3 million and $5.7 million, respectively. The federal and foreign tax credit carryforwards will begin to expire in 2023 and 2024 respectively, unless previously utilized. The state tax credit carryforwards do not expire. The Company also has foreign incentive deductions of approximately $24.5 million that do not expire.",Net operating loss carryforwards,65477.0,0,0,0.0,0,0.0774,769,32,0.4709,ambiguous
"ITEM 5 MARKET FOR REGISTRANT’S COMMON EQUITY, RELATED STOCKHOLDER MATTERS AND ISSUER PURCHASES OF EQUITY SECURITIES",First Quarter,5.99,0,0,0.0,0,0.0312,115,13,0.0712,no_match
"Aging analysis of gross values by risk category at December 31, 2019",Country risk: Low,1347.0,0,0,0.0,0,0.2588,68,17,0.2456,no_match
"The amount and expiration dates of income tax net operating loss carryforwards and tax credit carryforwards, which are available to reduce future taxes, if any, as of August 31, 2019 are as follows:",Domestic–state,2039.0,1,1,0.0,0,0.1038,198,14,0.0511,match
Net sales by segment and industry end market(1) were as follows:,Automotive,5686.0,0,0,0.0,0,0.1351,64,10,0.1915,no_match
"Income
from
continuing
operations
before
income
taxes
for
fiscal
years
2019
,
2018
and
2017
is
summarized
as
follows
(in
thousands):",Swiss,212986.0,0,0,0.0,0,0.0584,132,5,-0.0197,no_match
"3.3 Fair value estimation (continued)                                                       If one or more of the significant inputs are not based on observable market data, the instrument is included in level 3.",Opening balance – IAS 39,77131.0,0,0,0.0,0,0.1441,212,24,0.2478,no_match
"Other income (expense), net changed $9.9 million in the year ended March 31, 2018 compared to the year ended March 31, 2017, which was primarily attributable to a change of $10.4 million in foreign exchange expense which was primarily attributable to the re-measurement of short-term intercompany balances denominated in currencies other than the functional currency of our operating units. The increase in interest income is primarily due to interest on investments.",% Change,2018.0,1,1,0.0,0,0.0253,467,8,0.2246,match
(5) GOODWILL AND OTHER INTANGIBLE ASSETS,"Balances at December 31, 2017",4565.4,0,0,0.0,0,0.1449,40,29,0.2511,no_match
NOTE 10—GOODWILL AND PURCHASED INTANGIBLE ASSETS,"Net balances at September 30, 2017",50870.0,0,0,0.0,0,0.1951,48,34,0.2233,no_match
"We have certain obligations to make future payments under various contracts, some of which are recorded on our balance sheet

and some of which are not. Obligations that are recorded on our balance sheet in accordance with GAAP include our long-term

debt which is outlined in the following table. Our off-balance sheet arrangements are presented as operating leases and purchase

obligations in the table. Our contractual obligations and commitments as of June 30, 2019, relating to these agreements and our

guarantees are included in the following table based on their contractual maturity date.",Operating leases,98389.0,0,0,0.0,0,0.0525,598,16,0.3847,ambiguous
The tax credit/(charge) for the period differs from the standard rate of corporation tax in the United Kingdom of 19.0% (2017/18: 19.0%). The reasons for this are explained below:,(Loss)/profit before taxation,42.7,0,0,0.0,0,0.1923,179,29,0.2916,no_match
"Impact of inflation and product price changes on our revenue and on income was immaterial in 2019, 2018 and 2017.",Revenue,100.0,0,0,1.0,0,0.1,113,7,0.4361,ambiguous
22. Directors and key management compensation,Salaries and fees,4.0,0,0,0.0,0,0.3226,45,17,0.4385,no_match
"The distribution of earnings for 2018 was approved by the stockholders’ meeting held on June 12, 2019, while the distribution of earnings for 2019 was approved by the Board of Directors’ meeting on April 27, 2020. The details of distribution are as follows:",Legal reserve,707299.0,0,0,0.0,0,0.0815,257,13,0.1128,no_match
Expressed in US $000's except share and per share amounts,Indirect taxes receivable,36821.0,0,0,0.0,0,0.3171,57,25,0.248,no_match
"12. Life, Accident and Health Reserves",Beginning balance,738.7,0,0,0.0,0,0.2545,38,17,0.2666,no_match
"(1) In the first quarter of fiscal 2019, we invested 3.0 million Euro ($3.4 million) in 3D-Micromac AG, a private company in Germany. The investment is included in other assets and is being carried on a cost basis and will be adjusted for impairment if we determine that indicators of impairment exist at any point in time.",Assets related to deferred compensation arrangements (see Note 13),35842.0,0,0,0.0,0,0.2674,323,66,0.1937,ambiguous
"As of December 31, 2019, maturities of lease liabilities were as follows:",Thereafter,686.0,0,0,0.0,0,0.1687,73,10,0.102,no_match
"Net cash provided by operating activities increased $224 million for fiscal 2019 as compared to fiscal 2018. The increase was primarily due to more favorable timing of working capital changes including higher advance payments from customers, $59 million received for the Greek arbitration award and lower payments for integration and restructuring costs. These activities were partially offset by higher tax payments, the timing of interest payments and $60 million of proceeds received from the termination of interest rate swaps in the prior year.",Net cash provided by operating activities,992.0,0,0,0.0,0,0.139,549,41,0.5792,ambiguous
"In 2019, 2018 and 2017, we adopted the revised mortality tables and projection scales released by the Society of Actuaries, which decreased the projected benefit obligation of our benefit plans by $4 million, $38 million and $113 million, respectively. The change in the projected benefit obligation of our benefit plans was recognized as part of the net actuarial (gain) loss and is included in accumulated other comprehensive loss, a portion of which is subject to amortization over the remaining estimated life of plan participants, which was approximately 16 years as of December 31, 2019.",Benefit obligation at beginning of year,11594.0,0,0,0.0,0,0.1171,593,39,0.4391,ambiguous
Amounts owed to subsidiaries are classified and recorded at amortised cost (2018: classified as loans and receivables) and reduced by allowances for expected credit losses. Estimate future credit losses are first recorded on initial recognition of a receivable and are based on estimated probability of default. Individual balances are written off when management deems them not to be collectible. Derivative financial instruments are measured at fair value through profit and loss.,Amounts owed by subsidiaries1,242976.0,0,0,0.0,0,0.1096,482,29,0.5578,ambiguous
"Advertising Costs: Advertising costs amounted to $278,057, $365,859, and $378,217, for the years ended September 30, 2019, 2018, and 2017, respectively, and are charged to expense when incurred.",Net income,4566156.0,0,0,0.0,0,0.0784,194,10,0.1069,no_match
The weighted average market value per ordinary share for SIP awards released in 2019 was 386.1p (2018: 372.0p). The SIP shares outstanding at 31 March 2018 have fully vested (2018: had a weighted average remaining vesting period of 0.1 years). Shares released prior to the vesting date relate to those attributable to good leavers as defined by the scheme rules.,Outstanding at 1 April,690791.0,0,0,0.0,0,0.1042,362,22,0.2224,ambiguous
Note 18—Composition of Certain Financial Statement Captions,Transition costs and project assets(1),98.0,0,0,0.0,0,0.3918,59,38,0.2249,no_match
"As of December 31, 2019 and 2018, the Company had no accrued interest or penalties related to uncertain tax positions. Due to the Company’s historical loss position, all tax years from inception through December 31, 2019 remain open due to unutilized net operating losses.",Unrecognized tax benefit - beginning balance,8217.0,0,0,0.0,0,0.1962,272,44,0.3584,no_match
"Amounts presented above include share-based compensation expense of $0.8 million for fiscal year 2017, which is recorded as discontinued operations related to employees of our Compute business.",Cost of revenue,2936.0,0,0,0.0,0,0.1346,193,15,0.4052,no_match
"The Company recognized $2.3 million, $2.1 million and $1.9 million of stock-based compensation expense for the years ended March 31, 2019, 2018 and 2017, respectively, as follows:",Cost of revenues,234.0,0,0,0.0,0,0.1436,179,16,0.367,no_match
"In Endeavour Drinks, BWS and Dan Murphy’s key VOC metrics ended F19 at record highs, with improvements both in‐store and Online. Sales increased by 5.0% (3.2% normalised) to $8.7 billion with comparable sales increasing 2.3%. The market remained subdued throughout the year with declining volumes offset by price and mix improvements. Sales growth in H2 improved on H1 in both Dan Murphy’s and BWS, with Endeavour Drinks’ sales increasing by 4.8% (normalised) with comparable sales increasing 4.0%, compared to 0.7% growth in H1. The timing of New Year’s Day boosted sales in H2 by 84 bps and Q3, in particular, also benefitted from more stable weather compared to Q2. Dan Murphy’s focus on ‘discovery’ driven range, service and convenience is also beginning to resonate with customers.",$ MILLION,53.0,0,0,0.0,0,0.0101,786,9,0.1021,no_match
"Year ended December 31, 2017 compared to the year ended December 31, 2018",Net cash provided by operating activities,223630.0,0,0,0.0,0,0.2807,73,41,0.0201,no_match
"Interest income increased by $16.9 million in fiscal year 2019. The increase in our interest income is associated with the increase in invested funds, primarily as a result of proceeds of approximately $600 million related to the common stock and convertible note offering in March 2018 and, to a lesser extent, higher yields on those invested funds.",Interest income,30182.0,0,0,0.0,0,0.0822,350,15,0.6351,ambiguous
"Working Capital consists of current assets net of current liabilities. Working capital decreased $0.4 million to $12.3 million at December 31, 2019 compared with $12.7 million at December 31, 2018. The decrease was primarily a result of an increase of cash, accounts receivable, and inventory offset by an increase in accounts payable, accrued expenses and current operating lease liabilities.",Cash and cash equivalents,9472.0,0,0,0.0,0,0.11,393,25,0.2245,ambiguous
Fiscal Year 2019 Compared with Fiscal Year 2018,Revenue,125843.0,0,0,0.0,0,0.1111,47,7,0.2281,no_match
"Interest expense increased $621 million compared to 2018. Interest expense is presented in cost of financing in the Consolidated Income Statement only if the related external borrowings are to support the Global Financing external business. Overall interest expense (excluding capitalized interest) in 2019 was $1,952 million, an increase of $473 million year to year, driven by a higher average debt balance and higher interest rates as we issued debt to finance the Red Hat acquisition.",For the year ended December 31:,2019.0,1,1,0.0,0,0.1079,488,31,0.162,match
"Return on Invested Capital (""ROIC"") and Economic Return. We use a financial model that is aligned with our business strategy and includes a ROIC goal of 500 basis points over our weighted average cost of capital (""WACC""), which we refer to as ""Economic Return."" Our primary focus is on our Economic Return goal of 5.0%, which is designed to create shareholder value and generate sufficient cash to self-fund our targeted organic revenue growth rate of 12.0%. ROIC and Economic Return are non-GAAP financial measures.",Adjusted operating income (tax effected),120.7,0,0,0.0,0,0.1187,516,40,0.2236,no_match
"The Company’s top ten clients accounted for 42.2%, 44.2% and 46.9% of its consolidated revenues during the years ended December 31, 2019, 2018 and 2017, respectively.",United States,614493.0,0,0,0.0,0,0.1117,166,13,0.1151,no_match
"Spirent is committed to acting to combat climate change and reporting its progress. Our total Scope 1 and 2 emissions dropped by 6.14 per cent from 2018, and our emissions per $ million of revenue were down by 10.9 per cent. We have reduced our total emissions by 29 per cent since our 2014 baseline.",Combustion of fuel and operation of facilities (Scope 1),144.7,0,0,0.0,0,0.2247,300,56,0.1993,no_match
"The weighted-average expected long-term rate of return for the plan assets is 3.3%. The weighted-average expected longterm rate of return on plan assets is based on the interest rates guaranteed under the insurance contracts, and the expected rate of return appropriate for each category of assets weighted for the distribution within the diversified investment fund. The assumptions used for the plans are based upon customary rates and practices for the location of the plans. Factors such as asset class allocations, long-term rates of return (actual and expected), and results of periodic asset liability modeling studies are considered when constructing the long-term rate of return assumption for our defined benefit pension plans.",Discount rate,2.5,0,0,0.0,0,0.032,737,13,0.2682,ambiguous
"The analysis presented below is organized to provide the information we believe will facilitate an understanding of our historical performance and relevant trends going forward, and should be read in conjunction with our Consolidated Financial Statements, including the notes thereto, in Item 8 ""Financial Statements and Supplementary Data"" of this Annual Report on Form 10 - K.",Sales,788948.0,0,0,0.0,0,0.0261,378,5,0.2689,no_match
(1) Includes borrowings denominated in currencies other than US Dollars.,Term Loan A Facility due July 2022,474.6,0,0,0.0,0,0.283,72,34,0.2761,no_match
"In 2019, FCC licenses increased $15.6 million, $18.2 million of which was through acquisitions, offset by $2.3 million of impairments and $0.3 million loss on the sale of licenses. Our Broadcasting segment recorded the impairment as a result of its decision to forfeit FCC licenses in certain lower-ranked markets, and does not expect any significant changes to future cash flows as a result of these forfeitures. The Company reports intangible impairment charges within the Asset impairment expense line of our Consolidated Statements of Operations.",FCC licenses,136.2,0,0,0.0,0,0.0427,550,12,0.4992,ambiguous
"As part of our ongoing operations, we enter into arrangements that obligate us to make future payments under contracts such as lease agreements, debt agreements, and unconditional purchase obligations (i.e., obligations to transfer funds in the future for fixed or minimum quantities of goods or services at fixed or minimum prices, such as ""take-or-pay"" contracts). The unconditional purchase obligation arrangements are entered into in our normal course of business in order to ensure adequate levels of sourced product are available. Of these items, debt, notes payable, and capital lease obligations, which totaled $10.72 billion as of May 26, 2019, were recognized as liabilities in our Consolidated Balance Sheets. Operating lease obligations and unconditional purchase obligations, which totaled $1.75 billion as of May 26, 2019, were not recognized as liabilities in our Consolidated Balance Sheets, in accordance with U.S. GAAP.",Contractual Obligations,1.0,0,0,0.0,0,0.0458,937,23,0.4957,ambiguous
"The following table presents sales information by geographic area for the years ended December 31, 2019, 2018 and 2017:",United States,300853.0,0,0,0.0,0,0.1061,119,13,0.2295,no_match
"In 2017, the Board agreed to grant a total of 866.6 RSUs to other management. The RSUs to other management were subject to a three-year vesting period, with one third of the grant amount vesting at each anniversary date beginning on 1 January, 2018. The exercise price of each vested RSU is following certain adjustments for dividends at DKK 93.6 and an exercise period of six months.",Outstanding as of 1 January,2719.1,0,0,0.0,0,0.1265,384,27,0.2662,ambiguous
6 Segment Information continued,USA,222.2,0,0,0.0,0,0.0588,31,3,0.0471,no_match
8. Stock option and award plan: (Continued),"Non-vested at December 31, 2018",1187586.0,0,0,0.0,0,0.2432,43,31,0.4178,no_match
17 Impairment of Goodwill and Intangibles,Americas,273.6,0,0,0.0,0,0.1633,41,8,0.0715,no_match
"Selling, general and administrative expense increased $9.6 million to $24.4 million for the year ended December 31, 2019 compared to $14.8 million for the year ended December 31, 2018. Selling, general and administrative expense increased primarily due to $4.4 million of expenses associated with the legacy business of MOI and $2.0 million of expenses associated with the legacy business of GP , in addition to $1.0 million in transaction costs associated with the acquisition of GP, a $0.9 million increase in share-based compensation as a result of new awards, and a $1.1 million increase in expenses related to sales and marketing as a result of increased revenue.","Selling, general and administrative expense",24371349.0,0,0,0.0,0,0.121,668,43,0.6078,ambiguous
"The following is a summary of RSUs award activity for the years ended December 31, 2019 and 2018:",Non-vested at beginning of year,315292.0,0,0,0.0,0,0.3125,97,31,0.2732,ambiguous
1 Adjustment of previous year according to explanation in notes.,Earnings before interest and taxes EBIT,713.0,0,0,0.0,0,0.4078,64,39,0.229,no_match
Operating income in the Transportation Solutions segment decreased $352 million in fiscal 2019 as compared to fiscal 2018. The Transportation Solutions segment’s operating income included the following:,Acquisition and integration costs,17.0,0,0,0.0,0,0.2128,202,33,0.1221,no_match
"In 2019, gross margin decreased by 130 basis points to 38.7% from 40.0% in the full year 2018 mainly due to normal price pressure and increased unsaturation charges, partially offset by improved manufacturing efficiencies, better product mix, and favorable currency effects, net of hedging. Unused capacity charges in 2019 were $65 million, impacting full year gross margin by 70 basis points.",Cost of sales,5860.0,0,0,0.0,0,0.0591,393,13,0.2684,no_match
"7. Property, Plant, and Equipment, Net",Land and improvements,152.0,0,0,0.0,0,0.3051,38,21,0.4542,no_match
NOTE 18 — Income Taxes,Non-current deferred tax assets,19795.0,0,0,0.0,0,0.3019,22,31,0.406,no_match
(1) Includes deferred initial direct costs which are eliminated in IBM’s consolidated results.,At December 31:,2019.0,0,0,0.0,0,0.1835,94,15,0.0386,no_match
"The following table provides aggregate information regarding our contractual obligations as of March 31, 2019.",Operating leases (1),19437.0,0,0,0.0,0,0.2308,110,20,0.3289,no_match
Item 6. Selected Financial Data,"(In Millions, Except Percentages and Per Share Amounts)",27.0,0,0,0.0,0,0.3256,31,55,0.3327,no_match
The Group has assumed that mortality will be in line with nationally published mortality table S2NA with CMI 2018 projections related to members’ years of birth with long-term rate of improvement of 1.5% per annum. These tables translate into an average life expectancy for a pensioner retiring at age 65 as follows:,Member aged 65 (current life expectancy),86.8,0,0,0.0,0,0.1573,316,40,0.6604,ambiguous
"Net sales of $1.2 billion for fiscal year 2018 increased 58.5% from $757.3 million for fiscal year 2017. Solid Capacitor and Film and Electrolytic sales increased by $196.1 million and $19.7 million, respectively and net sales for MSA, our new reportable segment in fiscal year 2018, was $227.0 million. Prior to the acquisition of TOKIN on April 19, 2017, the Company did not have any MSA sales.",APAC,479987.0,0,0,0.0,0,0.01,396,4,0.0519,ambiguous
The increase in the Company's deferred tax liability is primarily attributable to the Company's decision to take bonus depreciation on qualifying assets placed in service during fiscal 2019.,"Property, plant and equipment",148505.0,0,0,0.0,0,0.1826,190,29,0.0976,no_match
"BCE operating revenues grew by 1.6% in Q4 2019, compared to Q4 2018, driven by growth in Bell Wireless and Bell Media, while Bell Wireline remained stable year over year. The year-over-year increase reflected both higher service and product revenues of 0.9% and 5.7%, respectively.",Bell Wireless,2493.0,0,0,0.0,0,0.0884,281,13,0.3989,ambiguous
"(2) During the fiscal year ended March 31, 2019, the Company adopted ASU 2016-18 - Statement of Cash Flows: Restricted Cash. The following table presents the balance of restricted cash which consists of cash denominated in a foreign currency and restricted in use due to a foreign taxing authority requirement (in millions):",Effect of foreign exchange rate changes on cash and cash equivalents,1.0,0,0,0.0,0,0.2653,324,68,0.3803,ambiguous
"Results of Operations: Years Ended December 31, 2018, versus Year Ended December 31, 2017 (Amounts in thousands, except percentages and per share amounts): Results of Operations: Years Ended December 31, 2018, versus Year Ended December 31, 2017 (Amounts in thousands, except percentages and per share amounts):",Interest expense,2085.0,0,1,0.0,0,0.0917,311,16,0.1793,no_match
"GasLog Ltd. and its Subsidiaries
Notes to the consolidated financial statements (Continued)
For the years ended December 31, 2017, 2018 and 2019
(All amounts expressed in thousands of U.S. Dollars, except share and per share data)",Interest rate swaps,9196.0,0,0,0.0,0,0.1285,230,19,0.088,no_match
"The decrease in net bookings for 2019, as compared to 2018, was primarily due to:",Net bookings,6388.0,0,0,0.0,0,0.2151,81,12,0.5976,ambiguous
"ITEM NO. 2 – RATIFICATION OF KPMG AS OUR
2020 INDEPENDENT AUDITOR
ITEM NO. 2 – RATIFICATION OF KPMG AS OUR 2020 INDEPENDENT AUDITOR",Audit Fees(1),16014014.0,0,0,0.0,0,0.0417,131,13,0.3828,ambiguous
The components of income tax expense from operations for fiscal 2019 and fiscal 2018 consisted of the following:,Current: Federal,1139927.0,0,0,0.0,0,0.1406,112,16,0.2757,no_match
5. Income taxes: (Continued),Net operating loss carry-forwards,255269.0,0,0,0.0,0,0.2295,28,33,0.1846,no_match
"Item 10. Directors, Executive Officers and Corporate Governance",Leigh R Fox,47.0,0,0,0.0,0,0.1622,63,11,0.1291,no_match
"Expenditure on development activities is charged as incurred, or deferred where these costs are directly associated with either integration of acquired technology or the development of new technology and it is determined that the technology has reached technological feasibility. Costs are deferred to future periods to the extent that they are expected beyond any reasonable doubt to be recoverable. The costs capitalised comprises directly attributable costs, including costs of materials, services and direct labour. Deferred costs are amortised from the date of commercial release on a straight-line basis over the period of the expected benefit, which varies from 2 to 10 years.",Costs associated with acquisitions,244.0,0,0,0.0,0,0.0948,683,34,0.4881,ambiguous
"The Company adopted ASC 606 effective January 1, 2018 using the modified retrospective method. The Company recognized the cumulative effect of initially applying ASC 606, which was immaterial, as an adjustment to the opening balance of retained earnings. The comparative prior period information is accounted for in accordance with the previous revenue guidance, ASC 605, and has not been restated. In accordance with ASC 606, the Company recognizes revenue under the core principle to depict the transfer of control to the Company’s customers in an amount reflecting the consideration the Company expects to be entitled. In order to achieve that core principle, the Company applies the following five step approach: (1) identify the contract with a customer, (2) identify the performance obligations in the contract, (3) determine the transaction price, (4) allocate the transaction price to the performance obligations in the contract and (5) recognize revenue when a performance obligation is satisfied.",Accounts receivable,90831.0,0,0,0.0,0,0.0371,1006,19,0.2221,no_match
"The following tables summarize the unrealized gains and losses related to our restricted investments, by major security type, as of December 31, 2019 and 2018 (in thousands):",Foreign government obligations,129499.0,0,0,0.0,0,0.2059,174,30,0.1431,no_match
"Note: During the year ended 31 December 2019, the Group’s additions to FVPL mainly comprised the following:",At beginning of the year,97877.0,0,0,0.0,0,0.3053,107,24,0.2851,ambiguous
NOTE 21 — Quarterly Financial Data,Net sales,117625.0,0,0,0.0,0,0.2326,34,9,0.2132,no_match
"Based on the Company’s historical operating income, projection of future taxable income, scheduled reversal of taxable temporary differences, and tax planning strategies, management believes that it is more likely than not that the Company will realize the benefit of its deferred tax assets, net of valuation allowances recorded. The net increase in the total valuation allowance for the fiscal year ended August 31, 2019 is primarily related to the increase of a net operating loss carry forward due to a release of a non-U.S. unrecognized tax benefit and the increase of deferred tax assets in sites with existing valuation allowances. The decrease in domestic federal and state tax credits is primarily related to the utilization of tax credits against the one-time transition tax.",Net operating loss carry forward,183297.0,0,0,0.0,0,0.0759,785,32,0.4006,ambiguous
"Dividends. In fiscal 2019 and 2018, the Board of Directors declared four cash dividends of$0.40 per share each. Our dividend is subject to the discretion and approval of our Board of Directors and our compliance with applicable law, and depends upon, among other things, our results of operations, financial condition, level of indebtedness, capital requirements, contractual restrictions, and other factors that our Board of Directors may deem relevant.",High,91.3,0,0,0.0,0,0.0131,454,4,-0.0287,no_match
"There was no material bad debt expense in 2019, 2018 and 2017. In 2019, 2018 and 2017, the Company’s largest customer, Apple represented 17.6%, 13.1% and 10.5% of consolidated net revenues, respectively, reported in the ADG, AMS and MDG segments.",Trade accounts receivable,1396.0,0,0,0.0,0,0.1476,246,25,0.0501,no_match
16. Transactions With Affiliate:,Product and equipment sales to affliates,30303.0,0,0,0.0,0,0.4444,32,40,0.3109,no_match
"(1) March 31, 2018 adjusted due to the adoption of ASC 606.",Net operating loss carry forwards,78986.0,0,0,0.0,0,0.2826,59,33,0.0381,no_match
(1) Weighted average number of shares has been adjusted to remove shares held in trust by Woolworths Custodian Pty Ltd (as trustee of various employee share trusts),Continuing operations,1493.0,0,0,0.0,0,0.1838,164,21,0.1711,no_match
8. Earnings Per Share,Net income,53294.0,0,0,0.0,0,0.2581,21,10,0.3789,no_match
"Interest expense increased in fiscal 2019 compared to fiscal 2018 primarily due to higher average borrowings resulting from our issuance of $10.0 billion of senior notes in November 2017, which was partially offset by a reduction in interest expense resulting primarily from the maturities and repayments of $2.0 billion of senior notes during fiscal 2019 and $6.0 billion of senior notes during fiscal 2018.",(Dollars in millions),2019.0,1,1,0.0,0,0.0839,408,21,0.1974,match
3.1 Financial risk factors (continued),"Monetary assets, current",27728.0,0,0,0.0,0,0.3226,38,24,0.3799,no_match
(1) In-game net revenues primarily includes the net amount of revenue recognized for downloadable content and microtransactions during the period.,Consolidated net revenues,6489.0,0,0,1.0,0,0.2573,146,25,0.5894,ambiguous
"Comparison of Years Ended December 31, 2019 and 2018",Operating activities,618.0,0,0,0.0,0,0.2222,52,20,0.0533,no_match
"The Company grants restricted stock units, or RSUs, to employees with various vesting terms. RSUs entitle the holder to receive, at no cost, one common share for each restricted stock unit on the vesting date as it vests. The Company withholds shares in settlement of employee tax withholding obligations upon the vesting of restricted stock units. Stock-based compensation related to grants of vested RSUs and PSUs was $3.0 million, $1.6, million and $1.0 million in 2019, 2018 and 2017, respectively.","Nonvested at January 1, 2017",98.0,0,0,0.0,0,0.0943,502,28,0.1476,ambiguous
"(1) During the second quarter of fiscal 2019, we completed the divestiture of the Service Provider Video Software Solutions (SPVSS) business. Total revenue includes SPVSS business revenue of $168 million and $903 million for fiscal 2019 and 2018, respectively.",Infrastructure Platforms,30191.0,0,0,0.0,0,0.1338,260,24,0.2295,no_match
"(1) In the fourth quarter of fiscal 2019, we recorded an $872 million charge which was the reversal of the previously recorded benefit associated with the U.S. taxation of deemed foreign dividends recorded in fiscal 2018 as a result of a retroactive final U.S. Treasury regulation issued during the quarter.",Revenue .,13428.0,0,0,0.0,0,0.0506,307,9,0.343,no_match
4. Restructuring Activity,Employee separation expenses,1150.0,0,0,0.0,0,0.3019,25,28,0.2703,no_match
ITEM 7 MANAGEMENT’S DISCUSSION AND ANALYSIS OF FINANCIAL CONDITION AND RESULTS OF OPERATIONS,Net sales,93662.0,0,0,0.0,0,0.0396,92,9,0.3572,no_match
9. Accrued Liabilities,($ in millions),2019.0,0,0,0.0,0,0.3243,22,15,0.0881,no_match
"North America net revenues increased $710,000 in 2019 compared to 2018 (see “Revenues” above). North America expenses decreased $2.2 million from 2018 to 2019 primarily due to a $1.7 million decrease in salary and employee related expenses, $742,000 decrease in professional service expenses, a $584,000 decrease in customer service costs and a $498,000 decrease in trade and brand marketing expenses, offset partially by a $1.2 million increase in member acquisition costs.",Revenues,68024.0,0,0,1.0,0,0.0332,474,8,0.3813,ambiguous
"Land, property and equipment are stated at cost, net of accumulated depreciation and amortization. Depreciation and amortization are computed using the straight-line method over the estimated useful lives of the assets, or for leasehold improvements, the shorter of the remaining lease term or the estimated useful life. The estimated useful lives for machinery and equipment range from 5 to 7 years and for office, computer and research equipment from2 to 5 years. Expenditures for major renewals and improvements that extend the useful life of property and equipment are capitalized.",(in thousands),2019.0,0,0,0.0,0,0.0401,585,14,0.107,no_match
"If the required service period is not met for these options, then the share-based compensation expense would be reversed. In the event that our common stock achieves the target price per share based on a 30-day trailing average prior to the end of the estimated service period, any remaining unamortized compensation cost will be recognized.",Risk-free interest rate,2.8,0,0,0.0,0,0.1044,341,23,0.1305,no_match
"(1) Reflects the total of the following line items reconciled with our Consolidated Statements of Cash Flows relating to the investing activities: Payment for purchase of tangible assets, Proceeds from sale of tangible assets, Payment for purchase of intangible assets, Payment for purchase of financial assets, Proceeds from sale of financial assets, Payment for disposal of equity investment, Proceeds received in sale of businesses, Payment for business acquisitions, net of cash and cash equivalents acquired.",Net cash from operating activities,1869.0,0,0,0.0,0,0.1207,513,34,0.4918,ambiguous
"Certain information regarding our initial distribution rights to films initially released in the three fiscal years 2019, 2018 and 2017 is set forth below:",Hindi films,7.0,0,0,0.0,0,0.1205,155,11,0.4022,ambiguous
8. Stock option and award plan: (Continued),Black-Scholes Assumptions,2019.0,0,0,0.0,0,0.2647,43,25,0.2029,no_match
"(1) The assets allocated to segments as of December 31, 2018 have been revised to correct an error in the previous allocation of property and equipment. Assets allocated to Food Care were understated by $372.9 million with an offset to Product Care of $369.6 million and $3.3 million to assets not allocated. There is no impact to consolidated assets at December 31, 2018. This error did not impact the Company's annual assessment of goodwill impairment or any other impairment considerations of long-lived assets.",(In millions),2019.0,1,1,0.0,0,0.0417,514,13,0.1397,match
"The following represents VMware’s future minimum lease payments under non-cancellable operating and finance leases as of January 31, 2020 (table in millions):",Thereafter,577.0,0,0,0.0,0,0.119,158,10,0.1036,no_match
"IMFT: Since 2006, we have owned 51% of IMFT, a joint venture between us and Intel. IMFT is governed by a Board of Managers, for which the number of managers appointed by each member varies based on the members' respective ownership interests. IMFT manufactures semiconductor products exclusively for its members under a long-term supply agreement at prices approximating cost. In 2018, IMFT discontinued production of NAND and subsequent to that time manufactured 3D XPoint memory. In 2018, we announced that we and Intel will no longer jointly develop 3D XPoint technology beyond the second generation and we substantially completed this cost-sharing arrangement in the first quarter of 2020. IMFT sales to Intel were $731 million, $507 million, and $493 million for 2019, 2018, and 2017, respectively.",Cash and equivalents,130.0,0,0,0.0,0,0.0462,803,20,0.0566,no_match
"General and administrative expenses increased by $2.7 million during the year ended June 30, 2019 as compared to the prior fiscal year. This was primarily due to an increase in payroll and payroll-related benefits of $4.1 million and an increase in other miscellaneous expenses of $2.2 million, which includes professional fees such as legal, audit and tax related expenses. These were partially offset by a reduction in the use of facility and related expenses of $4.5 million. The remainder of the change was attributable to other activities associated with normal growth in our business operations. Overall, general and administrative expenses, as a percentage of total revenue, remained at approximately 7%.",(In thousands),2019.0,1,1,0.0,0,0.0303,711,14,0.1333,match
Note 5. Accounts Receivable,Transaction related,12863.0,0,0,0.0,0,0.3043,27,19,0.2704,no_match
2. CONCENTRATIONS OF CREDIT RISK,Apple Inc. (“Apple”),32.0,0,0,0.0,0,0.1538,32,20,0.0531,no_match
(1) Recorded to other expense within the Consolidated Statements of Operations.,Trade accounts receivable sold,6751.0,0,0,0.0,0,0.2936,79,30,0.3668,no_match
"In February 2016, we granted 547,000 PSUs with certain financial and operational targets. Actual performance,
as measured at the time and prior to the restatement of the 2016 financial statements, resulted in participants
achieving 80% of target. Given the PSUs did not contain explicit or implicit claw back rights, there was no change
to stock-based compensation expense for the impact of the previously disclosed restatement of the 2016 consolidated
financial statements. As of December 31, 2019, 253,203 shares had vested, 200,297 shares had been forfeited, and
the remaining 93,500 shares will vest (as to 80%) in annual tranches through February 2020 subject to continued
service vesting requirements","Nonvested as of December 31, 2018",5974.0,0,0,0.0,0,0.0812,706,33,0.2634,ambiguous
NOTE 21 – QUARTERLY FINANCIAL INFORMATION (UNAUDITED),Revenues,94888.0,0,0,0.0,0,0.0328,53,8,0.2927,no_match
"Deloitte was appointed as intu’s external auditor for the 2019 audit following approval at the 2019 AGM, succeeding PwC. Although it is still early into Deloitte’s tenure as intu’s external auditor, I am pleased that the transition of the external audit process has gone well. The Audit Committee has recommended that Deloitte be reappointed as external auditor at the 2020 AGM.",Audit fees,1092.0,0,0,0.0,0,0.0515,378,10,0.392,ambiguous
"Net cash provided by operating activities decreased during fiscal 2019 compared to fiscal 2018 primarily due to certain unfavorable cash changes in working capital balances, primarily unfavorable changes associated with income taxes including the first installment payment made pursuant to the transition tax provisions of the Tax Act during fiscal 2019 (see additional discussion of future installment payments pursuant to the Tax Act’s transition tax under “Contractual Obligations” below).",(Dollars in millions),2019.0,1,1,0.0,0,0.0741,492,21,0.0815,match
Fiscal Year 2019 Cash Flows,Net income,24193.0,0,0,0.0,0,0.2703,27,10,0.318,no_match
3.1 Financial risk factors (continued),Carrying amount (non-current (liabilities)/assets),494.0,0,0,0.0,0,0.3182,38,50,0.2892,no_match
We have a non-qualified deferred compensation plan that allows a group of employees within the U.S. to contribute base salary and commissions or incentive compensation on a tax deferred basis in excess of the IRS limits imposed on 401(k) plans. The marketable securities related to these investments are held in a Rabbi Trust. The related deferred compensation plan assets and liabilities under the non-qualified deferred compensation plan were as follows (in millions):,Deferred compensation plan assets,35.0,0,0,0.0,0,0.1193,470,33,0.7067,ambiguous
"During the years ended December 31, 2019, 2018, and 2017 the Company capitalized stock-based compensation cost of $0.5 million, $0.1 million, and $0.3 million, respectively, in projects in process as part of property and equipment, net on the accompanying consolidated balance sheets.",Cost of revenues,2193.0,0,0,0.0,0,0.0933,284,16,0.428,ambiguous
"Orders were up clearly year-over-year, due mainly to higher orders in the new-unit business. Volume from large orders increased significantly year-over-year; among the contract wins was a € 0.4 billion order for a combined-cycle power plant, including service in France; a HVDC order worth € 0.4 billion in Germany; a € 0.3 billion order for a large offshore grid connection project in the U. K.; and a € 0.3 billion order in the solutions business in Brazil. Order intake increased in all three reporting
regions, with the Americas posting double-digit growth.",(in millions of €),2019.0,0,0,0.0,0,0.0553,561,18,0.2327,no_match
"The following summarizes our contractual obligations as of December 31, 2019 (in thousands):",Operating lease obligations,16164.0,0,0,0.0,0,0.3193,92,27,0.4591,ambiguous
Consolidated Comparison of Fiscal Year 2019 to Fiscal Year 2018,APAC,533340.0,0,0,0.0,0,0.0299,63,4,0.0246,no_match
"In December 2017, the President of the United States signed into law the Tax Cuts and Jobs Act of 2017 (the “Act”), which among other matters reduced the United States corporate tax rate from 35% to 21% effective January 1, 2018. In fiscal 2018, the Company recorded a $43 million tax benefit primarily related to the remeasurement of certain deferred tax assets and liabilities.",Statutory federal income tax (benefit),14694.0,0,0,0.0,0,0.1631,379,38,0.4118,no_match
"The company has consistently generated strong cash flow from operations, providing a source of funds ranging between $14.8 billion and $16.7 billion per year over the past three years.",Net cash operating activities,14.8,1,1,0.0,0,0.216,184,29,0.4616,match
2 Alternative performance measures continued,Adjusted operating profit,282.7,0,0,0.0,0,0.3478,44,25,0.2678,no_match
(1) Represents the write-off of certain spare parts.,Acquisition and integration costs,27.0,0,0,0.0,0,0.3529,52,33,0.2066,no_match
4. Other Current Assets,Indemnification receivable from SSL for pre-closing taxes (see Note 13),598.0,0,0,0.0,0,0.234,23,71,0.0711,no_match
(1) Includes conversion of an existing royalty bearing license to a fully-paid license.,Fully-Paid Licenses,130000.0,0,0,0.0,0,0.3019,87,19,0.6321,ambiguous
Horizon Clinicals and Series2000 Revenue Cycle Discontinued Operation,"Software delivery, support and maintenance",9441.0,0,0,0.0,0,0.3063,69,42,0.2248,no_match
"Revenue Recognition — Contracts with Customers. In May 2014, the FASB issued new authoritative guidance for revenue from contracts with customers. The standard’s core principle is that a company recognizes revenue when it transfers promised goods or services to customers in an amount that reflects the consideration that the company expects to receive in exchange for those goods or services. In addition, companies are required to capitalize certain contract acquisition costs, including commissions paid, when contracts are signed. The asset recognized from capitalized incremental and recoverable acquisition costs is amortized on a straight-line basis consistent with the timing of transfer of the products or services to which the asset relates.","Accounts receivable, net",708.0,0,0,0.0,0,0.0594,751,24,0.2793,no_match
NOTE 13 - TAXES ON INCOME,Operating loss carryforward,73260.0,0,0,0.0,0,0.1154,25,27,0.0487,no_match
"Interest income increased $1.2 million primarily as a result of higher weighted-average balances of cash, cash equivalents and investments and higher yields on investments.",Interest income,2515.0,0,0,0.0,0,0.1604,172,15,0.6511,ambiguous
"Our revenues weight in Distribution registered a decrease of 5 percentage point compared to 2018, reaching a 30% share of total revenues in 2019. In 2018 as compared to 2017, our revenues weight in Distribution registered an increase of 1 percentage point.",OEM,70.0,0,0,0.0,0,0.0077,256,3,0.0088,no_match
"Total unrecognized compensation cost related to non-vested awards at December 31, 2019 was $1.2 billion and is expected to be recognized over a weighted-average period of approximately 2.5 years.",For the year ended December 31:,2019.0,1,1,0.0,0,0.2566,195,31,0.2587,match
"The Company considered both positive and negative evidence, including future reversals of existing taxable temporary differences, projected future taxable income, tax planning strategies, historic book profit/loss, prior taxable income/loss, and results of future operations, and determined that a valuation allowance was not required for a significant portion of its deferred tax assets. A valuation allowance of $31.4 million and $28.5 million remained as of July 31, 2019 and 2018, respectively.",Accruals and reserves,7870.0,0,0,0.0,0,0.0809,498,21,0.2322,no_match
"The following table provides information with respect to the shares of common stock repurchased by us during the three months ended April 26, 2019:","January 26, 2019 - February 22, 2019",262.0,0,0,0.0,0,0.2077,147,36,0.3071,ambiguous
"(1) Fiscal years ending March 31, 2018 and 2017 adjusted due to the adoption of ASC 606.",Net income (1),206587.0,0,0,0.0,0,0.2157,88,14,0.1282,no_match
18 Investment in associates,At 1 January,65.6,0,0,0.0,0,0.3077,27,12,0.0623,no_match
The number of options outstanding and exercisable as at 31 March was as follows:,Outstanding at 1 April,3104563.0,0,0,0.0,0,0.3529,80,22,0.3667,ambiguous
"Note 14. Property and Equipment, Net",Land,1949.0,0,0,0.0,0,0.15,36,4,0.3173,no_match
Review of results and operations1,Operating revenue,154159.0,0,0,0.0,0,0.44,33,17,0.2925,no_match
NOTE 3. ACQUISITIONS,Cash,3795.0,0,0,0.0,0,0.0833,20,4,0.2859,no_match
"Our Products and Licensing segment costs increased $8.6 million to $16.7 million for the year ended December 31, 2019 compared to $8.1 million for the year ended December 31, 2018. This increase primarily resulted from $3.9 million of cost of revenues from the legacy business of MOI and $4.4 million of cost of revenues from the legacy business of GP during the year ended December 31, 2019, as well as an increase in sales volume.",Products and licensing costs,16684172.0,0,0,0.0,0,0.1174,432,28,0.5795,ambiguous
"The total fair value of RSUs and PSUs granted and vested during the years ended December 31, 2019, 2018 and 2017 were as follows:",For the year ended December 31:,2019.0,1,1,0.0,0,0.35,129,31,0.3425,match
1. Order intake represents commitments from customers to purchase goods and/or services that will ultimately result in recognised revenue.,Order intake1,532.0,0,0,0.0,0,0.1589,138,13,0.561,ambiguous
NOTE 4 — Inventories,Finished goods,9447.0,0,0,0.0,0,0.2353,20,14,0.2402,no_match
"We ship our products to locations specified by our customers and, as a result, customers may have headquarters in one location with global supply chain and operations in other locations. Our customers may request we deliver products to countries where they own or operate production facilities or to countries where they utilize third-party subcontractors or warehouses. Based on the ship-to locations specified by our customers, revenue from sales into China (including Hong Kong) accounted for 53%, 57%, and 51% of total revenue in 2019, 2018, and 2017, respectively; revenue from sales into Taiwan accounted for 13%, 9%, and 13% of total revenue in 2019, 2018, and 2017, respectively; and revenue from sales into the United States accounted for 11%, 12%, and 14% of total revenue in 2019, 2018, and 2017, respectively.",United States,12451.0,0,0,0.0,0,0.0312,821,13,0.2318,ambiguous
"As discussed in Note 1, Topic 606 requires the recognition of an asset for incremental costs to obtain a customer contract, which is then amortized to expense over the respective period of expected benefit. We recognize an asset for incremental commission costs paid to internal and external sales personnel and agents in conjunction with obtaining customer contracts. We only defer these costs when we have determined the commissions are incremental costs that would not have been incurred absent the customer contract and are expected to be recoverable. Costs to obtain a contract are amortized and recorded ratably as commission expense over the period representing the transfer of goods or services to which the assets relate. Costs to obtain wireless contracts are amortized over both of our Consumer and Business customers’ estimated device upgrade cycles, as such costs are typically incurred each time a customer upgrades. Costs to obtain wireline contracts are amortized as expense over the estimated customer relationship period for our Consumer customers. Incremental costs to obtain wireline contracts for our Business customers are insignificant. Costs to obtain contracts are recorded in Selling, general and administrative expense.",Prepaid expenses and other,2578.0,0,0,0.0,0,0.0393,1246,26,0.4689,no_match
"No customer accounted for more than 10% of the Company’s consolidated receivables balance as of December 31, 2019 and 2018.",Billed receivables,213654.0,0,0,0.0,0,0.227,123,18,0.4359,ambiguous
"Cash provided by operating activities was $115.5 million in 2019, compared to $90.3 million in 2018. The increase in operating cash flow was primarily due to improved profitability, improved collections, and other working capital changes in 2019 when compared to 2018.",Net cash provided by operating activities,115549.0,0,0,0.0,0,0.2524,268,41,0.6511,ambiguous
NOTE 7—ACCOUNTS RECEIVABLE,Billed,127406.0,0,0,0.0,0,0.0625,26,6,0.3615,no_match
"During the third quarter of 2018, we made an organizational change to combine our AI investments in edge computing with IOTG; accordingly, approximately $480 million of goodwill was reallocated from “all other” to the IOTG operating segment.",Data Center Group,5424.0,0,0,0.0,0,0.1008,241,17,0.2457,no_match
NOTE 16 — Stock-Based Compensation,Service-Based RSUs,2207.0,0,0,0.0,0,0.3846,34,18,0.1687,no_match
Note 13. Income Taxes,Federal,5.0,0,0,0.0,0,0.2143,21,7,0.3319,no_match
"The Company’s consolidated net revenues disaggregated by product group are presented in Note 19. The following tables present the Company’s consolidated net revenues disaggregated by geographical region of
shipment and nature.",EMEA,2265.0,0,0,0.0,0,0.0,226,4,0.0606,no_match
"Our restaurant leases generally provide for fixed rental payments (with cost-of-living index adjustments) plus real estate taxes, insurance, and other expenses. In addition, approximately 14% of our leases provide for contingent rental payments between 1% and 15% of the restaurant’s gross sales once certain thresholds are met. We have generally been able to renew our restaurant leases as they expire at then-current market rates. The remaining terms of ground leases range from less than one year to 49 years, including optional renewal periods. The remaining lease terms of our other leases range from less thanone year to 56 years, including optional renewal periods.",2020 – 2024,381.0,0,0,0.0,0,0.0088,672,11,0.061,no_match
(6) INTANGIBLE ASSETS,Customer relationships,1597.6,0,0,0.0,0,0.0465,21,22,0.1574,no_match
"Revenue increased $616 million due to a $639 million increase in revenue from sales of our identity and information protection products acquired at the end of fiscal 2017, offset by a $23 million decrease in revenue related to our consumer security products. Our revenue growth reflects the benefit of the shift to subscription-based contracts and bundling of our consumer products, which is helping to mitigate the trend of declining revenues from sales of stand-alone security products. Operating income increased $272 million primarily due to sales of our identity and information protection products, partially offset by higher related cost of sales and operating expenses.","(In millions, except for percentages)",2018.0,1,1,0.0,0,0.0924,677,37,0.1965,match
Note: (1) Refers to Singtel Group excluding Optus.,Net cash inﬂow from operating activities,5368.0,0,0,0.0,0,0.3556,50,40,0.0499,no_match
"In fiscal years 2019 and 2018, the Company continued to maintain a full valuation allowance on deferred tax assets. The valuation allowance increased by $1.7 million in fiscal year 2019. The Company recorded an income tax expense from continuing operations of $39,000 in fiscal year 2019. In fiscal year 2018, the Company recorded an income tax benefit from continuing operations of $597,000. The fiscal year 2018 income tax benefit was due primarily from the release of the tax valuation allowance associated with previously generated alternative minimum tax (AMT) credits due to the December 22, 2017 Tax Cuts and Jobs Act Tax Reform (the “Tax Act”).",(in thousands),2019.0,1,1,0.0,0,0.036,652,14,0.0626,match
"For derivative instruments that are designated and qualify as cash flow hedges, the effective portion of the gain or loss on the derivative is reported as a component of AOCI and reclassified into earnings in the same period or periods during which the hedged transactions affect earnings or it becomes probable the forecasted transactions will not occur. The following is a summary of the gains (losses) related to cash flow hedges recognized during the years ended June 30, 2019, 2018 and 2017:",($ in millions),2019.0,1,1,0.0,0,0.0509,496,15,0.0529,match
(1) Includes cloud services and license support revenue adjustments related to certain cloud services and license support contracts that would have otherwise been recorded as revenues by the acquired businesses as independent entities but were not recognized in our GAAP-based consolidated statements of operations for the periods presented due to business combination accounting requirements. Such revenue adjustments were included in our operating segment results for purposes of reporting to and review by our CODMs. See “Presentation of Operating Segment results and Other Financial Information” above for additional information.,(Dollars in millions),2019.0,0,0,0.0,0,0.0612,633,21,0.0634,no_match
4) Professional Service and Other:,(In thousands),2019.0,0,0,0.0,0,0.3333,34,14,0.1393,no_match
Note 15. Deferred Charges and Other Assets,"Trade accounts receivable, net, noncurrent (Note 2)",26496.0,0,0,0.0,0,0.3011,42,51,0.2587,no_match
Fiscal 2017 Restructuring Plan,"Balance payable as at June 30, 2017",10045.0,0,0,0.0,0,0.4,30,35,0.3378,ambiguous
"The Company's effective tax rate for fiscal 2019 was favorably impacted primarily by excess tax benefits related to employee stock-based payment transactions and federal research tax credits, partially offset by an increase in valuation allowances arising from foreign withholding tax and an increase in taxes related to the sale of the commercial cybersecurity business.",Amount computed at the statutory federal income tax rate,182.0,0,0,0.0,0,0.2201,371,56,0.4678,ambiguous
Note: 1 The income statement tax charge includes tax relief on capitalised interest,Current year1,21.0,0,0,0.0,0,0.1667,83,13,0.1843,no_match
NOTE 4-BALANCE SHEET COMPONENTS,Raw material,222.0,0,0,0.0,0,0.0465,31,12,-0.0347,no_match
Item 14. PRINCIPAL ACCOUNTING FEES AND SERVICES.,Audit Fees (1),58000.0,0,0,0.0,0,0.1935,48,14,0.5809,ambiguous
"On 27 May 2019, the Group completed an off-market share buy-back of 58,733,844 ordinary shares. The ordinary shares were bought back at $28.94, representing a 14% discount to the Group’s market price of $33.64 (being the volume weighted average price of the Group’s ordinary shares over the five trading days up to and including the closing date of 24 May 2019), and comprised a fully franked dividend component of $24.15 per share ($1,419 million) and a capital component of $4.79 per share ($282 million), including $1 million of associated transaction costs (net of tax). The shares bought back were subsequently cancelled.",Balance at start of period,1313.3,0,0,0.0,0,0.0736,626,26,0.0654,no_match
"The following table compares Teekay LNG’s operating results, equity income and number of calendar-ship-days for its vessels for 2019 and 2018:","(in thousands of U.S. dollars, except calendar-ship-days)",2019.0,1,1,0.0,0,0.402,142,57,0.3014,match
"We measure and report our annual scope 1 & 2 GHG emissions. As part of our commitment to reduce our Greenhouse Gas (‘GHG’) emissions, we moved to a certified green tariff renewable electricity supply contract for
our UK operations from the beginning of the financial year.",Emissions from:,19.0,0,0,0.0,0,0.0906,272,15,0.5264,ambiguous
"On June 7, 2019, the U.S. Court of Appeals for the Ninth Circuit in Altera Corp. v. Commissioner upheld U.S. Treasury Department regulations requiring that related parties in a cost-sharing arrangement share expenses related to stock-based compensation in proportion to the economic activity of the parties. The ruling reversed the prior decision of the U.S. Tax Court. On November 12, 2019, the Ninth Circuit Court of Appeals denied the plaintiff’s request for an en banc rehearing. Based on the appellate court’s ruling, the Company recorded a cumulative income tax expense of $5.3 million in the fourth quarter of 2019. The plaintiff filed a petition for a writ of certiorari in the U.S. Supreme Court on February 10, 2020, and the Company will continue to monitor developments in this matter.",Net operating losses and credits,113475.0,0,0,0.0,0,0.0773,796,32,0.3704,no_match
35 Related party transactions (continued),Net investment in finance lease,0.8,0,0,0.0,0,0.3611,41,31,0.0694,no_match
"The following table summarizes, as of December 31, 2019, our contractual obligations over the next five years for the property lease entered into during the year ended 2018, the VPN arrangement with Avira and the asset purchase from IBM:",Contractual Obligations,1.0,0,0,0.0,0,0.1615,237,23,0.4425,ambiguous
"The Group also obtained external valuations on 31 freehold investment properties acquired during the year ended 30 June 2019 (year ended 30 June 2018: 19 freehold investment properties). These external valuations provide the basis of the Directors’ valuations applied to these properties at 30 June 2019 and 30 June 2018. Including these valuations, 51% of freehold investment properties were subject to external valuations during the year (year ended 30 June 2018: 43% of freehold investment properties).",Leasehold,23.0,0,0,0.0,0,0.0311,505,9,0.3612,no_match
18. EARNINGS PER COMMON SHARE,Net income attributable to American Tower Corporation stockholders,1887.8,0,0,0.0,0,0.1263,29,66,0.4679,no_match
"(1) Include cost of equipment sold, content and programming costs, payments to other carriers, franchise fees and network costs.","Salaries, employee benefits and outsourced services",345041.0,0,0,0.0,0,0.3128,128,51,0.4095,no_match
"The Company operates in two business segments, Specialty Alloys Operations (“SAO”) and Performance Engineered Products (“PEP”). Revenue is disaggregated within these two business segments by diversified end-use markets and by geographical location. Comparative information of the Company’s overall revenues by end-use markets and geography for years ended June 30, 2019, 2018 and 2017 were as follows:",($ in millions),2019.0,1,1,0.0,0,0.0625,401,15,0.1748,match
27 Financial risk management (continued),Up to three months,29.9,0,0,0.0,0,0.2414,40,18,0.0201,no_match
"As of April 30, 2019, the Company has U.S. federal net operating losses of $23 million of which $4 million begins to expire in Fiscal 2023 through 2031 and which are subject to annual limitation under Internal Revenue Code Section 382. The remaining U.S. federal net operating losses of $18.9 million have an indefinite carry-forward period. The U.S. federal capital loss carry-forward of $9.9 million expires in 2023. The Company also has state net operating loss carry-forwards, R&D tax credits, and state tax credits that expire in various years and amounts.",Balance at the beginning of the fiscal year,1264.0,0,0,0.0,0,0.1291,561,43,0.3275,ambiguous
"Under the DSU Plan, the following DSUs were issued by the Corporation and are outstanding at August 31:","Outstanding, beginning of the year",42607.0,0,0,0.0,0,0.3358,103,34,0.3144,no_match
"The fair values of our PSUs were also measured based upon their market values as of their respective grant dates, discounted for the present values of expected dividends. The vesting conditions and related terms of our PSUs were communicated to each participating employee as of their respective grant dates and included attainment metrics that were defined, fixed and based upon consistent U.S. GAAP metrics or internal metrics that are defined, fixed and consistently determined, and that require the employee to render service. Therefore, these awards met the performance-based award classification criteria as defined within ASC 718.",Expected life (in years),4.6,0,0,0.0,0,0.0605,637,24,0.0725,ambiguous
"For the annual impairment test, Autodesk's market capitalization was substantially in excess of the carrying value of the Company as of January 31, 2019. Accordingly, Autodesk has determined there was no goodwill impairment during the fiscal year ended January 31, 2019. In addition, Autodesk did not recognize any goodwill impairment losses in fiscal 2018 or 2017.","Goodwill, beginning of the year",1769.4,0,0,0.0,0,0.1313,365,31,0.4162,ambiguous
Level 1—Quoted prices (unadjusted) in active markets for identical assets or liabilities.,Money market funds,2010.0,0,0,0.0,0,0.243,89,18,0.2454,ambiguous
"Equity securities included approximately $15 million of BCE common shares, or 0.06% of total plan assets, at December 31, 2019 and approximately $8 million of BCE common shares, or 0.03% of total plan assets, at December 31, 2018.",Canadian,1017.0,0,0,0.0,0,0.0588,230,8,-0.037,no_match
Fiscal 2019 compared to Fiscal 2018,Reporting Segment,2019.0,1,1,0.0,0,0.1923,35,17,0.0869,match
28 Derivatives and other financial instruments continued,Sterling,29.1,0,1,0.0,0,0.1562,56,8,0.0747,no_match
"The following table summarizes stock option activity under the Company’s stock option plans during the fiscal years ended September 30, 2019, 2018, and 2017:","Outstanding at September 30, 2016",3015374.0,0,0,0.0,0,0.2737,157,33,0.2816,ambiguous
"Note 8. Property, Plant and Equipment, net",Computer equipment and software,3.0,0,0,0.0,0,0.411,42,31,0.3725,ambiguous
15 Financial risk management (continued),Expected loss rate,1.0,0,0,0.0,0,0.3103,40,18,0.2139,no_match
"Use of the cost-to-cost or other similar methods of revenue recognition requires us to make reasonably dependable estimates regarding the revenue and cost associated with the design, manufacture and delivery of our products and services. Revisions or adjustments to estimates of the transaction price, estimated costs at completion and estimated profit or loss of a performance obligation are often required as work progresses under a contract, as experience is gained, as facts and circumstances change and as new information is obtained, even though the scope of work required under the contract may not change. In determining the estimated costs at completion, we have to make assumptions regarding labor productivity and availability, the complexity of the work to be performed, the availability of materials, estimated increases in wages and prices for materials, performance by our subcontractors, and the availability and timing of funding from our customer, among other variables. Revisions or adjustments to our estimated transaction price and estimated costs at completion may also be required if contract modifications occur. The revisions in contract estimates, if significant, can materially affect our results of operations and cash flows, and in some cases result in liabilities to complete contracts in a loss position. Based upon our history, we believe we have the ability to make reasonable estimates for these items. We have accounting policies and controls in place to address these, as well as other contractual and business arrangements to properly account for long-term contracts, and we continue to monitor and improve such policies, controls, and arrangements. For other information on such policies, controls and arrangements, see our discussion in Item 9A of this Form 10-K.",Operating income (loss),2235.0,0,0,0.0,0,0.0219,1802,23,0.3825,no_match
9.2. Trade and other receivables,Trade receivables,3770.0,0,0,0.0,0,0.6939,32,17,0.8325,ambiguous
14. DEFINED BENEFIT PLANS,Service cost,1955.0,0,0,0.0,0,0.0541,25,12,0.1381,no_match
"On August 1, 2019 the Company acquired 100% of the limited liability company interest in Automated Packaging Systems, LLC, formerly Automated Packaging Systems, Inc., a manufacturer of automated bagging systems. The acquisition is included in our Product Care reporting segment. Automated offers opportunities to expand the Company's automated solutions as well as expand into adjacent markets.",(In millions),1.0,1,1,0.0,0,0.0541,394,13,-0.0096,match
Note 21. Equity - dividends,Final dividend for the year ended 30 June 2018 of AU 14 cents (2017: AU 12 cents),13327.0,0,0,0.0,0,0.3148,27,81,0.4524,ambiguous
"Altium Limited has provided financial guarantees in respect of credit card facilities and office leases amounting to US$261,518 (2018: US$283,752).",Total current assets,121041.0,0,0,0.0,0,0.1916,147,20,0.2086,no_match
"(1) Total revenue, product revenue and service revenue not including the SPVSS business in the prior year increased 7%, 8% and 3%, respectively.",Product,39005.0,0,0,0.0,0,0.0927,144,7,0.1973,ambiguous
The increase in total gross profit in 2019 was primarily due to increases in cloud and maintenance revenue.,Software license,275792.0,0,0,0.0,0,0.1626,107,16,0.1201,no_match
"Of the $2.8 billion and $2.4 billion net deferred tax liability at December 31, 2019 and 2018, respectively, $2.9 billion and $2.5 billion is reflected as a long-term liability and $118 million and $131 million is reflected as a net noncurrent deferred tax asset at December 31, 2019 and 2018, respectively.",Post-retirement and pension benefit costs,1169.0,0,0,0.0,0,0.1494,307,41,0.224,no_match
"In December 2017, the Tax Cuts and Jobs Act (“the Act”) was signed into law. As a result of the Act, we recognized an estimated expense of $11.9 million in the fourth quarter of 2017, of which $9.2 million related to the writedown of deferred tax assets and $2.7 million related to tax on unrepatriated foreign earnings. We calculated our best estimate of the impact of the Act in our 2017 year-end income tax provision in accordance with Staff Accounting Bulletin No. 118, which was issued to address the application of U.S. GAAP in situations when a registrant does not have the necessary information available, prepared or analyzed to finalize the accounting for certain income tax effects of the Act. Additional work to complete a more detailed analysis of historical foreign earnings, as well as the full impact relating to the write-down of deferred tax assets, was completed in the third quarter of 2018 and resulted in a tax benefit of $4.0 million for the year ended December 31, 2018.",Inventory,7144.0,0,0,0.0,0,0.0179,994,9,0.0949,no_match
"Property, plant and equipment is stated at cost. Maintenance and repair costs are expensed as incurred. Depreciation is calculated using the straight-line method using estimated useful lives of 5 to 40 years for buildings and building improvements and 3 to 15 years for machinery and equipment. A summary of property, plant and equipment is shown below:",Land,3.7,0,0,0.0,0,0.0168,353,4,0.1085,no_match
"In 2019 we recognized other income, net of expenses, of $103 million, increasing compared to $53 million in 2018, mainly benefitting from the grants associated with the programs part of the European Commission IPCEI in Italy and in France, partially offset by a higher level of start-up costs associated with the production ramp up of the 200 mm fab recently acquired from Micron Technology Inc. in Singapore.",Research and development funding,132.0,0,0,0.0,0,0.1179,409,32,0.3927,no_match
"Note 19: Segment, Geographic Information, and Major Customers",United States,933054.0,0,0,0.0,0,0.2432,61,13,0.2422,no_match
"11. Reportable Segments, Geographic Information and Major Customers",United States,1197665.0,0,0,0.0,0,0.225,67,13,0.2057,no_match
"(1) Working capital consists of current assets less current liabilities. Amounts prior to 2016 have been recast to conform to the current period’s presentation as a result of our adoption of Accounting Standards Update 2015-17, Balance Sheet Classification of Deferred Taxes. See Note 1 of Notes to Consolidated Financial Statements, included in Part II, Item 8 of this report for additional information.",Working capital (1),207599.0,0,0,0.0,0,0.0898,404,19,0.6358,ambiguous
4.4 Financial instruments and risk management (continued),Cash and cash equivalents,21956.0,0,0,0.0,0,0.3171,57,25,0.258,no_match
The financial statements were approved by the Board of Directors on 6 June 2019 and authorised for issue.,Investments,3.0,0,0,0.0,0,0.1724,105,11,0.198,no_match
The following table presents unaudited supplemental pro forma results for fiscal 2019 and 2018 as if both the Grakon acquisition had occurred as of the beginning of fiscal 2018 and the Pacific Insight acquisition had occurred as of the beginning of fiscal 2017. The unaudited pro forma information is presented for information purposes only and is not indicative of the results of operations that would have been achieved if the acquisitions had taken place at such times.,(Dollars in Millions),27.0,0,0,0.0,0,0.0649,472,21,0.0894,no_match
"During 2019, EDP Renewables, ConnectGen, and Innergex Renewable Energy each accounted for more than 10% of our systems business net sales, and the majority of our systems business net sales were in the United States and Australia. Substantially all of our systems business net sales during 2019 were denominated in U.S. dollars and Australian dollars. We typically recognize revenue for sales of solar power systems using cost based input methods, which result in revenue being recognized as work is performed based on the relationship between actual costs incurred compared to the total estimated costs for a given contract. We may also recognize revenue for the sale of a development project, which excludes EPC services, or for the sale of a completed system when we enter into the associated sales contract with the customer. The revenue recognition policies for our systems business are further described in Note 2. “Summary of Significant Accounting Policies” to our consolidated financial statements.",(Dollars in thousands),2019.0,1,1,0.0,0,0.0389,1007,22,0.1861,match
"16. Restructuring and other exit costs, net",Employee terminations costs,53.0,0,0,0.0,0,0.3714,43,27,0.4182,ambiguous
"(1) Excludes 251,379 primary services units (130,404 Internet services, 87,873 video services and 33,102 telephony services) from the MetroCast acquisition completed in the second quarter of fiscal 2018.",Primary service units,901446.0,0,0,0.0,0,0.1786,203,21,0.5196,ambiguous
"Item 5. Market for Registrant's Common Equity, Related Stockholder Matters and Issuer Purchases of Equity Securities",Fourth Quarter,11.44,0,0,0.0,0,0.1692,116,14,0.0853,no_match
24. Post employment benefits,Defined contribution schemes,166.0,0,0,0.0,0,0.3214,28,28,0.1588,no_match
"Years Ended December 31, 2019 and 2018:",Services,59545.0,0,0,0.0,0,0.1702,39,8,0.0725,no_match
Note 3: Balance Sheet Components,Prepaid expenses,2303.0,0,0,0.0,0,0.2917,32,16,0.2324,no_match
"In accordance with the requirements of ASC 606, the disclosure of the impact of adoption on our consolidated
balance sheet as of the fiscal year ended February 28, 2019 is as follows:",Prepaid expenses and other current assets (1),19373.0,0,0,0.0,0,0.2807,183,45,0.247,no_match
"On November 21, 2017 (the “Cloudmark Acquisition Date”), pursuant to the terms of the merger agreement, the Company acquired all shares of Cloudmark, Inc. (“Cloudmark”), a leader in messaging security and threat intelligence for internet service providers and mobile carriers worldwide. As part of the acquisition, Cloudmark’s Global Threat Network was incorporated into Company’s cloud-based Nexus platform, which powers its email, social media, mobile, and SaaS security effectiveness. 

On November 21, 2017 (the “Cloudmark Acquisition Date”), pursuant to the terms of the merger agreement, the Company acquired all shares of Cloudmark, Inc. (“Cloudmark”), a leader in messaging security and threat intelligence for internet service providers and mobile carriers worldwide. As part of the acquisition, Cloudmark’s Global Threat Network was incorporated into Company’s cloud-based Nexus platform, which powers its email, social media, mobile, and SaaS security effectiveness.",Current assets,37390.0,0,0,0.0,0,0.0283,977,14,0.1561,no_match
"Sales: CMS sales increased 59% to $328.8 million in fiscal 2019 compared to $207.0 million in 2018. The increase in sales resulted from increased product deliveries in all of our CMS product lines, and particularly expeditionary satellite communications products and secure network products. Businesses acquired during fiscal years 2019 and 2018 whose operations are included in our CMS operating segment had sales of $8.9 million and $0.6 million for fiscal years 2019 and 2018, respectively.",Sales,328.8,1,1,1.0,0,0.0201,493,5,0.3756,match
21. Segment and Geographical Information,Canada,96168.0,0,0,0.0,0,0.1739,40,6,0.2496,no_match
"The following potentially dilutive ordinary share equivalents have been excluded from the calculation of diluted weighted-average shares outstanding for the years ended March 31, 2019, 2018 and 2017 as their effect would have been anti-dilutive for the periods presented (in thousands):",Share options outstanding,6209.0,0,0,0.0,0,0.135,286,25,0.4395,ambiguous
10. Accrued Liabilities,Vacation and other compensation,1659.0,0,0,0.0,0,0.2593,23,31,0.4013,no_match
"Hotels sales increased by 3.7% in F19 or 1.8% on a normalised basis. Comparable sales increased by 1.9% with 3.0% growth in Q4. Sales growth accelerated in the second half due to continued growth in Bars, Food and Accommodation benefitting from venue refurbishments with 49 completed during the year. Gaming sales continue to be more subdued, particularly in Victoria. During the year, five venues were opened or acquired with 328 hotels at year‐end.",$ MILLION,53.0,0,0,0.0,0,0.0044,450,9,0.1422,no_match
"Order intake increased in all businesses year-over-year due to a higher volume from large orders. Sharp order growth in Asia, Australia included two large orders for offshore wind-farms including service in Taiwan totaling € 2.3 billion. SGRE also recorded sharply higher orders in the Americas region, driven by several large orders in the onshore business mainly in the U. S. In contrast, orders came in substantially lower in the region Europe, C. I. S., Africa, Middle East which in the prior year had included an order for an offshore wind-farm, including service, in the U. K.
worth € 1.3 billion.",(in millions of €),2019.0,0,0,0.0,0,0.0515,603,18,0.1714,no_match
Note: The scope of use of resources data is appended to include 12 new office buildings which were put into operation in 2019.,Indicators,31.0,0,0,0.0,0,0.1324,126,10,0.1958,no_match
"(1) Amounts in 2019, 2018, and 2017 include additional proceeds of $1.3 million, $1.4 million, and $0.2 million related to the extension of the underlying franchise and lease agreements from the sale of restaurants in prior years.",Restaurants sold to franchisees,135.0,0,0,0.0,0,0.2069,230,31,0.5912,ambiguous
Note 2. Business Acquisitions,Net sales,5563.7,0,0,0.0,0,0.2632,29,9,0.3835,no_match
"(1) Fiscal years ending March 31, 2018 and 2017 adjusted due to the adoption of ASC 606.",Operating income (GAAP) (1),200849.0,0,0,0.0,0,0.2783,88,27,0.2473,no_match
NOTE 11 - STOCK CAPITAL (Cont.),Issuance Date,2019.0,0,0,0.0,0,0.1364,31,13,0.2702,no_match
15. Net Income per Share,Net income,1169.0,0,0,1.0,0,0.3529,24,10,0.6559,ambiguous
"On a reported basis, TCS’ revenue grew 19% in FY 2019, compared to 4.4% in the prior year. This was largely an outcome of greater demand for our services and solutions during the year, driven by expanding participation in our customers’ growth and transformation initiatives. In addition, there was some benefit from the movement in currency exchange rates.",USD,53.6,0,0,0.0,0,0.0056,357,3,0.3657,no_match
"GasLog Ltd. and its Subsidiaries
Notes to the consolidated financial statements (Continued)
For the years ended December 31, 2017, 2018 and 2019
(All amounts expressed in thousands of U.S. Dollars, except share and per share data)",Ship management creditors,268.0,0,0,0.0,0,0.1569,230,25,0.2469,no_match
"Net profit/(loss) after tax was $(9.8) million (2018: $6.6 million). Non-statutory underlying earnings before interest, tax, depreciation and amortisation (EBITDA) improved from $62.6 million in FY18 to $85.1 million in FY19.",Net profit/(loss) after tax,9819.0,0,0,0.0,0,0.2143,225,27,0.5405,ambiguous
3. Investments in subsidiaries,At beginning of the period,1212.9,0,0,0.0,0,0.3214,30,26,-0.0077,no_match
"The $29.3 million increase in our cost of license and subscription revenue was primarily attributable to increases of $14.9 million in personnel expenses, $8.6 million in cloud infrastructure costs incurred in order to support the growth of our subscription offerings, $3.3 million in royalties, $1.8 million in professional services, and $0.9 million related to the amortization of internal-use software development and acquired intangible assets.",License and subscription,64798.0,0,0,0.0,0,0.0975,448,24,0.4994,ambiguous
"In December 2019, the Company made a minority investment in a privately-held company, Talespin, Inc., for $8.0 million, representing approximately 13% equity ownership. The investment is accounted for using the equity method of accounting due to the Company’s ability to exercise significant influence.","Accounted for at cost, adjusted for observable price changes",1750.0,0,0,0.0,0,0.2486,302,60,0.1913,ambiguous
Note 8. Other Financial Statement Details,Trade accounts receivable,875.8,0,0,0.0,0,0.303,41,25,0.2897,no_match
"Restructuring costs — Restructuring charges include costs resulting from the exploration of strategic alternatives (the “Strategic Alternatives Evaluation”) in 2019, and a plan that management initiated to reduce our general and administrative costs. Restructuring charges in 2018 also include costs related to the evaluation of potential alternatives with respect to the Qdoba brand (the “Qdoba Evaluation”), which resulted in the Qdoba Sale. Refer to Note 10, Discontinued Operations, for information regarding the Qdoba Sale.",Employee severance and related costs,7169.0,0,0,0.0,0,0.1135,528,36,0.2887,ambiguous
"We do not have any net derivative gains included in AOCI as of June 30, 2019 that will be reclassified into earnings within the following 12 months. No significant amounts of gains (losses) were reclassified from AOCI into earnings as a result of forecasted transactions that failed to occur during fiscal year 2019.","Year Ended June 30,",2019.0,1,1,0.0,0,0.0955,316,19,0.2865,match
"The increase in live inventories is attributable to an increase in the quantity of live birds in inventory at the Company's Tyler, Texas facility as it increased production during fiscal 2019, as well as the value at which the Company's live poultry inventories of broilers are recorded. In periods where the Company estimates that the cost to grow live birds in inventory to a marketable age and then process and distribute those birds will be lower in the aggregate than the anticipated sales proceeds, the Company values the broiler inventories on hand at cost and accumulates costs as the birds are grown to a marketable age subsequent to the balance sheet date. In periods where the Company estimates that the cost to grow live birds in inventory to a marketable age and then process and distribute those birds will be higher in the aggregate than the anticipated sales proceeds, the Company will make an adjustment to lower the value of live birds in inventory to the net realizable value. The significant judgments that management makes in order to assess the net realizable value of its broiler inventory include estimating future selling prices of finished products and the related cost of sales to complete. The Company recorded a charge of $2.8 million at October 31, 2019 and of $9.6 million at October 31, 2018 to reduce the values of live broiler inventories on hand at those dates from cost to net realizable value.",Live poultry-broilers (net of reserve) and breeders,179870.0,0,0,0.0,0,0.0594,1430,51,0.5997,ambiguous
"5. Property and Equipment, Net",(In thousands),2019.0,0,0,0.0,0,0.3182,30,14,0.1103,no_match
"The effective income tax rate for 2019 was 13.0% compared to 18.3% for 2018. The decrease in the effective income tax rate and the provision for income taxes was primarily due to the recognition of approximately $2.2 billion of a non-recurring tax benefit in connection with the disposition of preferred stock, representing a minority interest in a foreign affiliate in 2019 compared to the non-recurring deferred tax benefit of approximately $2.1 billion,",Statutory federal income tax rate,21.0,0,0,0.0,0,0.1145,456,33,0.5481,ambiguous
"The unrecognized tax benefits of $13.0 million, if recognized, will impact the Company’s effective tax rate. In accordance with our accounting policy, we recognize accrued interest and penalties related to unrecognized tax benefits as a component of tax expense. We had $3.0 million and $1.2 million of accrued interest and penalties at December 31, 2019 and 2018, respectively. We expect the total amount of tax contingencies will decrease by approximately $3.5 million in 2020 based on statute of limitation expiration.",Balance at beginning of period,13162.0,0,0,0.0,0,0.098,521,30,0.0266,no_match
"(1) Segment assets are composed of accounts receivable, inventories, and net property, plant, and equipment.",Transportation Solutions,4781.0,0,0,0.0,0,0.2424,108,24,0.1751,no_match
17. OTHER OPERATING EXPENSE,Impairment charges,94.2,0,0,0.0,0,0.0889,27,18,0.3742,no_match
"During fiscal 2019, we initiated a restructuring program associated with footprint consolidation and structural improvements impacting all segments. In connection with this program, during fiscal 2019, we recorded net restructuring charges of $254 million. We expect to complete all restructuring actions commenced during fiscal 2019 by the end of fiscal 2021 and to incur additional charges of approximately $35 million related primarily to employee severance and facility exit costs in the Transportation Solutions and Industrial Solutions segments.",Transportation Solutions,160.0,0,0,0.0,0,0.0835,551,24,0.2241,ambiguous
9. Accrued Expenses and Other Current Liabilities,Accrued payroll and employee benefits,116.9,0,0,0.0,0,0.4651,49,37,0.5902,ambiguous
"Cash provided by operating activities for the year ended December 31, 2018 as compared to the year ended December 31, 2017:",Net loss,265511.0,0,0,0.0,0,0.0611,123,8,0.0646,no_match
