sentence,candidate_line_item,candidate_value,heuristic_score,label,notes
"During 2025, the Company’s net sales through its direct and indirect distribution channels accounted for 40% and 60%, respectively, of total net sales.",Portion of total net sales that was included in deferred revenue as of the beginning of the period,8229.0,24.32,,
"During 2025, the Company’s net sales through its direct and indirect distribution channels accounted for 40% and 60%, respectively, of total net sales.",Proceeds from sales of marketable securities,12890.0,20.95,,
"During 2025, the Company’s net sales through its direct and indirect distribution channels accounted for 40% and 60%, respectively, of total net sales.",Total cost of sales,220960.0,19.24,,
"Apple Inc. | 2025 Form 10-K | 6 Apple Inc. | 2025 Form 10-K | 6 Apple Inc. | 2025 Form 10-K | 6 Apple Inc. | 2025 Form 10-K | 6 Following any interruption to its business, the Company can require substantial recovery time, incur significant expenditures to resume operations, and lose significant sales.",Portion of total net sales that was included in deferred revenue as of the beginning of the period,8229.0,21.38,,
"Apple Inc. | 2025 Form 10-K | 6 Apple Inc. | 2025 Form 10-K | 6 Apple Inc. | 2025 Form 10-K | 6 Apple Inc. | 2025 Form 10-K | 6 Following any interruption to its business, the Company can require substantial recovery time, incur significant expenditures to resume operations, and lose significant sales.",Proceeds from sales of marketable securities,12890.0,18.46,,
"Apple Inc. | 2025 Form 10-K | 6 Apple Inc. | 2025 Form 10-K | 6 Apple Inc. | 2025 Form 10-K | 6 Apple Inc. | 2025 Form 10-K | 6 Following any interruption to its business, the Company can require substantial recovery time, incur significant expenditures to resume operations, and lose significant sales.",Total cost of sales,220960.0,16.99,,
"If the Commission makes a final determination in the Article 6(4) Investigation that there has been a violation, it can issue a cease and desist order and may impose fines up to 10% of the Company’s annual worldwide net sales.",Portion of total net sales that was included in deferred revenue as of the beginning of the period,8229.0,23.15,,
"If the Commission makes a final determination in the Article 6(4) Investigation that there has been a violation, it can issue a cease and desist order and may impose fines up to 10% of the Company’s annual worldwide net sales.",Proceeds from sales of marketable securities,12890.0,20.04,,
"If the Commission makes a final determination in the Article 6(4) Investigation that there has been a violation, it can issue a cease and desist order and may impose fines up to 10% of the Company’s annual worldwide net sales.",Total cost of sales,220960.0,17.94,,
The weakness in foreign currencies relative to the U.S. dollar had an unfavorable year-over-year impact on Americas net sales during 2025.,Portion of total net sales that was included in deferred revenue as of the beginning of the period,8229.0,23.81,,
The weakness in foreign currencies relative to the U.S. dollar had an unfavorable year-over-year impact on Americas net sales during 2025.,Proceeds from sales of marketable securities,12890.0,21.15,,
The weakness in foreign currencies relative to the U.S. dollar had an unfavorable year-over-year impact on Americas net sales during 2025.,Total cost of sales,220960.0,18.82,,
Americas net sales increased during 2025 compared to 2024 primarily due to higher net sales of iPhone and Services.,Portion of total net sales that was included in deferred revenue as of the beginning of the period,8229.0,24.39,,
Americas net sales increased during 2025 compared to 2024 primarily due to higher net sales of iPhone and Services.,Proceeds from sales of marketable securities,12890.0,21.54,,
Americas net sales increased during 2025 compared to 2024 primarily due to higher net sales of iPhone and Services.,Total cost of sales,220960.0,19.48,,
"Europe net sales increased during 2025 compared to 2024 primarily due to higher net sales of Services, iPhone and Mac.",Portion of total net sales that was included in deferred revenue as of the beginning of the period,8229.0,24.26,,
"Europe net sales increased during 2025 compared to 2024 primarily due to higher net sales of Services, iPhone and Mac.",Proceeds from sales of marketable securities,12890.0,21.67,,
"Europe net sales increased during 2025 compared to 2024 primarily due to higher net sales of Services, iPhone and Mac.",Total cost of sales,220960.0,19.67,,
"Greater China net sales decreased during 2025 compared to 2024 primarily due to lower net sales of iPhone, partially offset by higher net sales of Mac.",Portion of total net sales that was included in deferred revenue as of the beginning of the period,8229.0,23.84,,
"Greater China net sales decreased during 2025 compared to 2024 primarily due to lower net sales of iPhone, partially offset by higher net sales of Mac.",Proceeds from sales of marketable securities,12890.0,20.74,,
"Greater China net sales decreased during 2025 compared to 2024 primarily due to lower net sales of iPhone, partially offset by higher net sales of Mac.",Total cost of sales,220960.0,18.76,,
"Japan net sales increased during 2025 compared to 2024 primarily due to higher net sales of iPhone, Services and iPad.",Portion of total net sales that was included in deferred revenue as of the beginning of the period,8229.0,24.26,,
"Japan net sales increased during 2025 compared to 2024 primarily due to higher net sales of iPhone, Services and iPad.",Proceeds from sales of marketable securities,12890.0,21.42,,
"Japan net sales increased during 2025 compared to 2024 primarily due to higher net sales of iPhone, Services and iPad.",Total cost of sales,220960.0,19.38,,
"Rest of Asia Pacific net sales increased during 2025 compared to 2024 primarily due to higher net sales of iPhone, Services and Mac.",Portion of total net sales that was included in deferred revenue as of the beginning of the period,8229.0,24.22,,
"Rest of Asia Pacific net sales increased during 2025 compared to 2024 primarily due to higher net sales of iPhone, Services and Mac.",Proceeds from sales of marketable securities,12890.0,21.14,,
"Rest of Asia Pacific net sales increased during 2025 compared to 2024 primarily due to higher net sales of iPhone, Services and Mac.",Total cost of sales,220960.0,19.24,,
Services net sales include amortization of the deferred value of services bundled in the sales price of certain products. iPhone net sales increased during 2025 compared to 2024 due to higher net sales of Pro models. iPhone net sales increased during 2025 compared to 2024 due to higher net sales of Pro models.,Portion of total net sales that was included in deferred revenue as of the beginning of the period,8229.0,22.63,,
Services net sales include amortization of the deferred value of services bundled in the sales price of certain products. iPhone net sales increased during 2025 compared to 2024 due to higher net sales of Pro models. iPhone net sales increased during 2025 compared to 2024 due to higher net sales of Pro models.,Proceeds from sales of marketable securities,12890.0,18.94,,
Services net sales include amortization of the deferred value of services bundled in the sales price of certain products. iPhone net sales increased during 2025 compared to 2024 due to higher net sales of Pro models. iPhone net sales increased during 2025 compared to 2024 due to higher net sales of Pro models.,Total cost of sales,220960.0,17.18,,
Mac net sales increased during 2025 compared to 2024 primarily due to higher net sales of laptops and desktops.,Portion of total net sales that was included in deferred revenue as of the beginning of the period,8229.0,23.8,,
Mac net sales increased during 2025 compared to 2024 primarily due to higher net sales of laptops and desktops.,Proceeds from sales of marketable securities,12890.0,21.45,,
Mac net sales increased during 2025 compared to 2024 primarily due to higher net sales of laptops and desktops.,Total cost of sales,220960.0,19.92,,
"Wearables, Home and Accessories Wearables, Home and Accessories Wearables, Home and Accessories net sales decreased during 2025 compared to 2024 primarily due to lower net sales of Accessories and Wearables.",Portion of total net sales that was included in deferred revenue as of the beginning of the period,8229.0,21.95,,
"Wearables, Home and Accessories Wearables, Home and Accessories Wearables, Home and Accessories net sales decreased during 2025 compared to 2024 primarily due to lower net sales of Accessories and Wearables.",Proceeds from sales of marketable securities,12890.0,20.58,,
"Wearables, Home and Accessories Wearables, Home and Accessories Wearables, Home and Accessories net sales decreased during 2025 compared to 2024 primarily due to lower net sales of Accessories and Wearables.",Total cost of sales,220960.0,18.01,,
"Wearables, Home and Accessories net sales decreased during 2025 compared to 2024 primarily due to lower net sales of Accessories and Wearables.",Portion of total net sales that was included in deferred revenue as of the beginning of the period,8229.0,23.46,,
"Wearables, Home and Accessories net sales decreased during 2025 compared to 2024 primarily due to lower net sales of Accessories and Wearables.",Proceeds from sales of marketable securities,12890.0,21.42,,
"Wearables, Home and Accessories net sales decreased during 2025 compared to 2024 primarily due to lower net sales of Accessories and Wearables.",Total cost of sales,220960.0,19.2,,
"Services net sales increased during 2025 compared to 2024 primarily due to higher net sales from advertising, the App Store and cloud services.",Portion of total net sales that was included in deferred revenue as of the beginning of the period,8229.0,23.63,,
"Services net sales increased during 2025 compared to 2024 primarily due to higher net sales from advertising, the App Store and cloud services.",Proceeds from sales of marketable securities,12890.0,21.63,,
"Services net sales increased during 2025 compared to 2024 primarily due to higher net sales from advertising, the App Store and cloud services.",Total cost of sales,220960.0,18.95,,
"Products gross margin increased during 2025 compared to 2024 primarily due to favorable costs and a different mix of products, partially offset by tariff costs.",Total gross margin percentage,46.9,19.87,,
"Products gross margin increased during 2025 compared to 2024 primarily due to favorable costs and a different mix of products, partially offset by tariff costs.",Total gross margin,195201.0,18.82,,
"Products gross margin increased during 2025 compared to 2024 primarily due to favorable costs and a different mix of products, partially offset by tariff costs.",Gross margin,195201.0,17.56,,
"Products gross margin percentage decreased during 2025 compared to 2024 primarily due to a different mix of products and tariff costs, partially offset by other favorable costs.",Total gross margin percentage,46.9,20.44,,
"Products gross margin percentage decreased during 2025 compared to 2024 primarily due to a different mix of products and tariff costs, partially offset by other favorable costs.",Total gross margin,195201.0,18.49,,
"Products gross margin percentage decreased during 2025 compared to 2024 primarily due to a different mix of products and tariff costs, partially offset by other favorable costs.",Gross margin,195201.0,17.33,,
Services gross margin increased during 2025 compared to 2024 primarily due to higher Services net sales and a different mix of services.,Portion of total net sales that was included in deferred revenue as of the beginning of the period,8229.0,23.21,,
Services gross margin increased during 2025 compared to 2024 primarily due to higher Services net sales and a different mix of services.,Proceeds from sales of marketable securities,12890.0,21.89,,
Services gross margin increased during 2025 compared to 2024 primarily due to higher Services net sales and a different mix of services.,Total gross margin percentage,46.9,20.33,,
"Services gross margin percentage increased during 2025 compared to 2024 primarily due to a different mix of services, partially offset by higher costs.",Total gross margin percentage,46.9,20.78,,
"Services gross margin percentage increased during 2025 compared to 2024 primarily due to a different mix of services, partially offset by higher costs.",Total gross margin,195201.0,18.55,,
"Services gross margin percentage increased during 2025 compared to 2024 primarily due to a different mix of services, partially offset by higher costs.",Gross margin,195201.0,17.7,,
"The Company’s future gross margins can be impacted by a variety of factors, as discussed in Part I, Item 1A of this Form 10-K under the heading “Risk Factors.” As a result, the Company believes, in general, gross margins will be subject to volatility and downward pressure.",Total gross margin percentage,46.9,18.58,,
"The Company’s future gross margins can be impacted by a variety of factors, as discussed in Part I, Item 1A of this Form 10-K under the heading “Risk Factors.” As a result, the Company believes, in general, gross margins will be subject to volatility and downward pressure.",Total gross margin,195201.0,17.47,,
"The Company’s future gross margins can be impacted by a variety of factors, as discussed in Part I, Item 1A of this Form 10-K under the heading “Risk Factors.” As a result, the Company believes, in general, gross margins will be subject to volatility and downward pressure.",Gross margin,195201.0,16.54,,
"The Company believes its balances of cash, cash equivalents and marketable securities, which totaled $132.4 billion as of September 27, 2025, along with cash generated by ongoing operations and continued access to debt markets, will be sufficient to satisfy its cash requirements and capital return program over the next 12 months and beyond.","Cash, cash equivalents, and restricted cash and cash equivalents, beginning balances",29943.0,22.04,,
"The Company believes its balances of cash, cash equivalents and marketable securities, which totaled $132.4 billion as of September 27, 2025, along with cash generated by ongoing operations and continued access to debt markets, will be sufficient to satisfy its cash requirements and capital return program over the next 12 months and beyond.","Cash, cash equivalents, and restricted cash and cash equivalents, ending balances",35934.0,21.81,,
"The Company believes its balances of cash, cash equivalents and marketable securities, which totaled $132.4 billion as of September 27, 2025, along with cash generated by ongoing operations and continued access to debt markets, will be sufficient to satisfy its cash requirements and capital return program over the next 12 months and beyond.","Increase/(Decrease) in cash, cash equivalents, and restricted cash and cash equivalents",5991.0,21.71,,
"The Company’s proportion of net sales by disaggregated revenue source was generally consistent for each reportable segment in Note 13, “Segment Information and Geographic Data” for 2025, 2024 and 2023, except in Greater China, where iPhone revenue represented a moderately higher proportion of net sales.",Portion of total net sales that was included in deferred revenue as of the beginning of the period,8229.0,37.16,,
"The Company’s proportion of net sales by disaggregated revenue source was generally consistent for each reportable segment in Note 13, “Segment Information and Geographic Data” for 2025, 2024 and 2023, except in Greater China, where iPhone revenue represented a moderately higher proportion of net sales.",Proceeds from sales of marketable securities,12890.0,18.91,,
"The Company’s proportion of net sales by disaggregated revenue source was generally consistent for each reportable segment in Note 13, “Segment Information and Geographic Data” for 2025, 2024 and 2023, except in Greater China, where iPhone revenue represented a moderately higher proportion of net sales.",Total cost of sales,220960.0,17.11,,
"As of September 27, 2025 and September 28, 2024, the Company had total deferred revenue of $ 13.7 billion and $ 12.8 billion, respectively.",Portion of total net sales that was included in deferred revenue as of the beginning of the period,8229.0,23.61,,
"As of September 27, 2025 and September 28, 2024, the Company had total deferred revenue of $ 13.7 billion and $ 12.8 billion, respectively.",Deferred revenue,9055.0,18.87,,
"As of September 27, 2025, the Company expects 66 % of total deferred revenue to be realized in less than a year, 23 % within one-to-two years, 9 % within two-to-three years and 2 % in greater than three years.",Portion of total net sales that was included in deferred revenue as of the beginning of the period,8229.0,23.86,,
"As of September 27, 2025, the Company expects 66 % of total deferred revenue to be realized in less than a year, 23 % within one-to-two years, 9 % within two-to-three years and 2 % in greater than three years.",Deferred revenue,9055.0,17.67,,
Approximately 24 million restricted stock units (“RSUs”) were excluded from the computation of diluted earnings per share for 2023 because their effect would have been antidilutive.,Diluted earnings per share,7.46,49.83,,
Approximately 24 million restricted stock units (“RSUs”) were excluded from the computation of diluted earnings per share for 2023 because their effect would have been antidilutive.,Weighted-average diluted shares,15004697.0,34.34,,
Approximately 24 million restricted stock units (“RSUs”) were excluded from the computation of diluted earnings per share for 2023 because their effect would have been antidilutive.,Basic earnings per share,7.49,34.29,,
"These restricted cash and cash equivalents were designated to settle the Company’s obligation related to the State Aid Decision (refer to Note 7, “Income Taxes”).","Increase/(Decrease) in cash, cash equivalents, and restricted cash and cash equivalents",5991.0,24.32,,
"These restricted cash and cash equivalents were designated to settle the Company’s obligation related to the State Aid Decision (refer to Note 7, “Income Taxes”).","Cash, cash equivalents, and restricted cash and cash equivalents, ending balances",35934.0,24.05,,
"These restricted cash and cash equivalents were designated to settle the Company’s obligation related to the State Aid Decision (refer to Note 7, “Income Taxes”).","Cash, cash equivalents, and restricted cash and cash equivalents, beginning balances",29943.0,23.78,,
"As of September 28, 2024, cash and cash equivalents included $ 2.6 billion held in escrow and restricted from general use.","Increase/(Decrease) in cash, cash equivalents, and restricted cash and cash equivalents",5991.0,25.53,,
"As of September 28, 2024, cash and cash equivalents included $ 2.6 billion held in escrow and restricted from general use.","Cash, cash equivalents, and restricted cash and cash equivalents, beginning balances",29943.0,25.29,,
"As of September 28, 2024, cash and cash equivalents included $ 2.6 billion held in escrow and restricted from general use.","Cash, cash equivalents, and restricted cash and cash equivalents, ending balances",35934.0,25.25,,
"These restricted cash and cash equivalents were designated to settle the Company’s obligation related to the State Aid Decision (refer to Note 7, “Income Taxes”). (3) As of September 28, 2024, current marketable securities included $ 13.2 billion held in escrow and restricted from general use.","Increase/(Decrease) in cash, cash equivalents, and restricted cash and cash equivalents",5991.0,22.03,,
"These restricted cash and cash equivalents were designated to settle the Company’s obligation related to the State Aid Decision (refer to Note 7, “Income Taxes”). (3) As of September 28, 2024, current marketable securities included $ 13.2 billion held in escrow and restricted from general use.","Cash, cash equivalents, and restricted cash and cash equivalents, ending balances",35934.0,21.93,,
"These restricted cash and cash equivalents were designated to settle the Company’s obligation related to the State Aid Decision (refer to Note 7, “Income Taxes”). (3) As of September 28, 2024, current marketable securities included $ 13.2 billion held in escrow and restricted from general use.","Cash, cash equivalents, and restricted cash and cash equivalents, beginning balances",29943.0,21.67,,
"These restricted marketable securities were designated to settle the Company’s obligation related to the State Aid Decision (refer to Note 7, “Income Taxes”).",Portion of total net sales that was included in deferred revenue as of the beginning of the period,8229.0,8.59,,
"These restricted marketable securities were designated to settle the Company’s obligation related to the State Aid Decision (refer to Note 7, “Income Taxes”).",Total change in unrealized gains/losses on marketable debt securities,1231.0,7.93,,
"These restricted marketable securities were designated to settle the Company’s obligation related to the State Aid Decision (refer to Note 7, “Income Taxes”).",Change in fair value of marketable debt securities,817.0,7.5,,
"As of September 28, 2024, current marketable securities included $ 13.2 billion held in escrow and restricted from general use.",Proceeds from sales of marketable securities,12890.0,9.12,,
"As of September 28, 2024, current marketable securities included $ 13.2 billion held in escrow and restricted from general use.",Change in fair value of marketable debt securities,817.0,9.04,,
"As of September 28, 2024, current marketable securities included $ 13.2 billion held in escrow and restricted from general use.",Proceeds from maturities of marketable securities,40907.0,8.86,,
"Apple Inc. | 2025 Form 10-K | 37 Apple Inc. | 2025 Form 10-K | 37 Apple Inc. | 2025 Form 10-K | 37 Apple Inc. | 2025 Form 10-K | 37 As of September 27, 2025, 80 % of the Company’s non-current marketable debt securities other than mortgage- and asset-backed securities had maturities between 1 and 5 years, 15 % between 5 and 10 years, and 5 % greater than 10 years.",Total change in unrealized gains/losses on marketable debt securities,1231.0,19.52,,
"Apple Inc. | 2025 Form 10-K | 37 Apple Inc. | 2025 Form 10-K | 37 Apple Inc. | 2025 Form 10-K | 37 Apple Inc. | 2025 Form 10-K | 37 As of September 27, 2025, 80 % of the Company’s non-current marketable debt securities other than mortgage- and asset-backed securities had maturities between 1 and 5 years, 15 % between 5 and 10 years, and 5 % greater than 10 years.",Change in fair value of marketable debt securities,817.0,18.95,,
"Apple Inc. | 2025 Form 10-K | 37 Apple Inc. | 2025 Form 10-K | 37 Apple Inc. | 2025 Form 10-K | 37 Apple Inc. | 2025 Form 10-K | 37 As of September 27, 2025, 80 % of the Company’s non-current marketable debt securities other than mortgage- and asset-backed securities had maturities between 1 and 5 years, 15 % between 5 and 10 years, and 5 % greater than 10 years.","Proceeds from issuance of term debt, net",4481.0,18.06,,
"As of September 27, 2025, 80 % of the Company’s non-current marketable debt securities other than mortgage- and asset-backed securities had maturities between 1 and 5 years, 15 % between 5 and 10 years, and 5 % greater than 10 years.",Total change in unrealized gains/losses on marketable debt securities,1231.0,21.49,,
"As of September 27, 2025, 80 % of the Company’s non-current marketable debt securities other than mortgage- and asset-backed securities had maturities between 1 and 5 years, 15 % between 5 and 10 years, and 5 % greater than 10 years.",Change in fair value of marketable debt securities,817.0,20.8,,
"As of September 27, 2025, 80 % of the Company’s non-current marketable debt securities other than mortgage- and asset-backed securities had maturities between 1 and 5 years, 15 % between 5 and 10 years, and 5 % greater than 10 years.","Proceeds from issuance of term debt, net",4481.0,19.25,,
"The Company generally hedges portions of its forecasted foreign currency exposure associated with revenue and inventory purchases, typically for up to 12 months.",Portion of total net sales that was included in deferred revenue as of the beginning of the period,8229.0,23.34,,
"The Company generally hedges portions of its forecasted foreign currency exposure associated with revenue and inventory purchases, typically for up to 12 months.",Deferred revenue,9055.0,18.39,,
"As of September 27, 2025, the maximum length of time over which the Company is hedging its exposure to the variability in future cash flows for term debt–related foreign currency transactions is 17 years.","Cash, cash equivalents, and restricted cash and cash equivalents, ending balances",35934.0,21.32,,
"As of September 27, 2025, the maximum length of time over which the Company is hedging its exposure to the variability in future cash flows for term debt–related foreign currency transactions is 17 years.","Cash, cash equivalents, and restricted cash and cash equivalents, beginning balances",29943.0,21.25,,
"As of September 27, 2025, the maximum length of time over which the Company is hedging its exposure to the variability in future cash flows for term debt–related foreign currency transactions is 17 years.",Total change in unrealized gains/losses on marketable debt securities,1231.0,21.15,,
"The following table provides a summary of the Company’s term debt as of September 27, 2025 and September 28, 2024: The Company has outstanding Notes, which are senior unsecured obligations with interest payable in arrears.",Total change in unrealized gains/losses on marketable debt securities,1231.0,21.32,,
"The following table provides a summary of the Company’s term debt as of September 27, 2025 and September 28, 2024: The Company has outstanding Notes, which are senior unsecured obligations with interest payable in arrears.",Change in fair value of marketable debt securities,817.0,20.44,,
"The following table provides a summary of the Company’s term debt as of September 27, 2025 and September 28, 2024: The Company has outstanding Notes, which are senior unsecured obligations with interest payable in arrears.","Proceeds from issuance of term debt, net",4481.0,19.58,,
Indicates management contract or compensatory plan or arrangement. (1) Certain instruments defining the rights of holders of long-term debt securities of the Registrant are omitted pursuant to Item 601(b)(4)(iii) of Regulation S-K.,Total change in unrealized gains/losses on marketable debt securities,1231.0,21.13,,
Indicates management contract or compensatory plan or arrangement. (1) Certain instruments defining the rights of holders of long-term debt securities of the Registrant are omitted pursuant to Item 601(b)(4)(iii) of Regulation S-K.,Change in fair value of marketable debt securities,817.0,20.41,,
Indicates management contract or compensatory plan or arrangement. (1) Certain instruments defining the rights of holders of long-term debt securities of the Registrant are omitted pursuant to Item 601(b)(4)(iii) of Regulation S-K.,"Proceeds from issuance of term debt, net",4481.0,19.43,,
Certain instruments defining the rights of holders of long-term debt securities of the Registrant are omitted pursuant to Item 601(b)(4)(iii) of Regulation S-K.,Total change in unrealized gains/losses on marketable debt securities,1231.0,22.51,,
Certain instruments defining the rights of holders of long-term debt securities of the Registrant are omitted pursuant to Item 601(b)(4)(iii) of Regulation S-K.,Change in fair value of marketable debt securities,817.0,22.24,,
Certain instruments defining the rights of holders of long-term debt securities of the Registrant are omitted pursuant to Item 601(b)(4)(iii) of Regulation S-K.,"Proceeds from issuance of term debt, net",4481.0,20.4,,
"Information on our net sales is contained in Item 8 of Part II, “Financial Statements and Supplementary Data — Note 10 — Segment Information.” We have organized our operations into three segments: North America, International, and Amazon Web Services (“AWS”).","Purchases of property and equipment, net of proceeds from sales and incentives",-77658.0,21.29,,
"Information on our net sales is contained in Item 8 of Part II, “Financial Statements and Supplementary Data — Note 10 — Segment Information.” We have organized our operations into three segments: North America, International, and Amazon Web Services (“AWS”).",Proceeds from property and equipment sales and incentives,4596.0,19.94,,
"Information on our net sales is contained in Item 8 of Part II, “Financial Statements and Supplementary Data — Note 10 — Segment Information.” We have organized our operations into three segments: North America, International, and Amazon Web Services (“AWS”).",Sales and maturities of marketable securities,5627.0,19.47,,
"Information on our net sales is contained in Item 8 of Part II, “Financial Statements and Supplementary Data — Note 10 — Segment Information.” We serve consumers through our online and physical stores and focus on selection, price, and convenience.","Purchases of property and equipment, net of proceeds from sales and incentives",-77658.0,21.38,,
"Information on our net sales is contained in Item 8 of Part II, “Financial Statements and Supplementary Data — Note 10 — Segment Information.” We serve consumers through our online and physical stores and focus on selection, price, and convenience.",Proceeds from property and equipment sales and incentives,4596.0,20.25,,
"Information on our net sales is contained in Item 8 of Part II, “Financial Statements and Supplementary Data — Note 10 — Segment Information.” We serve consumers through our online and physical stores and focus on selection, price, and convenience.",Sales and maturities of marketable securities,5627.0,19.51,,
"Our business is affected by seasonality, which historically has resulted in higher sales volume during our fourth quarter, which ends December 31.","Purchases of property and equipment, net of proceeds from sales and incentives",-77658.0,21.96,,
"Our business is affected by seasonality, which historically has resulted in higher sales volume during our fourth quarter, which ends December 31.",Proceeds from property and equipment sales and incentives,4596.0,21.5,,
"Our business is affected by seasonality, which historically has resulted in higher sales volume during our fourth quarter, which ends December 31.",Sales and maturities of marketable securities,5627.0,20.24,,
"Garman has served as CEO Amazon Web Services since June 2024, Senior Vice President, Amazon Web Services from February 2021 until June 2024, Vice President, Marketing, Sales and Support of Amazon Web Services from January 2020 to February 2021, Vice President, AWS Compute Services from September 2018 to January 2020, and Vice President, EC2 from December 2012 to September 2018.","Purchases of property and equipment, net of proceeds from sales and incentives",-77658.0,19.37,,
"Garman has served as CEO Amazon Web Services since June 2024, Senior Vice President, Amazon Web Services from February 2021 until June 2024, Vice President, Marketing, Sales and Support of Amazon Web Services from January 2020 to February 2021, Vice President, AWS Compute Services from September 2018 to January 2020, and Vice President, EC2 from December 2012 to September 2018.",Proceeds from property and equipment sales and incentives,4596.0,18.57,,
"Garman has served as CEO Amazon Web Services since June 2024, Senior Vice President, Amazon Web Services from February 2021 until June 2024, Vice President, Marketing, Sales and Support of Amazon Web Services from January 2020 to February 2021, Vice President, AWS Compute Services from September 2018 to January 2020, and Vice President, EC2 from December 2012 to September 2018.",Sales and maturities of marketable securities,5627.0,18.2,,
"As a result of holiday sales, as of December 31 of each year, our cash, cash equivalents, and marketable securities balances typically reach their highest level (other than as a result of cash flows provided by or used in investing and financing activities) because consumers primarily use credit cards in our stores and the related receivables settle quickly.",Free cash flow,38219.0,31.39,,
"As a result of holiday sales, as of December 31 of each year, our cash, cash equivalents, and marketable securities balances typically reach their highest level (other than as a result of cash flows provided by or used in investing and financing activities) because consumers primarily use credit cards in our stores and the related receivables settle quickly.","Purchases of property and equipment, net of proceeds from sales and incentives",-77658.0,20.66,,
"As a result of holiday sales, as of December 31 of each year, our cash, cash equivalents, and marketable securities balances typically reach their highest level (other than as a result of cash flows provided by or used in investing and financing activities) because consumers primarily use credit cards in our stores and the related receivables settle quickly.","Total cash, cash equivalents, and marketable securities",101202.0,20.11,,
"Typically, there is also a corresponding increase in accounts payable as of December 31 due to inventory purchases and third-party seller sales.","Purchases of property and equipment, net of proceeds from sales and incentives",-77658.0,23.11,,
"Typically, there is also a corresponding increase in accounts payable as of December 31 due to inventory purchases and third-party seller sales.",Proceeds from property and equipment sales and incentives,4596.0,22.36,,
"Typically, there is also a corresponding increase in accounts payable as of December 31 due to inventory purchases and third-party seller sales.",Sales and maturities of marketable securities,5627.0,20.93,,
"Our accounts payable balance generally declines during the first three months of the year as vendors and sellers are paid, resulting in a corresponding decline in our cash, cash equivalents, and marketable securities balances.","Total cash, cash equivalents, and marketable securities",101202.0,22.54,,
"Our accounts payable balance generally declines during the first three months of the year as vendors and sellers are paid, resulting in a corresponding decline in our cash, cash equivalents, and marketable securities balances.",Cash equivalents and marketable debt securities,106493.0,21.45,,
Recent Sales of Unregistered Securities Recent Sales of Unregistered Securities Issuer Purchases of Equity Securities Issuer Purchases of Equity Securities Item 7.,Cost of sales,7.0,67.05,,
Recent Sales of Unregistered Securities Recent Sales of Unregistered Securities Issuer Purchases of Equity Securities Issuer Purchases of Equity Securities Item 7.,Sales and marketing,6.9,48.08,,
Recent Sales of Unregistered Securities Recent Sales of Unregistered Securities Issuer Purchases of Equity Securities Issuer Purchases of Equity Securities Item 7.,"Purchases of property and equipment, net of proceeds from sales and incentives",-77658.0,21.97,,
"These risks and uncertainties, as well as other risks and uncertainties that could cause our actual results or outcomes to differ significantly from management’s expectations, are described in greater detail in Item 1A of Part I, “Risk Factors.” Our primary source of revenue is the sale of a wide range of products and services to customers.",Unearned revenue,4578.0,16.68,,
"These risks and uncertainties, as well as other risks and uncertainties that could cause our actual results or outcomes to differ significantly from management’s expectations, are described in greater detail in Item 1A of Part I, “Risk Factors.” Our primary source of revenue is the sale of a wide range of products and services to customers.","Purchases of property and equipment, net of proceeds from sales and incentives",-77658.0,5.9,,
"As a measure of sensitivity, for every 1% of additional inventory valuation allowance as of December 31, 2025, we would have recorded an additional cost of sales of approximately $405 million.",Cost of sales,326288.0,32.34,,
"Our principal sources of liquidity are cash flows generated from operations and our cash, cash equivalents, and marketable securities balances, which, at fair value, were $101.2 billion and $123.0 billion as of December 31, 2024 and 2025.",Free cash flow,38219.0,32.06,,
"Our principal sources of liquidity are cash flows generated from operations and our cash, cash equivalents, and marketable securities balances, which, at fair value, were $101.2 billion and $123.0 billion as of December 31, 2024 and 2025.","Total cash, cash equivalents, and marketable securities",101202.0,21.96,,
"The increase in operating cash flow in 2025, compared to the prior year, was due to an increase in net income (loss), excluding non-cash expenses, and changes in working capital.",Free cash flow,38219.0,32.29,,
"The increase in operating cash flow in 2025, compared to the prior year, was due to an increase in net income (loss), excluding non-cash expenses, and changes in working capital.","Cash paid for interest on debt, net of capitalized interest",2608.0,22.59,,
"The increase in operating cash flow in 2025, compared to the prior year, was due to an increase in net income (loss), excluding non-cash expenses, and changes in working capital.","Total cash, cash equivalents, and marketable securities",101202.0,21.52,,
"Cash provided by (used in) investing activities was $(94.3) billion and $(142.5) billion in 2024 and 2025, with the variability caused primarily by purchases, sales, and maturities of marketable securities and cash capital expenditures.","Purchases of property and equipment, net of proceeds from sales and incentives",-77658.0,21.62,,
"Cash provided by (used in) investing activities was $(94.3) billion and $(142.5) billion in 2024 and 2025, with the variability caused primarily by purchases, sales, and maturities of marketable securities and cash capital expenditures.",Sales and maturities of marketable securities,5627.0,21.12,,
"Cash provided by (used in) investing activities was $(94.3) billion and $(142.5) billion in 2024 and 2025, with the variability caused primarily by purchases, sales, and maturities of marketable securities and cash capital expenditures.","Total cash, cash equivalents, and marketable securities",101202.0,21.05,,
"Cash capital expenditures were $77.7 billion, and $128.3 billion in 2024 and 2025, which primarily reflect investments in technology infrastructure (the majority of which is to support AWS business growth) and in additional capacity to support our fulfillment network, both of which we expect to increase in 2026.","Cash paid for interest on debt, net of capitalized interest",2608.0,20.05,,
"Cash capital expenditures were $77.7 billion, and $128.3 billion in 2024 and 2025, which primarily reflect investments in technology infrastructure (the majority of which is to support AWS business growth) and in additional capacity to support our fulfillment network, both of which we expect to increase in 2026.","Total cash, cash equivalents, and marketable securities",101202.0,19.35,,
"Cash inflows from financing activities resulted from proceeds from short-term debt, and other and long-term-debt of $5.1 billion and $25.0 billion in 2024 and 2025.","Cash paid for interest on debt, net of capitalized interest",2608.0,37.17,,
"Cash inflows from financing activities resulted from proceeds from short-term debt, and other and long-term-debt of $5.1 billion and $25.0 billion in 2024 and 2025.",Cash equivalents and marketable debt securities,106493.0,35.69,,
"Cash inflows from financing activities resulted from proceeds from short-term debt, and other and long-term-debt of $5.1 billion and $25.0 billion in 2024 and 2025.","Reclassification adjustments for gains (losses) on available-for-sale debt securities, net",5600.0,22.09,,
"Cash outflows from financing activities resulted from payments of short-term debt, and other, long-term debt, finance leases, and financing obligations of $17.0 billion and $15.3 billion in 2024 and 2025.","Cash paid for interest on debt, net of capitalized interest",2608.0,36.69,,
"Cash outflows from financing activities resulted from payments of short-term debt, and other, long-term debt, finance leases, and financing obligations of $17.0 billion and $15.3 billion in 2024 and 2025.",Cash equivalents and marketable debt securities,106493.0,35.42,,
"Cash outflows from financing activities resulted from payments of short-term debt, and other, long-term debt, finance leases, and financing obligations of $17.0 billion and $15.3 billion in 2024 and 2025.","Reclassification adjustments for gains (losses) on available-for-sale debt securities, net",5600.0,21.26,,
"See Item 8 of Part II, “Financial Statements and Supplementary Data — Note 6 — Debt” for additional information.","Cash paid for interest on debt, net of capitalized interest",2608.0,22.49,,
"See Item 8 of Part II, “Financial Statements and Supplementary Data — Note 6 — Debt” for additional information.","Reclassification adjustments for gains (losses) on available-for-sale debt securities, net",5600.0,21.93,,
"See Item 8 of Part II, “Financial Statements and Supplementary Data — Note 6 — Debt” for additional information.",Cash equivalents and marketable debt securities,106493.0,21.29,,
"As of December 31, 2025, cash, cash equivalents, and marketable securities held by foreign subsidiaries were $7.1 billion.",Sales and marketing,6.9,34.26,,
"As of December 31, 2025, cash, cash equivalents, and marketable securities held by foreign subsidiaries were $7.1 billion.",Cost of sales,7.0,33.26,,
"As of December 31, 2025, cash, cash equivalents, and marketable securities held by foreign subsidiaries were $7.1 billion.","Total cash, cash equivalents, and marketable securities",101202.0,26.3,,
"As of December 31, 2024 and 2025, restricted cash, cash equivalents, and marketable securities were $3.5 billion and $3.3 billion.","Total cash, cash equivalents, and marketable securities",101202.0,26.03,,
"As of December 31, 2024 and 2025, restricted cash, cash equivalents, and marketable securities were $3.5 billion and $3.3 billion.",Cash equivalents and marketable debt securities,106493.0,24.49,,
"See Item 8 of Part II, “Financial Statements and Supplementary Data — Note 6 — Debt” and “Financial Statements and Supplementary Data — Note 7 — Commitments and Contingencies” for additional discussion of our principal contractual commitments, as well as our pledged assets.",Cost of sales,7.0,51.67,,
"See Item 8 of Part II, “Financial Statements and Supplementary Data — Note 6 — Debt” and “Financial Statements and Supplementary Data — Note 7 — Commitments and Contingencies” for additional discussion of our principal contractual commitments, as well as our pledged assets.",Sales and marketing,6.9,32.18,,
"See Item 8 of Part II, “Financial Statements and Supplementary Data — Note 6 — Debt” and “Financial Statements and Supplementary Data — Note 7 — Commitments and Contingencies” for additional discussion of our principal contractual commitments, as well as our pledged assets.","Reclassification adjustments for gains (losses) on available-for-sale debt securities, net",5600.0,20.27,,
Changes in foreign exchange rates increased net sales by $4.4 billion in 2025.,"Purchases of property and equipment, net of proceeds from sales and incentives",-77658.0,23.72,,
Changes in foreign exchange rates increased net sales by $4.4 billion in 2025.,Proceeds from property and equipment sales and incentives,4596.0,23.3,,
Changes in foreign exchange rates increased net sales by $4.4 billion in 2025.,Sales and maturities of marketable securities,5627.0,21.83,,
"Sales increased 12% in 2025, compared to the prior year.",Sales and maturities of marketable securities,5627.0,24.11,,
"Sales increased 12% in 2025, compared to the prior year.",Proceeds from property and equipment sales and incentives,4596.0,22.79,,
"Sales increased 12% in 2025, compared to the prior year.","Purchases of property and equipment, net of proceeds from sales and incentives",-77658.0,22.46,,
"North America sales increased 10% in 2025, compared to the prior year.",Proceeds from property and equipment sales and incentives,4596.0,23.19,,
"North America sales increased 10% in 2025, compared to the prior year.","Purchases of property and equipment, net of proceeds from sales and incentives",-77658.0,22.84,,
"North America sales increased 10% in 2025, compared to the prior year.",Sales and maturities of marketable securities,5627.0,22.3,,
Changes in foreign exchange rates reduced North America net sales by $454 million in 2025.,"Purchases of property and equipment, net of proceeds from sales and incentives",-77658.0,23.57,,
Changes in foreign exchange rates reduced North America net sales by $454 million in 2025.,Proceeds from property and equipment sales and incentives,4596.0,22.89,,
Changes in foreign exchange rates reduced North America net sales by $454 million in 2025.,Sales and maturities of marketable securities,5627.0,21.22,,
"International sales increased 13% in 2025, compared to the prior year.",Proceeds from property and equipment sales and incentives,4596.0,23.19,,
"International sales increased 13% in 2025, compared to the prior year.","Purchases of property and equipment, net of proceeds from sales and incentives",-77658.0,22.84,,
"International sales increased 13% in 2025, compared to the prior year.",Sales and maturities of marketable securities,5627.0,22.3,,
"Increased unit sales were driven largely International sales increased 13% in 2025, compared to the prior year.","Purchases of property and equipment, net of proceeds from sales and incentives",-77658.0,22.62,,
"Increased unit sales were driven largely International sales increased 13% in 2025, compared to the prior year.",Proceeds from property and equipment sales and incentives,4596.0,22.62,,
"Increased unit sales were driven largely International sales increased 13% in 2025, compared to the prior year.",Sales and maturities of marketable securities,5627.0,21.41,,
"Changes in foreign exchange rates increased International net sales by $4.9 billion in 2025. by our continued focus on price, selection, and convenience for our customers, including from our fast shipping offers.","Purchases of property and equipment, net of proceeds from sales and incentives",-77658.0,22.59,,
"Changes in foreign exchange rates increased International net sales by $4.9 billion in 2025. by our continued focus on price, selection, and convenience for our customers, including from our fast shipping offers.",Proceeds from property and equipment sales and incentives,4596.0,21.39,,
"Changes in foreign exchange rates increased International net sales by $4.9 billion in 2025. by our continued focus on price, selection, and convenience for our customers, including from our fast shipping offers.",Sales and maturities of marketable securities,5627.0,19.98,,
Changes in foreign exchange rates increased International net sales by $4.9 billion in 2025.,"Purchases of property and equipment, net of proceeds from sales and incentives",-77658.0,23.47,,
Changes in foreign exchange rates increased International net sales by $4.9 billion in 2025.,Proceeds from property and equipment sales and incentives,4596.0,23.05,,
Changes in foreign exchange rates increased International net sales by $4.9 billion in 2025.,Sales and maturities of marketable securities,5627.0,21.72,,
"AWS sales increased 20% in 2025, compared to the prior year.",Proceeds from property and equipment sales and incentives,4596.0,23.21,,
"AWS sales increased 20% in 2025, compared to the prior year.",Sales and maturities of marketable securities,5627.0,22.62,,
"AWS sales increased 20% in 2025, compared to the prior year.","Purchases of property and equipment, net of proceeds from sales and incentives",-77658.0,22.54,,
"The increase in cost of sales in 2025, compared to the prior year, is primarily due to increased product and shipping costs resulting from increased sales, partially offset by operational efficiencies.",Cost of sales,326288.0,32.24,,
Changes in foreign exchange rates increased cost of sales by $2.8 billion in 2025.,Diluted earnings per share,2.9,36.3,,
Changes in foreign exchange rates increased cost of sales by $2.8 billion in 2025.,Cost of sales,326288.0,35.47,,
"The increase in fulfillment costs in 2025, compared to the prior year, is primarily due to increased sales and investments in our fulfillment network, partially offset by operational efficiencies.","Purchases of property and equipment, net of proceeds from sales and incentives",-77658.0,22.88,,
"The increase in fulfillment costs in 2025, compared to the prior year, is primarily due to increased sales and investments in our fulfillment network, partially offset by operational efficiencies.",Proceeds from property and equipment sales and incentives,4596.0,21.8,,
"The increase in fulfillment costs in 2025, compared to the prior year, is primarily due to increased sales and investments in our fulfillment network, partially offset by operational efficiencies.",Sales and maturities of marketable securities,5627.0,20.31,,
"The increase in sales and marketing costs in 2025, compared to the prior year, is primarily due to increased third-party advertising expenses.","Purchases of property and equipment, net of proceeds from sales and incentives",-77658.0,22.82,,
"The increase in sales and marketing costs in 2025, compared to the prior year, is primarily due to increased third-party advertising expenses.",Proceeds from property and equipment sales and incentives,4596.0,22.04,,
"The increase in sales and marketing costs in 2025, compared to the prior year, is primarily due to increased third-party advertising expenses.",Sales and maturities of marketable securities,5627.0,21.42,,
Changes in foreign exchange rates increased sales and marketing costs by $283 million in 2025.,"Purchases of property and equipment, net of proceeds from sales and incentives",-77658.0,23.6,,
Changes in foreign exchange rates increased sales and marketing costs by $283 million in 2025.,Proceeds from property and equipment sales and incentives,4596.0,23.21,,
Changes in foreign exchange rates increased sales and marketing costs by $283 million in 2025.,Sales and maturities of marketable securities,5627.0,22.48,,
"Operating income by segment is as follows (in millions): Operating income by segment is as follows (in millions): Year Ended December 31, 2024 2025 Operating Income North America $ 24,967 $ 29,619 International 3,792 4,750 AWS 39,834 45,606 Consolidated $ 68,593 $ 79,975 Operating income was $68.6 billion and $80.0 billion for 2024 and 2025.",Operating income (loss),3792.0,67.19,,
"Operating income by segment is as follows (in millions): Operating income by segment is as follows (in millions): Year Ended December 31, 2024 2025 Operating Income North America $ 24,967 $ 29,619 International 3,792 4,750 AWS 39,834 45,606 Consolidated $ 68,593 $ 79,975 Operating income was $68.6 billion and $80.0 billion for 2024 and 2025.",Operating income,68593.0,66.78,,
"Operating income for 2025 includes charges of $2.5 billion we recorded in Q3 2025 related to the settlement of a lawsuit with the FTC and $2.7 billion, of which $1.8 billion was recorded in Q3 2025, of estimated severance costs primarily related to planned role eliminations.",Diluted earnings per share,2.9,32.79,,
"Operating income for 2025 includes charges of $2.5 billion we recorded in Q3 2025 related to the settlement of a lawsuit with the FTC and $2.7 billion, of which $1.8 billion was recorded in Q3 2025, of estimated severance costs primarily related to planned role eliminations.",Basic earnings per share,2.95,32.68,,
"Operating income for 2025 includes charges of $2.5 billion we recorded in Q3 2025 related to the settlement of a lawsuit with the FTC and $2.7 billion, of which $1.8 billion was recorded in Q3 2025, of estimated severance costs primarily related to planned role eliminations.",Total non-operating income,705.0,17.79,,
"For more information on the operating expenses that impact segment operating income, see “Operating Expenses” and the descriptions of operating expense line item changes on pages 25 to 27, and “Note 10 — Segment Information” on page 67.",Total non-operating income,705.0,18.51,,
"For more information on the operating expenses that impact segment operating income, see “Operating Expenses” and the descriptions of operating expense line item changes on pages 25 to 27, and “Note 10 — Segment Information” on page 67.",Total operating expenses,569366.0,18.38,,
Operating income was $68.6 billion and $80.0 billion for 2024 and 2025.,Operating income,68593.0,22.36,,
"The increase in North America operating income in 2025, compared to the prior year, is primarily due to increased unit sales and increased advertising sales, partially offset by increased fulfillment, technology and infrastructure, shipping, and other operating costs.","Purchases of property and equipment, net of proceeds from sales and incentives",-77658.0,22.05,,
"The increase in North America operating income in 2025, compared to the prior year, is primarily due to increased unit sales and increased advertising sales, partially offset by increased fulfillment, technology and infrastructure, shipping, and other operating costs.",Proceeds from property and equipment sales and incentives,4596.0,20.91,,
"The increase in North America operating income in 2025, compared to the prior year, is primarily due to increased unit sales and increased advertising sales, partially offset by increased fulfillment, technology and infrastructure, shipping, and other operating costs.",Sales and maturities of marketable securities,5627.0,19.47,,
Changes in foreign exchange rates negatively impacted operating income by $204 million in 2025.,Total non-operating income,705.0,21.94,,
Changes in foreign exchange rates negatively impacted operating income by $204 million in 2025.,Operating income (loss),3792.0,20.08,,
Changes in foreign exchange rates negatively impacted operating income by $204 million in 2025.,Operating income,68593.0,19.68,,
"The increase in International operating income in 2025, compared to the prior year, is primarily due to increased unit sales and increased advertising sales, partially offset by increased fulfillment and shipping costs.","Purchases of property and equipment, net of proceeds from sales and incentives",-77658.0,22.41,,
"The increase in International operating income in 2025, compared to the prior year, is primarily due to increased unit sales and increased advertising sales, partially offset by increased fulfillment and shipping costs.",Proceeds from property and equipment sales and incentives,4596.0,21.81,,
"The increase in International operating income in 2025, compared to the prior year, is primarily due to increased unit sales and increased advertising sales, partially offset by increased fulfillment and shipping costs.",Sales and maturities of marketable securities,5627.0,20.3,,
Changes in foreign exchange rates positively impacted operating income by $903 million in 2025.,Total non-operating income,705.0,21.94,,
Changes in foreign exchange rates positively impacted operating income by $903 million in 2025.,Operating income (loss),3792.0,20.08,,
Changes in foreign exchange rates positively impacted operating income by $903 million in 2025.,Operating income,68593.0,19.68,,
"The increase in AWS operating income in 2025, compared to the prior year, is primarily due to increased sales, partially offset by spending on technology infrastructure that was primarily driven by additional investments to support AWS business growth.","Purchases of property and equipment, net of proceeds from sales and incentives",-77658.0,21.3,,
"The increase in AWS operating income in 2025, compared to the prior year, is primarily due to increased sales, partially offset by spending on technology infrastructure that was primarily driven by additional investments to support AWS business growth.",Proceeds from property and equipment sales and incentives,4596.0,20.05,,
"The increase in AWS operating income in 2025, compared to the prior year, is primarily due to increased sales, partially offset by spending on technology infrastructure that was primarily driven by additional investments to support AWS business growth.",Sales and maturities of marketable securities,5627.0,19.85,,
Changes in foreign exchange rates negatively impacted operating income by $341 million in 2025.,Total non-operating income,705.0,21.94,,
Changes in foreign exchange rates negatively impacted operating income by $341 million in 2025.,Operating income (loss),3792.0,20.08,,
Changes in foreign exchange rates negatively impacted operating income by $341 million in 2025.,Operating income,68593.0,19.68,,
Interest expense was $2.4 billion and $2.3 billion in 2024 and 2025 and was primarily related to debt and finance leases.,"Reclassification adjustments for gains (losses) on available-for-sale debt securities, net",5600.0,22.01,,
Interest expense was $2.4 billion and $2.3 billion in 2024 and 2025 and was primarily related to debt and finance leases.,"Cash paid for interest on debt, net of capitalized interest",2608.0,21.67,,
Interest expense was $2.4 billion and $2.3 billion in 2024 and 2025 and was primarily related to debt and finance leases.,Long-term debt principal and interest,5201.0,21.58,,
"See Item 8 of Part II, “Financial Statements and Supplementary Data — Note 4 — Leases and Note 6 — Debt” for additional information.","Cash paid for interest on debt, net of capitalized interest",2608.0,21.91,,
"See Item 8 of Part II, “Financial Statements and Supplementary Data — Note 4 — Leases and Note 6 — Debt” for additional information.","Reclassification adjustments for gains (losses) on available-for-sale debt securities, net",5600.0,21.85,,
"See Item 8 of Part II, “Financial Statements and Supplementary Data — Note 4 — Leases and Note 6 — Debt” for additional information.",Long-term debt principal and interest,5201.0,20.68,,
"Our long-term debt was $52.6 billion and $65.6 billion as of December 31, 2024 and 2025.",Cost of sales,51.1,33.17,,
"Our long-term debt was $52.6 billion and $65.6 billion as of December 31, 2024 and 2025.",Proceeds from long-term debt,15673.0,21.9,,
"Our long-term debt was $52.6 billion and $65.6 billion as of December 31, 2024 and 2025.","Proceeds from short-term debt, and other",18129.0,21.56,,
"The net loss of $(2.3) billion in 2024 is primarily from the marketable securities loss from our equity investment in Rivian Automotive, Inc. (“Rivian”).","Reclassification adjustments for gains (losses) on available-for-sale debt securities, net",5600.0,8.23,,
"The net loss of $(2.3) billion in 2024 is primarily from the marketable securities loss from our equity investment in Rivian Automotive, Inc. (“Rivian”).",Cash equivalents and marketable debt securities,106493.0,7.8,,
"The net loss of $(2.3) billion in 2024 is primarily from the marketable securities loss from our equity investment in Rivian Automotive, Inc. (“Rivian”).","Purchases of property and equipment, net of proceeds from sales and incentives",-77658.0,7.79,,
"Free cash flow is cash flow from operations reduced by “Purchases of property and equipment, net of proceeds from sales and incentives.” The following is a reconciliation of free cash flow to the most comparable GAAP cash flow measure, “Net cash provided by (used in) operating activities,” for 2024 and 2025 (in millions): Our financial focus is on long-term, sustainable growth in free cash flow.",Free cash flow,38219.0,31.36,,
"Free cash flow is cash flow from operations reduced by “Purchases of property and equipment, net of proceeds from sales and incentives.” The following is a reconciliation of free cash flow to the most comparable GAAP cash flow measure, “Net cash provided by (used in) operating activities,” for 2024 and 2025 (in millions): Our financial focus is on long-term, sustainable growth in free cash flow.","Purchases of property and equipment, net of proceeds from sales and incentives",-77658.0,21.39,,
"Free cash flow is cash flow from operations reduced by “Purchases of property and equipment, net of proceeds from sales and incentives.” The following is a reconciliation of free cash flow to the most comparable GAAP cash flow measure, “Net cash provided by (used in) operating activities,” for 2024 and 2025 (in millions): Our financial focus is on long-term, sustainable growth in free cash flow.",Proceeds from property and equipment sales and incentives,4596.0,19.75,,
"Net sales are expected to be between $173.5 billion and $178.5 billion, or to grow between 11% and 15% compared with first quarter 2025.","Purchases of property and equipment, net of proceeds from sales and incentives",-77658.0,22.66,,
"Net sales are expected to be between $173.5 billion and $178.5 billion, or to grow between 11% and 15% compared with first quarter 2025.",Proceeds from property and equipment sales and incentives,4596.0,22.25,,
"Net sales are expected to be between $173.5 billion and $178.5 billion, or to grow between 11% and 15% compared with first quarter 2025.",Sales and maturities of marketable securities,5627.0,20.97,,
"This guidance anticipates a favorable impact of approximately 180 basis points from foreign exchange rates. • Operating income is expected to be between $16.5 billion and $21.5 billion, compared with $18.4 billion in first quarter 2025.",Total non-operating income,705.0,18.51,,
"This guidance anticipates a favorable impact of approximately 180 basis points from foreign exchange rates. • Operating income is expected to be between $16.5 billion and $21.5 billion, compared with $18.4 billion in first quarter 2025.",Operating income (loss),3792.0,17.93,,
"This guidance anticipates a favorable impact of approximately 180 basis points from foreign exchange rates. • Operating income is expected to be between $16.5 billion and $21.5 billion, compared with $18.4 billion in first quarter 2025.",Operating income,68593.0,17.54,,
"Operating income is expected to be between $16.5 billion and $21.5 billion, compared with $18.4 billion in first quarter 2025.",Total non-operating income,705.0,19.74,,
"Operating income is expected to be between $16.5 billion and $21.5 billion, compared with $18.4 billion in first quarter 2025.",Operating income (loss),3792.0,19.56,,
"Operating income is expected to be between $16.5 billion and $21.5 billion, compared with $18.4 billion in first quarter 2025.",Operating income,68593.0,19.51,,
"Information relating to quantitative and qualitative disclosures about market risk is set forth below and in Item 7 of Part II, “Management’s Discussion and Analysis of Financial Condition and Results of Operations — Liquidity and Capital Resources.” Our exposure to market risk for changes in interest rates relates primarily to our investment portfolio and our debt.",Cost of sales,7.0,51.36,,
"Information relating to quantitative and qualitative disclosures about market risk is set forth below and in Item 7 of Part II, “Management’s Discussion and Analysis of Financial Condition and Results of Operations — Liquidity and Capital Resources.” Our exposure to market risk for changes in interest rates relates primarily to our investment portfolio and our debt.",Sales and marketing,6.9,31.86,,
"Information relating to quantitative and qualitative disclosures about market risk is set forth below and in Item 7 of Part II, “Management’s Discussion and Analysis of Financial Condition and Results of Operations — Liquidity and Capital Resources.” Our exposure to market risk for changes in interest rates relates primarily to our investment portfolio and our debt.","Reclassification adjustments for gains (losses) on available-for-sale debt securities, net",5600.0,20.33,,
"As of December 31, 2025, we had long-term debt with a face value of $68.8 billion, including the current portion, primarily consisting of fixed rate unsecured senior notes.","Reclassification adjustments for gains (losses) on available-for-sale debt securities, net",5600.0,22.02,,
"As of December 31, 2025, we had long-term debt with a face value of $68.8 billion, including the current portion, primarily consisting of fixed rate unsecured senior notes.","Cash paid for interest on debt, net of capitalized interest",2608.0,21.58,,
"As of December 31, 2025, we had long-term debt with a face value of $68.8 billion, including the current portion, primarily consisting of fixed rate unsecured senior notes.",Cash equivalents and marketable debt securities,106493.0,21.03,,
"During 2025, net sales from our International segment accounted for 23% of our consolidated revenues.","Purchases of property and equipment, net of proceeds from sales and incentives",-77658.0,23.27,,
"During 2025, net sales from our International segment accounted for 23% of our consolidated revenues.",Proceeds from property and equipment sales and incentives,4596.0,22.59,,
"During 2025, net sales from our International segment accounted for 23% of our consolidated revenues.",Sales and maturities of marketable securities,5627.0,21.03,,
"For example, as a result of fluctuations in foreign exchange rates throughout the year compared to rates in effect the prior year, International segment net sales increased by $4.9 billion in comparison with the prior year.","Purchases of property and equipment, net of proceeds from sales and incentives",-77658.0,21.78,,
"For example, as a result of fluctuations in foreign exchange rates throughout the year compared to rates in effect the prior year, International segment net sales increased by $4.9 billion in comparison with the prior year.",Proceeds from property and equipment sales and incentives,4596.0,20.57,,
"For example, as a result of fluctuations in foreign exchange rates throughout the year compared to rates in effect the prior year, International segment net sales increased by $4.9 billion in comparison with the prior year.",Sales and maturities of marketable securities,5627.0,20.22,,
"As of December 31, 2025, our recorded value in equity, equity warrant, and convertible debt investments in public and private companies was $69.1 billion.","Cash paid for interest on debt, net of capitalized interest",2608.0,21.95,,
"As of December 31, 2025, our recorded value in equity, equity warrant, and convertible debt investments in public and private companies was $69.1 billion.","Reclassification adjustments for gains (losses) on available-for-sale debt securities, net",5600.0,21.89,,
"As of December 31, 2025, our recorded value in equity, equity warrant, and convertible debt investments in public and private companies was $69.1 billion.",Cash equivalents and marketable debt securities,106493.0,21.37,,
"Sales commissions we pay in connection with contracts that exceed one year are capitalized and amortized over the contract term. - Our AWS arrangements include global sales of compute, storage, database, and other services.","Purchases of property and equipment, net of proceeds from sales and incentives",-77658.0,21.91,,
"Sales commissions we pay in connection with contracts that exceed one year are capitalized and amortized over the contract term. - Our AWS arrangements include global sales of compute, storage, database, and other services.",Proceeds from property and equipment sales and incentives,4596.0,20.86,,
"Sales commissions we pay in connection with contracts that exceed one year are capitalized and amortized over the contract term. - Our AWS arrangements include global sales of compute, storage, database, and other services.",Sales and maturities of marketable securities,5627.0,20.37,,
Sales commissions we pay in connection with contracts that exceed one year are capitalized and amortized over the contract term.,"Purchases of property and equipment, net of proceeds from sales and incentives",-77658.0,22.96,,
Sales commissions we pay in connection with contracts that exceed one year are capitalized and amortized over the contract term.,Sales and maturities of marketable securities,5627.0,22.63,,
Sales commissions we pay in connection with contracts that exceed one year are capitalized and amortized over the contract term.,Proceeds from property and equipment sales and incentives,4596.0,21.92,,
"The reclassification adjustments for the gains on available-for-sale debt securities of $ 5.6 billion for the year ended December 31, 2025 is primarily from the portions of our convertible notes investments in Anthropic that were converted to nonvoting preferred stock during the year ended December 31, 2025.","Reclassification adjustments for gains (losses) on available-for-sale debt securities, net",5600.0,21.92,,
"The reclassification adjustments for the gains on available-for-sale debt securities of $ 5.6 billion for the year ended December 31, 2025 is primarily from the portions of our convertible notes investments in Anthropic that were converted to nonvoting preferred stock during the year ended December 31, 2025.","Cash paid for interest on debt, net of capitalized interest",2608.0,19.67,,
"The reclassification adjustments for the gains on available-for-sale debt securities of $ 5.6 billion for the year ended December 31, 2025 is primarily from the portions of our convertible notes investments in Anthropic that were converted to nonvoting preferred stock during the year ended December 31, 2025.",Cash equivalents and marketable debt securities,106493.0,19.04,,
"Our total unearned revenue as of December 31, 2024 was $ 24.6 billion, of which $ 17.4 billion was recognized as revenue during the year ended December 31, 2025 and our total unearned revenue as of December 31, 2025 was $ 25.0 billion.",Unearned revenue,4578.0,17.23,,
"Our total unearned revenue as of December 31, 2024 was $ 24.6 billion, of which $ 17.4 billion was recognized as revenue during the year ended December 31, 2025 and our total unearned revenue as of December 31, 2025 was $ 25.0 billion.","Purchases of property and equipment, net of proceeds from sales and incentives",-77658.0,5.62,,
"Included in “Other long-term liabilities” on our consolidated balance sheets was $ 6.5 billion and $ 4.4 billion of unearned revenue as of December 31, 2024 and 2025.",Unearned revenue,4578.0,18.08,,
"Included in “Other long-term liabilities” on our consolidated balance sheets was $ 6.5 billion and $ 4.4 billion of unearned revenue as of December 31, 2024 and 2025.","Purchases of property and equipment, net of proceeds from sales and incentives",-77658.0,7.38,,
"See “Note 7 — Commitments and Contingencies.” We are required to pledge or otherwise restrict a portion of our cash, cash equivalents, and marketable debt securities primarily as collateral for real estate, amounts due to third-party sellers in certain jurisdictions, debt, standby and trade letters of credit, and licenses of digital media content.",Cost of sales,7.0,51.44,,
"See “Note 7 — Commitments and Contingencies.” We are required to pledge or otherwise restrict a portion of our cash, cash equivalents, and marketable debt securities primarily as collateral for real estate, amounts due to third-party sellers in certain jurisdictions, debt, standby and trade letters of credit, and licenses of digital media content.","Cash paid for interest on debt, net of capitalized interest",2608.0,34.9,,
"See “Note 7 — Commitments and Contingencies.” We are required to pledge or otherwise restrict a portion of our cash, cash equivalents, and marketable debt securities primarily as collateral for real estate, amounts due to third-party sellers in certain jurisdictions, debt, standby and trade letters of credit, and licenses of digital media content.",Cash equivalents and marketable debt securities,106493.0,34.75,,
"Excludes the original cost and accumulated amortization of fully-amortized intangibles. (2) Finite-lived intangible assets, excluding acquired video content, have estimated useful lives of between one and forty years , and are being amortized to operating expenses on a straight-line basis.",Total operating expenses,569366.0,17.93,,
"Excludes the original cost and accumulated amortization of fully-amortized intangibles. (2) Finite-lived intangible assets, excluding acquired video content, have estimated useful lives of between one and forty years , and are being amortized to operating expenses on a straight-line basis.",Operating expenses,569366.0,17.08,,
"Our total long-term debt obligations are as follows (in millions): As of December 31, 2025, we had $ 68.0 billion of unsecured senior notes outstanding (the “Notes”), including $ 15.0 billion issued in November 2025 for general corporate purposes.","Reclassification adjustments for gains (losses) on available-for-sale debt securities, net",5600.0,21.53,,
"Our total long-term debt obligations are as follows (in millions): As of December 31, 2025, we had $ 68.0 billion of unsecured senior notes outstanding (the “Notes”), including $ 15.0 billion issued in November 2025 for general corporate purposes.","Cash paid for interest on debt, net of capitalized interest",2608.0,20.49,,
"Our total long-term debt obligations are as follows (in millions): As of December 31, 2025, we had $ 68.0 billion of unsecured senior notes outstanding (the “Notes”), including $ 15.0 billion issued in November 2025 for general corporate purposes.",Cash equivalents and marketable debt securities,106493.0,19.63,,
"The estimated fair value of the Notes was approximately $ 50.2 billion and $ 61.1 billion as of December 31, 2024 and 2025, which is based on quoted prices for our debt as of those dates.",Cost of sales,51.1,32.4,,
"The estimated fair value of the Notes was approximately $ 50.2 billion and $ 61.1 billion as of December 31, 2024 and 2025, which is based on quoted prices for our debt as of those dates.","Reclassification adjustments for gains (losses) on available-for-sale debt securities, net",5600.0,21.64,,
"The estimated fair value of the Notes was approximately $ 50.2 billion and $ 61.1 billion as of December 31, 2024 and 2025, which is based on quoted prices for our debt as of those dates.","Cash paid for interest on debt, net of capitalized interest",2608.0,21.02,,
"Deferred tax assets are presented after tax effects and net of tax contingencies. (2) Relates primarily to deferred tax assets that would only be realizable upon the generation of net income in certain foreign taxing jurisdictions or future capital gains, as well as tax credits.",Total assets,624894.0,16.37,,
"Deferred tax assets are presented after tax effects and net of tax contingencies. (2) Relates primarily to deferred tax assets that would only be realizable upon the generation of net income in certain foreign taxing jurisdictions or future capital gains, as well as tax credits.",Net income,30425.0,16.25,,
"We are under examination, or may be subject to examination, by the Internal Revenue Service for the calendar year 2016 and thereafter.",Unearned revenue,4578.0,18.47,,
"We are under examination, or may be subject to examination, by the Internal Revenue Service for the calendar year 2016 and thereafter.","Purchases of property and equipment, net of proceeds from sales and incentives",-77658.0,7.55,,
Digital media content subscriptions that provide unlimited viewing or usage rights are included in “Subscription services.” (2) Includes product sales where our customers physically select items in a store.,"Purchases of property and equipment, net of proceeds from sales and incentives",-77658.0,21.62,,
Digital media content subscriptions that provide unlimited viewing or usage rights are included in “Subscription services.” (2) Includes product sales where our customers physically select items in a store.,Sales and maturities of marketable securities,5627.0,20.58,,
Digital media content subscriptions that provide unlimited viewing or usage rights are included in “Subscription services.” (2) Includes product sales where our customers physically select items in a store.,Proceeds from property and equipment sales and incentives,4596.0,20.48,,
"Sales to customers who order goods online for delivery or pickup at our physical stores are included in “Online stores.” (3) Includes commissions and any related fulfillment and shipping fees, and other third-party seller services.",Diluted earnings per share,2.9,33.42,,
"Sales to customers who order goods online for delivery or pickup at our physical stores are included in “Online stores.” (3) Includes commissions and any related fulfillment and shipping fees, and other third-party seller services.",Basic earnings per share,2.95,33.29,,
"Sales to customers who order goods online for delivery or pickup at our physical stores are included in “Online stores.” (3) Includes commissions and any related fulfillment and shipping fees, and other third-party seller services.","Purchases of property and equipment, net of proceeds from sales and incentives",-77658.0,21.99,,
"Includes commissions and any related fulfillment and shipping fees, and other third-party seller services. (4) Includes sales of advertising services to sellers, vendors, publishers, authors, and others, through programs such as sponsored ads, display, and video advertising.","Purchases of property and equipment, net of proceeds from sales and incentives",-77658.0,21.01,,
"Includes commissions and any related fulfillment and shipping fees, and other third-party seller services. (4) Includes sales of advertising services to sellers, vendors, publishers, authors, and others, through programs such as sponsored ads, display, and video advertising.",Proceeds from property and equipment sales and incentives,4596.0,20.3,,
"Includes commissions and any related fulfillment and shipping fees, and other third-party seller services. (4) Includes sales of advertising services to sellers, vendors, publishers, authors, and others, through programs such as sponsored ads, display, and video advertising.",Sales and maturities of marketable securities,5627.0,19.12,,
"Includes sales of advertising services to sellers, vendors, publishers, authors, and others, through programs such as sponsored ads, display, and video advertising. (5) Includes annual and monthly fees associated with Amazon Prime memberships, as well as digital video, audiobook, digital music, e-book, and other non-AWS subscription services.","Purchases of property and equipment, net of proceeds from sales and incentives",-77658.0,20.02,,
"Includes sales of advertising services to sellers, vendors, publishers, authors, and others, through programs such as sponsored ads, display, and video advertising. (5) Includes annual and monthly fees associated with Amazon Prime memberships, as well as digital video, audiobook, digital music, e-book, and other non-AWS subscription services.",Proceeds from property and equipment sales and incentives,4596.0,19.49,,
"Includes sales of advertising services to sellers, vendors, publishers, authors, and others, through programs such as sponsored ads, display, and video advertising. (5) Includes annual and monthly fees associated with Amazon Prime memberships, as well as digital video, audiobook, digital music, e-book, and other non-AWS subscription services.",Sales and maturities of marketable securities,5627.0,19.01,,
"Includes annual and monthly fees associated with Amazon Prime memberships, as well as digital video, audiobook, digital music, e-book, and other non-AWS subscription services. (6) Includes sales related to various other offerings (such as shipping services, healthcare services, and certain licensing and distribution of video content) and our co-branded credit card agreements.","Purchases of property and equipment, net of proceeds from sales and incentives",-77658.0,20.09,,
"Includes annual and monthly fees associated with Amazon Prime memberships, as well as digital video, audiobook, digital music, e-book, and other non-AWS subscription services. (6) Includes sales related to various other offerings (such as shipping services, healthcare services, and certain licensing and distribution of video content) and our co-branded credit card agreements.",Proceeds from property and equipment sales and incentives,4596.0,19.05,,
"Includes annual and monthly fees associated with Amazon Prime memberships, as well as digital video, audiobook, digital music, e-book, and other non-AWS subscription services. (6) Includes sales related to various other offerings (such as shipping services, healthcare services, and certain licensing and distribution of video content) and our co-branded credit card agreements.",Sales and maturities of marketable securities,5627.0,18.69,,
"As permitted by Item 601(b)(4)(iii)(A) of Regulation S-K, the Company has not filed with this Annual Report on Form 10-K certain instruments defining the rights of holders of long-term debt of the Company and its subsidiaries because the total amount of securities authorized thereunder does not exceed 10 percent of the total assets of the Company and its subsidiaries on a consolidated basis.","Reclassification adjustments for gains (losses) on available-for-sale debt securities, net",5600.0,20.12,,
"As permitted by Item 601(b)(4)(iii)(A) of Regulation S-K, the Company has not filed with this Annual Report on Form 10-K certain instruments defining the rights of holders of long-term debt of the Company and its subsidiaries because the total amount of securities authorized thereunder does not exceed 10 percent of the total assets of the Company and its subsidiaries on a consolidated basis.","Cash paid for interest on debt, net of capitalized interest",2608.0,19.5,,
"As permitted by Item 601(b)(4)(iii)(A) of Regulation S-K, the Company has not filed with this Annual Report on Form 10-K certain instruments defining the rights of holders of long-term debt of the Company and its subsidiaries because the total amount of securities authorized thereunder does not exceed 10 percent of the total assets of the Company and its subsidiaries on a consolidated basis.",Cash equivalents and marketable debt securities,106493.0,18.54,,
We generated more than 70% of total revenues from online advertising in 2025.,Research and development expenses as a percentage of revenues,14.0,23.7,,
We generated more than 70% of total revenues from online advertising in 2025.,Sales and marketing expenses as a percentage of revenues,8.0,23.42,,
We generated more than 70% of total revenues from online advertising in 2025.,Cash flow hedges of foreign currency revenue (2),1627.0,23.32,,
"For additional information, see Trends in Our Business and Financial Effect and Revenues and Monetization Metrics in Part II, Item 7 of this Annual Report on Form 10-K.",Sales and marketing expenses as a percentage of revenues,8.0,21.07,,
"For additional information, see Trends in Our Business and Financial Effect and Revenues and Monetization Metrics in Part II, Item 7 of this Annual Report on Form 10-K.",Total cost of revenues as a percentage of revenues,42.0,21.06,,
"For additional information, see Trends in Our Business and Financial Effect and Revenues and Monetization Metrics in Part II, Item 7 of this Annual Report on Form 10-K.",General and administrative expenses as a percentage of revenues,4.0,20.89,,
International revenues accounted for approximately 52% of consolidated revenues in 2025.,Total cost of revenues as a percentage of revenues,42.0,25.14,,
International revenues accounted for approximately 52% of consolidated revenues in 2025.,General and administrative expenses as a percentage of revenues,4.0,24.54,,
International revenues accounted for approximately 52% of consolidated revenues in 2025.,Sales and marketing expenses as a percentage of revenues,8.0,24.44,,
"We invested heavily in capital expenditures in 2025 and in 2026, we expect to significantly increase , relative to 2025, our i nvestment in our technical infrastructure, including servers and network equipment, and data centers.",Less: reclassification adjustment for net (gains) losses included in net income,1168.0,7.3,,
"We invested heavily in capital expenditures in 2025 and in 2026, we expect to significantly increase , relative to 2025, our i nvestment in our technical infrastructure, including servers and network equipment, and data centers.","Total gain (loss) on debt securities recognized in other income (expense), net",540.0,6.14,,
"We invested heavily in capital expenditures in 2025 and in 2026, we expect to significantly increase nvestment in our technical infrastructure, including servers and network equipment, and data centers.",Less: reclassification adjustment for net (gains) losses included in net income,1168.0,7.69,,
"We invested heavily in capital expenditures in 2025 and in 2026, we expect to significantly increase nvestment in our technical infrastructure, including servers and network equipment, and data centers.",Research and development expenses as a percentage of revenues,14.0,6.69,,
"In 2025, we raised capital through the issuance of debt and we expect to continue to assess the use of debt and other forms of financing in the future.","Total gain (loss) on debt securities recognized in other income (expense), net",540.0,22.86,,
"In 2025, we raised capital through the issuance of debt and we expect to continue to assess the use of debt and other forms of financing in the future.",Unrealized gain (loss) on fair value option debt securities,386.0,21.67,,
"In 2025, we raised capital through the issuance of debt and we expect to continue to assess the use of debt and other forms of financing in the future.","Proceeds from issuance of debt, net of costs",10790.0,21.36,,
"For additional information on how we recognize revenue, see Note 1 of the Notes to Consolidated Financial Statements included in Item 8 of this Annual Report on Form 10-K.",Sales and marketing expenses as a percentage of revenues,8.0,71.87,,
"For additional information on how we recognize revenue, see Note 1 of the Notes to Consolidated Financial Statements included in Item 8 of this Annual Report on Form 10-K.",Diluted net income per share (1),8.04,54.93,,
"For additional information on how we recognize revenue, see Note 1 of the Notes to Consolidated Financial Statements included in Item 8 of this Annual Report on Form 10-K.",Diluted net income per share,8.05,54.62,,
Our cost structure has two components: cost of revenues and operating expenses.,Research and development expenses as a percentage of revenues,14.0,25.86,,
Our cost structure has two components: cost of revenues and operating expenses.,General and administrative expenses as a percentage of revenues,4.0,25.42,,
Our cost structure has two components: cost of revenues and operating expenses.,Sales and marketing expenses as a percentage of revenues,8.0,25.37,,
"Revenues were $402.8 billion, an increase of 15% year over year, primarily driven by an increase in Google Services revenues of $37.8 billion, or 12%, and an increase in Google Cloud revenues of $15.5 billion, or 36%. • Cost of revenues was $162.5 billion, an increase of 11% ye ar over year, primarily driven by increases in TAC, content acquisition costs, and depreciation expense.",Less: reclassification adjustment for net (gains) losses included in net income,164.0,54.42,,
"Revenues were $402.8 billion, an increase of 15% year over year, primarily driven by an increase in Google Services revenues of $37.8 billion, or 12%, and an increase in Google Cloud revenues of $15.5 billion, or 36%. • Cost of revenues was $162.5 billion, an increase of 11% ye ar over year, primarily driven by increases in TAC, content acquisition costs, and depreciation expense.",Basic net income per share,10.91,52.05,,
"Revenues were $402.8 billion, an increase of 15% year over year, primarily driven by an increase in Google Services revenues of $37.8 billion, or 12%, and an increase in Google Cloud revenues of $15.5 billion, or 36%. • Cost of revenues was $162.5 billion, an increase of 11% ye ar over year, primarily driven by increases in TAC, content acquisition costs, and depreciation expense.",Unrealized gain (loss) on fair value option debt securities,386.0,33.89,,
"Table of Contents Alphabet Inc. • In 2025, we entered into definitive agreements to acquire Wiz, a leading cloud security platform, for $32.0 billion, and Intersect, a provider of data center and energy infrastructure solutions, for $4.8 billion in cash plus the assumption of debt.",Operating margin,32.0,51.88,,
"Table of Contents Alphabet Inc. • In 2025, we entered into definitive agreements to acquire Wiz, a leading cloud security platform, for $32.0 billion, and Intersect, a provider of data center and energy infrastructure solutions, for $4.8 billion in cash plus the assumption of debt.","Total gain (loss) on debt securities recognized in other income (expense), net",540.0,21.0,,
"Table of Contents Alphabet Inc. • In 2025, we entered into definitive agreements to acquire Wiz, a leading cloud security platform, for $32.0 billion, and Intersect, a provider of data center and energy infrastructure solutions, for $4.8 billion in cash plus the assumption of debt.",Unrealized gain (loss) on fair value option debt securities,386.0,20.28,,
"In 2025, we entered into definitive agreements to acquire Wiz, a leading cloud security platform, for $32.0 billion, and Intersect, a provider of data center and energy infrastructure solutions, for $4.8 billion in cash plus the assumption of debt.",Operating margin,32.0,52.12,,
"In 2025, we entered into definitive agreements to acquire Wiz, a leading cloud security platform, for $32.0 billion, and Intersect, a provider of data center and energy infrastructure solutions, for $4.8 billion in cash plus the assumption of debt.","Total gain (loss) on debt securities recognized in other income (expense), net",540.0,21.38,,
"In 2025, we entered into definitive agreements to acquire Wiz, a leading cloud security platform, for $32.0 billion, and Intersect, a provider of data center and energy infrastructure solutions, for $4.8 billion in cash plus the assumption of debt.",Unrealized gain (loss) on fair value option debt securities,386.0,20.34,,
"Operating cash flow was $164.7 billion for the year ended December 31, 2025. • Capital expenditures, which primarily reflected investments in technical infrastructure, were $91.4 billion for the year ended December 31, 2025.",Less: reclassification adjustment for net (gains) losses included in net income,164.0,55.81,,
"Operating cash flow was $164.7 billion for the year ended December 31, 2025. • Capital expenditures, which primarily reflected investments in technical infrastructure, were $91.4 billion for the year ended December 31, 2025.",Cash flow hedges of foreign currency revenue (2),1627.0,34.85,,
"Operating cash flow was $164.7 billion for the year ended December 31, 2025. • Capital expenditures, which primarily reflected investments in technical infrastructure, were $91.4 billion for the year ended December 31, 2025.",Operating margin,32.0,32.5,,
"Capital expenditures, which primarily reflected investments in technical infrastructure, were $91.4 billion for the year ended December 31, 2025. • As of December 31, 2025, we had 190,820 employees.",Operating margin,32.0,32.43,,
"Capital expenditures, which primarily reflected investments in technical infrastructure, were $91.4 billion for the year ended December 31, 2025. • As of December 31, 2025, we had 190,820 employees.","Total gain (loss) on debt securities recognized in other income (expense), net",540.0,6.23,,
"Capital expenditures, which primarily reflected investments in technical infrastructure, were $91.4 billion for the year ended December 31, 2025. • As of December 31, 2025, we had 190,820 employees.",Less: reclassification adjustment for net (gains) losses included in net income,1168.0,6.21,,
Google Search & other revenues increased $26.4 billion from 2024 to 2025.,Research and development expenses as a percentage of revenues,14.0,23.36,,
Google Search & other revenues increased $26.4 billion from 2024 to 2025.,Cash flow hedges of foreign currency revenue (2),1627.0,23.26,,
Google Search & other revenues increased $26.4 billion from 2024 to 2025.,Total cost of revenues as a percentage of revenues,42.0,23.13,,
YouTube ads revenues increased $4.2 billion from 2024 to 2025.,Total cost of revenues as a percentage of revenues,42.0,23.57,,
YouTube ads revenues increased $4.2 billion from 2024 to 2025.,Cash flow hedges of foreign currency revenue (2),1627.0,23.36,,
YouTube ads revenues increased $4.2 billion from 2024 to 2025.,Sales and marketing expenses as a percentage of revenues,8.0,23.14,,
"Google Network revenues decreased $567 million from 2024 to 2025, primarily due to a decrease in AdSense revenues, partially offset by an increase in AdMob revenues.","Total gain (loss) on debt securities recognized in other income (expense), net",540.0,37.08,,
"Google Network revenues decreased $567 million from 2024 to 2025, primarily due to a decrease in AdSense revenues, partially offset by an increase in AdMob revenues.","Gain (loss) on debt securities, net",540.0,34.8,,
"Google Network revenues decreased $567 million from 2024 to 2025, primarily due to a decrease in AdSense revenues, partially offset by an increase in AdMob revenues.",Total cost of revenues as a percentage of revenues,42.0,22.63,,
"Google Subscriptions, Platforms, and Devices Google Subscriptions, Platforms, and Devices Google subscriptions, platforms, and devices revenues increased $7.7 billion from 2024 to 2025.",Sales and marketing expenses as a percentage of revenues,8.0,50.81,,
"Google Subscriptions, Platforms, and Devices Google Subscriptions, Platforms, and Devices Google subscriptions, platforms, and devices revenues increased $7.7 billion from 2024 to 2025.",Diluted net income per share (1),8.04,34.06,,
"Google Subscriptions, Platforms, and Devices Google Subscriptions, Platforms, and Devices Google subscriptions, platforms, and devices revenues increased $7.7 billion from 2024 to 2025.",Diluted net income per share,8.05,33.94,,
"Google subscriptions, platforms, and devices revenues increased $7.7 billion from 2024 to 2025.",Sales and marketing expenses as a percentage of revenues,8.0,52.42,,
"Google subscriptions, platforms, and devices revenues increased $7.7 billion from 2024 to 2025.",Diluted net income per share (1),8.04,35.98,,
"Google subscriptions, platforms, and devices revenues increased $7.7 billion from 2024 to 2025.",Diluted net income per share,8.05,35.85,,
"Google Cloud revenues increased $15.5 billion from 2024 to 2025, primarily driven by growth in Google Cloud Platform largely from infrastructure and platform services.",General and administrative expenses as a percentage of revenues,4.0,21.61,,
"Google Cloud revenues increased $15.5 billion from 2024 to 2025, primarily driven by growth in Google Cloud Platform largely from infrastructure and platform services.",Research and development expenses as a percentage of revenues,14.0,21.49,,
"Google Cloud revenues increased $15.5 billion from 2024 to 2025, primarily driven by growth in Google Cloud Platform largely from infrastructure and platform services.",Total cost of revenues as a percentage of revenues,42.0,21.45,,
"Cost of revenues increased $16.2 billion from 2024 to 2025 due to an increase in other cost of revenues and TAC of $11.2 billion and $5.0 billion, respectively.",Basic net income per share,10.91,34.3,,
"Cost of revenues increased $16.2 billion from 2024 to 2025 due to an increase in other cost of revenues and TAC of $11.2 billion and $5.0 billion, respectively.",Diluted net income per share,10.82,34.26,,
"Cost of revenues increased $16.2 billion from 2024 to 2025 due to an increase in other cost of revenues and TAC of $11.2 billion and $5.0 billion, respectively.",Total cost of revenues as a percentage of revenues,42.0,23.0,,
"The increase in TAC from 2024 to 2025 was largely due to an increase in TAC paid to distribution partners, primarily driven by growth in revenues subject to TAC.",General and administrative expenses as a percentage of revenues,4.0,21.61,,
"The increase in TAC from 2024 to 2025 was largely due to an increase in TAC paid to distribution partners, primarily driven by growth in revenues subject to TAC.",Research and development expenses as a percentage of revenues,14.0,21.13,,
"The increase in TAC from 2024 to 2025 was largely due to an increase in TAC paid to distribution partners, primarily driven by growth in revenues subject to TAC.",Cash flow hedges of foreign currency revenue (2),1627.0,21.12,,
"The TAC rate decreased from 20.7% to 20.3% from 2024 to 2025, primarily due to a revenue mix shift from Google Network properties to Google Search & other properties.",Research and development expenses as a percentage of revenues,14.0,22.05,,
"The TAC rate decreased from 20.7% to 20.3% from 2024 to 2025, primarily due to a revenue mix shift from Google Network properties to Google Search & other properties.",Sales and marketing expenses as a percentage of revenues,8.0,21.67,,
"The TAC rate decreased from 20.7% to 20.3% from 2024 to 2025, primarily due to a revenue mix shift from Google Network properties to Google Search & other properties.",General and administrative expenses as a percentage of revenues,4.0,21.64,,
The TAC rates on Google Search & other and Google Network revenues were substantially consistent from 2024 to 2025.,Total cost of revenues as a percentage of revenues,42.0,22.76,,
The TAC rates on Google Search & other and Google Network revenues were substantially consistent from 2024 to 2025.,Research and development expenses as a percentage of revenues,14.0,22.5,,
The TAC rates on Google Search & other and Google Network revenues were substantially consistent from 2024 to 2025.,General and administrative expenses as a percentage of revenues,4.0,22.42,,
"The increase in other cost of revenues from 2024 to 2025 was primarily due to increases in content acquisition costs, largely for YouTube, depreciation expense, and other technical infrastructure operations costs.",Research and development expenses as a percentage of revenues,14.0,21.57,,
"The increase in other cost of revenues from 2024 to 2025 was primarily due to increases in content acquisition costs, largely for YouTube, depreciation expense, and other technical infrastructure operations costs.",Sales and marketing expenses as a percentage of revenues,8.0,21.54,,
"The increase in other cost of revenues from 2024 to 2025 was primarily due to increases in content acquisition costs, largely for YouTube, depreciation expense, and other technical infrastructure operations costs.",General and administrative expenses as a percentage of revenues,4.0,21.52,,
"Sales and marketing expenses increased $885 million from 2024 to 2025, primarily driven by an increase in advertising and promotional activities of $1.2 billion, partially offset by a decrease in employee compensation expenses of $214 million.",Effect of exchange rate changes on cash and cash equivalents,208.0,35.15,,
"Sales and marketing expenses increased $885 million from 2024 to 2025, primarily driven by an increase in advertising and promotional activities of $1.2 billion, partially offset by a decrease in employee compensation expenses of $214 million.",Sales and marketing expenses as a percentage of revenues,8.0,20.89,,
"Sales and marketing expenses increased $885 million from 2024 to 2025, primarily driven by an increase in advertising and promotional activities of $1.2 billion, partially offset by a decrease in employee compensation expenses of $214 million.",Maturities and sales of non-marketable securities,947.0,19.93,,
"Year Ended December 31, 2024 2025 Operating income (loss): Google Services $ 121,263 $ 139,404 Google Cloud 6,112 13,910 Other Bets (4,444) (7,515) Alphabet-level activities (1) (10,541) (16,760) Total income from operations $ 112,390 $ 129,039 (1) Alphabet-level activities primarily reflect expenses related to our shared AI research and development.",Operating income,112390.0,66.74,,
"Year Ended December 31, 2024 2025 Operating income (loss): Google Services $ 121,263 $ 139,404 Google Cloud 6,112 13,910 Other Bets (4,444) (7,515) Alphabet-level activities (1) (10,541) (16,760) Total income from operations $ 112,390 $ 129,039 (1) Alphabet-level activities primarily reflect expenses related to our shared AI research and development.",Total marketable securities,4402.0,52.43,,
"Year Ended December 31, 2024 2025 Operating income (loss): Google Services $ 121,263 $ 139,404 Google Cloud 6,112 13,910 Other Bets (4,444) (7,515) Alphabet-level activities (1) (10,541) (16,760) Total income from operations $ 112,390 $ 129,039 (1) Alphabet-level activities primarily reflect expenses related to our shared AI research and development.","Proceeds from issuance of debt, net of costs",10790.0,33.43,,
Google Services operating income increased $18.1 billion from 2024 to 2025.,Operating income,112390.0,19.84,,
Google Services operating income increased $18.1 billion from 2024 to 2025.,"Proceeds from issuance of debt, net of costs",10790.0,8.07,,
Google Services operating income increased $18.1 billion from 2024 to 2025.,Diluted net income per share (Note 12),5.8,7.43,,
Google Cloud operating income increased $7.8 billion from 2024 to 2025.,Diluted net income per share (1),8.04,37.38,,
Google Cloud operating income increased $7.8 billion from 2024 to 2025.,Diluted net income per share,8.05,37.27,,
Google Cloud operating income increased $7.8 billion from 2024 to 2025.,Basic net income per share,8.13,36.6,,
"Changes to US tax law enacted on July 4, 2025, allow for immediate expensing of domestic research and experimentation costs, accelerated depreciation on eligible capital expenditures, and other tax law changes impacting 2025 with certain changes effective in 2026.",General and administrative expenses as a percentage of revenues,4.0,55.75,,
"Changes to US tax law enacted on July 4, 2025, allow for immediate expensing of domestic research and experimentation costs, accelerated depreciation on eligible capital expenditures, and other tax law changes impacting 2025 with certain changes effective in 2026.",Effect of exchange rate changes on cash and cash equivalents,208.0,5.8,,
"Changes to US tax law enacted on July 4, 2025, allow for immediate expensing of domestic research and experimentation costs, accelerated depreciation on eligible capital expenditures, and other tax law changes impacting 2025 with certain changes effective in 2026.","Total gain (loss) on debt securities recognized in other income (expense), net",540.0,5.73,,
"Cash, Cash Equivalents, and Marketable Securities Cash, Cash Equivalents, and Marketable Securities As of December 31, 2025 , we had $126.8 billion in cash, cash equivalents, and short-term marketable securities.",Operating margin,32.0,31.93,,
"Cash, Cash Equivalents, and Marketable Securities Cash, Cash Equivalents, and Marketable Securities As of December 31, 2025 , we had $126.8 billion in cash, cash equivalents, and short-term marketable securities.","Total cash, cash equivalents, and marketable securities",95657.0,22.94,,
"Cash, Cash Equivalents, and Marketable Securities Cash, Cash Equivalents, and Marketable Securities As of December 31, 2025 , we had $126.8 billion in cash, cash equivalents, and short-term marketable securities.",Net increase (decrease) in cash and cash equivalents,2169.0,21.82,,
"Ca sh equivalents and marketable securities a re comprised of time deposits, money market funds, highly liquid government bonds, corporate debt securities, mortgage-backed and asset-backed securities, and marketable equity securities. , we had $126.8 billion in cash, cash equivalents, and short-term marketable securities.","Total gain (loss) on debt securities recognized in other income (expense), net",540.0,20.59,,
"Ca sh equivalents and marketable securities a re comprised of time deposits, money market funds, highly liquid government bonds, corporate debt securities, mortgage-backed and asset-backed securities, and marketable equity securities. , we had $126.8 billion in cash, cash equivalents, and short-term marketable securities.","Total cash, cash equivalents, and marketable securities",95657.0,20.5,,
"Ca sh equivalents and marketable securities a re comprised of time deposits, money market funds, highly liquid government bonds, corporate debt securities, mortgage-backed and asset-backed securities, and marketable equity securities. , we had $126.8 billion in cash, cash equivalents, and short-term marketable securities.",Effect of exchange rate changes on cash and cash equivalents,208.0,19.91,,
"Net cash provided by operating activities increased from 2024 to 2025 due to an increase in cash received from customers, partially offset by an increase in cash payments for cost of revenues and operating expenses.",Cash flow hedges of foreign currency revenue (2),1627.0,35.63,,
"Net cash provided by operating activities increased from 2024 to 2025 due to an increase in cash received from customers, partially offset by an increase in cash payments for cost of revenues and operating expenses.",Sales and marketing expenses as a percentage of revenues,8.0,22.23,,
"Net cash provided by operating activities increased from 2024 to 2025 due to an increase in cash received from customers, partially offset by an increase in cash payments for cost of revenues and operating expenses.",Research and development expenses as a percentage of revenues,14.0,21.81,,
"Net cash used in investing activities increased from 2024 to 2025, primarily due to an increase in purchases of property and equipment, driven by investments in technical infrastructure, and a decrease in maturities and sales of marketable securities.","Total cash, cash equivalents, and marketable securities",95657.0,21.14,,
"Net cash used in investing activities increased from 2024 to 2025, primarily due to an increase in purchases of property and equipment, driven by investments in technical infrastructure, and a decrease in maturities and sales of marketable securities.",Maturities and sales of non-marketable securities,947.0,21.0,,
"Net cash used in investing activities increased from 2024 to 2025, primarily due to an increase in purchases of property and equipment, driven by investments in technical infrastructure, and a decrease in maturities and sales of marketable securities.",Sales and marketing expenses as a percentage of revenues,8.0,20.99,,
"Net cash used in financing activities decreased from 2024 to 2025 due to an increase in proceeds from issuance of debt and a decrease in repurchases of stock, partially offset by repayments of debt.",Effect of exchange rate changes on cash and cash equivalents,208.0,21.98,,
"Net cash used in financing activities decreased from 2024 to 2025 due to an increase in proceeds from issuance of debt and a decrease in repurchases of stock, partially offset by repayments of debt.","Total gain (loss) on debt securities recognized in other income (expense), net",540.0,21.52,,
"Net cash used in financing activities decreased from 2024 to 2025 due to an increase in proceeds from issuance of debt and a decrease in repurchases of stock, partially offset by repayments of debt.",Unrealized gain (loss) on fair value option debt securities,386.0,20.91,,
"During the years ended December 31, 2024 and 2025, we spent $52.5 billion and $91.4 billion on capital expenditures, respectively.",Operating margin,32.0,32.74,,
"During the years ended December 31, 2024 and 2025, we spent $52.5 billion and $91.4 billion on capital expenditures, respectively.",Research and development expenses as a percentage of revenues,14.0,7.96,,
"During the years ended December 31, 2024 and 2025, we spent $52.5 billion and $91.4 billion on capital expenditures, respectively.",General and administrative expenses as a percentage of revenues,4.0,7.88,,
"In December 2025, we entered into a definitive agreement to acquire Intersect, which provides data center and energy infrastructure solutions, for $4.8 billion in cash, plus the assumption of debt.","Total gain (loss) on debt securities recognized in other income (expense), net",540.0,21.69,,
"In December 2025, we entered into a definitive agreement to acquire Intersect, which provides data center and energy infrastructure solutions, for $4.8 billion in cash, plus the assumption of debt.",Net increase (decrease) in cash and cash equivalents,2169.0,21.27,,
"In December 2025, we entered into a definitive agreement to acquire Intersect, which provides data center and energy infrastructure solutions, for $4.8 billion in cash, plus the assumption of debt.",Unrealized gain (loss) on fair value option debt securities,386.0,21.09,,
After consideration of the effect of derivative contracts. (2) The change in accumulated other comprehensive income (AOCI) would be expected to offset a corresponding foreign currency change in forecasted hedged revenues when recognized.,General and administrative expenses as a percentage of revenues,4.0,21.27,,
After consideration of the effect of derivative contracts. (2) The change in accumulated other comprehensive income (AOCI) would be expected to offset a corresponding foreign currency change in forecasted hedged revenues when recognized.,Cash flow hedges of foreign currency revenue (2),1627.0,21.18,,
After consideration of the effect of derivative contracts. (2) The change in accumulated other comprehensive income (AOCI) would be expected to offset a corresponding foreign currency change in forecasted hedged revenues when recognized.,Research and development expenses as a percentage of revenues,14.0,21.04,,
The change in accumulated other comprehensive income (AOCI) would be expected to offset a corresponding foreign currency change in forecasted hedged revenues when recognized. (3) The change in AOCI would be expected to offset a corresponding foreign currency translation gain or loss from our investments in foreign subsidiaries.,Research and development expenses as a percentage of revenues,14.0,19.92,,
The change in accumulated other comprehensive income (AOCI) would be expected to offset a corresponding foreign currency change in forecasted hedged revenues when recognized. (3) The change in AOCI would be expected to offset a corresponding foreign currency translation gain or loss from our investments in foreign subsidiaries.,General and administrative expenses as a percentage of revenues,4.0,19.9,,
The change in accumulated other comprehensive income (AOCI) would be expected to offset a corresponding foreign currency change in forecasted hedged revenues when recognized. (3) The change in AOCI would be expected to offset a corresponding foreign currency translation gain or loss from our investments in foreign subsidiaries.,Cash flow hedges of foreign currency revenue (2),1627.0,19.67,,
We expense sales commissions when incurred when the period of the expected benefit is one year or less.,Sales and marketing expenses as a percentage of revenues,8.0,23.05,,
We expense sales commissions when incurred when the period of the expected benefit is one year or less.,Maturities and sales of non-marketable securities,947.0,21.84,,
We expense sales commissions when incurred when the period of the expected benefit is one year or less.,Maturities and sales of marketable securities,86672.0,21.49,,
We recognize an asset for certain sales commissions and amortize if the expected benefit period is greater than one year.,Sales and marketing expenses as a percentage of revenues,8.0,22.91,,
We recognize an asset for certain sales commissions and amortize if the expected benefit period is greater than one year.,Maturities and sales of marketable securities,86672.0,21.99,,
We recognize an asset for certain sales commissions and amortize if the expected benefit period is greater than one year.,Maturities and sales of non-marketable securities,947.0,21.82,,
We classify all marketable debt securities that have effective maturities of three months or less from the date of purchase as cash equivalents and those with effective maturities of greater than three months as marketable securities.,"Total cash, cash equivalents, and marketable securities",95657.0,21.78,,
We classify all marketable debt securities that have effective maturities of three months or less from the date of purchase as cash equivalents and those with effective maturities of greater than three months as marketable securities.,"Total gain (loss) on debt securities recognized in other income (expense), net",540.0,21.67,,
We classify all marketable debt securities that have effective maturities of three months or less from the date of purchase as cash equivalents and those with effective maturities of greater than three months as marketable securities.,Unrealized gain (loss) on fair value option debt securities,386.0,21.01,,
"As we view these securities as available to support current operations, we classify highly liquid securities with maturities beyond 12 months as current assets under the caption marketable securities.",Total assets,450256.0,17.08,,
"As we view these securities as available to support current operations, we classify highly liquid securities with maturities beyond 12 months as current assets under the caption marketable securities.","Total gain (loss) on debt securities recognized in other income (expense), net",540.0,6.76,,
"As we view these securities as available to support current operations, we classify highly liquid securities with maturities beyond 12 months as current assets under the caption marketable securities.",Unrealized gain (loss) on fair value option debt securities,386.0,6.49,,
"As of December 31, 2025, we had $ 242.8 billion of remaining performance obligations (“revenue backlog""), primarily related to Google Cloud.",Operating margin,32.0,33.08,,
"As of December 31, 2025, we had $ 242.8 billion of remaining performance obligations (“revenue backlog""), primarily related to Google Cloud.",Total cost of revenues as a percentage of revenues,42.0,21.53,,
"As of December 31, 2025, we had $ 242.8 billion of remaining performance obligations (“revenue backlog""), primarily related to Google Cloud.",General and administrative expenses as a percentage of revenues,4.0,21.5,,
We expect to recognize just over 50 % of the revenue backlog as revenues over the next 24 months with the remainder to be recognized thereafter.,Total cost of revenues as a percentage of revenues,42.0,23.04,,
We expect to recognize just over 50 % of the revenue backlog as revenues over the next 24 months with the remainder to be recognized thereafter.,Research and development expenses as a percentage of revenues,14.0,22.22,,
We expect to recognize just over 50 % of the revenue backlog as revenues over the next 24 months with the remainder to be recognized thereafter.,Sales and marketing expenses as a percentage of revenues,8.0,22.2,,
"Revenue backlog includes related deferred revenue currently recorded as well as amounts that will be invoiced in future periods, and excludes contracts with an original expected term of one year or less and cancellable contracts.",Research and development expenses as a percentage of revenues,14.0,21.76,,
"Revenue backlog includes related deferred revenue currently recorded as well as amounts that will be invoiced in future periods, and excludes contracts with an original expected term of one year or less and cancellable contracts.",General and administrative expenses as a percentage of revenues,4.0,21.71,,
"Revenue backlog includes related deferred revenue currently recorded as well as amounts that will be invoiced in future periods, and excludes contracts with an original expected term of one year or less and cancellable contracts.",Sales and marketing expenses as a percentage of revenues,8.0,20.89,,
"Total deferred revenue as of December 31, 2024 was $ 6.0 billion, of which $ 4.6 billion was We record deferred revenues when cash payments are received or due in advance of our performance, including amounts which are refundable.",Cash flow hedges of foreign currency revenue (2),1627.0,35.04,,
"Total deferred revenue as of December 31, 2024 was $ 6.0 billion, of which $ 4.6 billion was We record deferred revenues when cash payments are received or due in advance of our performance, including amounts which are refundable.",Basic net income per share (Note 12),5.84,33.91,,
"Total deferred revenue as of December 31, 2024 was $ 6.0 billion, of which $ 4.6 billion was We record deferred revenues when cash payments are received or due in advance of our performance, including amounts which are refundable.",Diluted net income per share (Note 12),5.8,33.88,,
"Total deferred revenue as of December 31, 2024 was $ 6.0 billion, of which $ 4.6 billion was Table of Contents Alphabet Inc.",Diluted net income per share (Note 12),5.8,34.94,,
"Total deferred revenue as of December 31, 2024 was $ 6.0 billion, of which $ 4.6 billion was Table of Contents Alphabet Inc.",Basic net income per share (Note 12),5.84,34.75,,
"Total deferred revenue as of December 31, 2024 was $ 6.0 billion, of which $ 4.6 billion was Table of Contents Alphabet Inc.",Diluted net income per share,5.8,34.47,,
"Table of Contents Alphabet Inc. recognized as revenues for the year ended December 31, 2025.",Operating margin,32.0,34.07,,
"Table of Contents Alphabet Inc. recognized as revenues for the year ended December 31, 2025.",Sales and marketing expenses as a percentage of revenues,8.0,23.65,,
"Table of Contents Alphabet Inc. recognized as revenues for the year ended December 31, 2025.",Research and development expenses as a percentage of revenues,14.0,23.63,,
"Total deferred revenue as of December 31, 2025 was $ 8.6 billion. recognized as revenues for the year ended December 31, 2025.",Operating margin,32.0,32.82,,
"Total deferred revenue as of December 31, 2025 was $ 8.6 billion. recognized as revenues for the year ended December 31, 2025.",Total cost of revenues as a percentage of revenues,42.0,23.86,,
"Total deferred revenue as of December 31, 2025 was $ 8.6 billion. recognized as revenues for the year ended December 31, 2025.",Research and development expenses as a percentage of revenues,14.0,23.13,,
"Total deferred revenue as of December 31, 2025 was $ 8.6 billion.",Operating margin,32.0,33.95,,
"Total deferred revenue as of December 31, 2025 was $ 8.6 billion.",Research and development expenses as a percentage of revenues,14.0,23.89,,
"Total deferred revenue as of December 31, 2025 was $ 8.6 billion.",Total cost of revenues,146306.0,23.74,,
"Debt securities are measured at fair value and classified within Level 2 in the fair value hierarchy, because we use quoted market prices to the extent available or alternative pricing sources and models utilizing market observable inputs to determine fair value.","Total gain (loss) on debt securities recognized in other income (expense), net",540.0,21.1,,
"Debt securities are measured at fair value and classified within Level 2 in the fair value hierarchy, because we use quoted market prices to the extent available or alternative pricing sources and models utilizing market observable inputs to determine fair value.",Unrealized gain (loss) on fair value option debt securities,386.0,20.84,,
"Debt securities are measured at fair value and classified within Level 2 in the fair value hierarchy, because we use quoted market prices to the extent available or alternative pricing sources and models utilizing market observable inputs to determine fair value.","Loss (gain) on debt and equity securities, net",823.0,19.4,,
"We had no foreign currency-denominated debt as of December 31, 2024 and $ 15.4 billion carrying value of foreign currency-denominated debt designated as net investment hedges as of December 31, 2025 .",Operating margin,32.0,32.41,,
"We had no foreign currency-denominated debt as of December 31, 2024 and $ 15.4 billion carrying value of foreign currency-denominated debt designated as net investment hedges as of December 31, 2025 .","Total gain (loss) on debt securities recognized in other income (expense), net",540.0,21.19,,
"We had no foreign currency-denominated debt as of December 31, 2024 and $ 15.4 billion carrying value of foreign currency-denominated debt designated as net investment hedges as of December 31, 2025 .",Unrealized gain (loss) on fair value option debt securities,386.0,20.71,,
"As of December 31, 2024 and 2025, assets that can only be used to settle obligations of these VIEs were $ 8.7 billion and $ 5.6 billion, respectively, and are primarily included in cash and cash equivalents.",Diluted net income per share (Note 12),5.8,34.08,,
"As of December 31, 2024 and 2025, assets that can only be used to settle obligations of these VIEs were $ 8.7 billion and $ 5.6 billion, respectively, and are primarily included in cash and cash equivalents.",Basic net income per share (Note 12),5.84,33.95,,
"As of December 31, 2024 and 2025, assets that can only be used to settle obligations of these VIEs were $ 8.7 billion and $ 5.6 billion, respectively, and are primarily included in cash and cash equivalents.",Diluted net income per share,5.8,33.74,,
"Interest is calculated using the compounded Secured Overnight Financing Rate (SOFR) plus 0.52 %, reset quarterly. (2) Principal, unamortized discount, and debt issuance costs for the euro-denominated notes include the effect of foreign exchange rates.","Total gain (loss) on debt securities recognized in other income (expense), net",540.0,21.2,,
"Interest is calculated using the compounded Secured Overnight Financing Rate (SOFR) plus 0.52 %, reset quarterly. (2) Principal, unamortized discount, and debt issuance costs for the euro-denominated notes include the effect of foreign exchange rates.","Proceeds from issuance of debt, net of costs",10790.0,20.42,,
"Interest is calculated using the compounded Secured Overnight Financing Rate (SOFR) plus 0.52 %, reset quarterly. (2) Principal, unamortized discount, and debt issuance costs for the euro-denominated notes include the effect of foreign exchange rates.",Unrealized gain (loss) on fair value option debt securities,386.0,20.16,,
"Principal, unamortized discount, and debt issuance costs for the euro-denominated notes include the effect of foreign exchange rates. (3) Total current portion of long-term debt is included within accrued expenses and other current liabilities.","Total gain (loss) on debt securities recognized in other income (expense), net",540.0,21.46,,
"Principal, unamortized discount, and debt issuance costs for the euro-denominated notes include the effect of foreign exchange rates. (3) Total current portion of long-term debt is included within accrued expenses and other current liabilities.","Proceeds from issuance of debt, net of costs",10790.0,20.83,,
"Principal, unamortized discount, and debt issuance costs for the euro-denominated notes include the effect of foreign exchange rates. (3) Total current portion of long-term debt is included within accrued expenses and other current liabilities.",Unrealized gain (loss) on fair value option debt securities,386.0,20.54,,
"Interest expense is net of interest capitalized of $ 181 million, $ 194 million, and $ 447 million for the years ended December 31, 2023, 2024, and 2025, respectively.",Gross realized gain on debt securities,182.0,54.88,,
"Interest expense is net of interest capitalized of $ 181 million, $ 194 million, and $ 447 million for the years ended December 31, 2023, 2024, and 2025, respectively.",Operating margin,32.0,32.19,,
"Interest expense is net of interest capitalized of $ 181 million, $ 194 million, and $ 447 million for the years ended December 31, 2023, 2024, and 2025, respectively.",General and administrative expenses as a percentage of revenues,4.0,6.96,,
"In December 2025, we entered into a definitive agreement to acquire Intersect, which provides data center and energy infrastructure solutions, for $ 4.8 billion in cash, plus the assumption of debt.","Total gain (loss) on debt securities recognized in other income (expense), net",540.0,21.67,,
"In December 2025, we entered into a definitive agreement to acquire Intersect, which provides data center and energy infrastructure solutions, for $ 4.8 billion in cash, plus the assumption of debt.",Net increase (decrease) in cash and cash equivalents,2169.0,21.24,,
"In December 2025, we entered into a definitive agreement to acquire Intersect, which provides data center and energy infrastructure solutions, for $ 4.8 billion in cash, plus the assumption of debt.",Unrealized gain (loss) on fair value option debt securities,386.0,21.07,,
"We compute net income per share of Class A, Class B, and Class C stock using the two-class method.",Basic net income per share,5.84,38.06,,
"Google Services generates revenues primarily from advertising; fees received for consumer subscription-based products such as YouTube TV, YouTube Music and Premium, and NFL Sunday Ticket, as well as Google One; the sale of apps and in-app purchases; and devices.",General and administrative expenses as a percentage of revenues,4.0,20.66,,
"Google Services generates revenues primarily from advertising; fees received for consumer subscription-based products such as YouTube TV, YouTube Music and Premium, and NFL Sunday Ticket, as well as Google One; the sale of apps and in-app purchases; and devices.",Research and development expenses as a percentage of revenues,14.0,20.57,,
"Google Services generates revenues primarily from advertising; fees received for consumer subscription-based products such as YouTube TV, YouTube Music and Premium, and NFL Sunday Ticket, as well as Google One; the sale of apps and in-app purchases; and devices.",Sales and marketing expenses as a percentage of revenues,8.0,20.53,,
"Google Services generates revenues primarily from advertising; fees received for consumer subscription-based products such as YouTube TV, YouTube Music and Premium, and NFL Sunday Ticket, as well as Google One; the sale of apps and in-app purchases; and devices. • Google Cloud includes infrastructure and platform services, applications, and other services for enterprise customers.",Research and development expenses as a percentage of revenues,14.0,19.5,,
"Google Services generates revenues primarily from advertising; fees received for consumer subscription-based products such as YouTube TV, YouTube Music and Premium, and NFL Sunday Ticket, as well as Google One; the sale of apps and in-app purchases; and devices. • Google Cloud includes infrastructure and platform services, applications, and other services for enterprise customers.",General and administrative expenses as a percentage of revenues,4.0,19.39,,
"Google Services generates revenues primarily from advertising; fees received for consumer subscription-based products such as YouTube TV, YouTube Music and Premium, and NFL Sunday Ticket, as well as Google One; the sale of apps and in-app purchases; and devices. • Google Cloud includes infrastructure and platform services, applications, and other services for enterprise customers.",Total cost of revenues as a percentage of revenues,42.0,19.25,,
See Note 2 for further details relating to revenues by geography.,Total cost of revenues as a percentage of revenues,42.0,24.39,,
See Note 2 for further details relating to revenues by geography.,Sales and marketing expenses as a percentage of revenues,8.0,23.93,,
See Note 2 for further details relating to revenues by geography.,Cash flow hedges of foreign currency revenue (2),1627.0,23.85,,
"Microsoft 365 Commercial revenue is mainly affected by a combination of continued installed base growth and average revenue per user expansion, as well as the continued shift from Office licensed on-premises to Microsoft 365.",Long-term unearned revenue,2747.0,18.19,,
"Microsoft 365 Commercial revenue is mainly affected by a combination of continued installed base growth and average revenue per user expansion, as well as the continued shift from Office licensed on-premises to Microsoft 365.",Short-term unearned revenue,72965.0,18.17,,
"Microsoft 365 Commercial revenue is mainly affected by a combination of continued installed base growth and average revenue per user expansion, as well as the continued shift from Office licensed on-premises to Microsoft 365.",Total cost of revenue,106374.0,18.09,,
Microsoft 365 Consumer cloud revenue and Office Consumer products revenue is mainly affected by the percentage of customers that buy Office with their new devices and the continued shift from Office licensed on-premises to Microsoft 365 Consumer subscriptions.,Long-term unearned revenue,2747.0,17.94,,
Microsoft 365 Consumer cloud revenue and Office Consumer products revenue is mainly affected by the percentage of customers that buy Office with their new devices and the continued shift from Office licensed on-premises to Microsoft 365 Consumer subscriptions.,Short-term unearned revenue,72965.0,17.93,,
Microsoft 365 Consumer cloud revenue and Office Consumer products revenue is mainly affected by the percentage of customers that buy Office with their new devices and the continued shift from Office licensed on-premises to Microsoft 365 Consumer subscriptions.,Total cost of revenue,106374.0,17.85,,
"Microsoft 365 Consumer cloud revenue is also affected by the demand for communication and storage through Outlook.com and OneDrive, which is largely driven by subscriptions and advertising.",Long-term unearned revenue,2747.0,18.72,,
"Microsoft 365 Consumer cloud revenue is also affected by the demand for communication and storage through Outlook.com and OneDrive, which is largely driven by subscriptions and advertising.",Short-term unearned revenue,72965.0,18.7,,
"Microsoft 365 Consumer cloud revenue is also affected by the demand for communication and storage through Outlook.com and OneDrive, which is largely driven by subscriptions and advertising.",Foreign currency – Revenue,-13653.0,18.53,,
"Microsoft 365 Consumer products and cloud services, including Microsoft 365 Consumer subscriptions, Office licensed on-premises, and other consumer services. • LinkedIn, including Talent Solutions, Marketing Solutions, Premium Subscriptions, and Sales Solutions.",Sales of investments,21798.0,17.41,,
"Microsoft 365 Consumer products and cloud services, including Microsoft 365 Consumer subscriptions, Office licensed on-premises, and other consumer services. • LinkedIn, including Talent Solutions, Marketing Solutions, Premium Subscriptions, and Sales Solutions.",Sales and marketing,26710.0,17.28,,
"Microsoft 365 Consumer products and cloud services, including Microsoft 365 Consumer subscriptions, Office licensed on-premises, and other consumer services. • LinkedIn, including Talent Solutions, Marketing Solutions, Premium Subscriptions, and Sales Solutions.",Tax expense (benefit) included in provision for income taxes,21.0,5.47,,
"LinkedIn, including Talent Solutions, Marketing Solutions, Premium Subscriptions, and Sales Solutions. • Dynamics products and cloud services, including Dynamics 365, comprising a set of intelligent, cloud-based applications across ERP, CRM, Power Apps, and Power Automate; and on-premises ERP and CRM applications.",Sales of investments,21798.0,17.15,,
"LinkedIn, including Talent Solutions, Marketing Solutions, Premium Subscriptions, and Sales Solutions. • Dynamics products and cloud services, including Dynamics 365, comprising a set of intelligent, cloud-based applications across ERP, CRM, Power Apps, and Power Automate; and on-premises ERP and CRM applications.",Sales and marketing,26710.0,16.92,,
"LinkedIn, including Talent Solutions, Marketing Solutions, Premium Subscriptions, and Sales Solutions. • Dynamics products and cloud services, including Dynamics 365, comprising a set of intelligent, cloud-based applications across ERP, CRM, Power Apps, and Power Automate; and on-premises ERP and CRM applications.","Proceeds from issuance (repayments) of debt, maturities of 90 days or less, net",0.0,5.18,,
"Dynamics revenue is driven by the number of users licensed and applications consumed, expansion of average revenue per user, and the continued shift to Dynamics 365, a unified set of cloud-based intelligent business applications, including our low code development platforms, such as Power Apps and Power Automate.",Foreign currency – Revenue,-13653.0,17.59,,
"Dynamics revenue is driven by the number of users licensed and applications consumed, expansion of average revenue per user, and the continued shift to Dynamics 365, a unified set of cloud-based intelligent business applications, including our low code development platforms, such as Power Apps and Power Automate.",Long-term unearned revenue,2747.0,17.59,,
"Dynamics revenue is driven by the number of users licensed and applications consumed, expansion of average revenue per user, and the continued shift to Dynamics 365, a unified set of cloud-based intelligent business applications, including our low code development platforms, such as Power Apps and Power Automate.",Short-term unearned revenue,72965.0,17.58,,
"Of the total employees, 89,000 were in operations, including product support and consulting services, datacenter operations, and manufacturing and distribution; 77,000 were in product research and development; 43,000 were in sales and marketing; and 14,000 were in general and administration.",Net income,88308.0,51.06,,
"Of the total employees, 89,000 were in operations, including product support and consulting services, datacenter operations, and manufacturing and distribution; 77,000 were in product research and development; 43,000 were in sales and marketing; and 14,000 were in general and administration.",Total debt investments,85589.0,32.29,,
"Of the total employees, 89,000 were in operations, including product support and consulting services, datacenter operations, and manufacturing and distribution; 77,000 were in product research and development; 43,000 were in sales and marketing; and 14,000 were in general and administration.",Operating income,14386.0,31.95,,
"Since joining Microsoft in 1993, he was Deputy General Counsel for Worldwide Sales and previously was responsible for managing the European Law and Corporate Affairs Group, based in Paris.",Sales and marketing,26710.0,18.09,,
"Since joining Microsoft in 1993, he was Deputy General Counsel for Worldwide Sales and previously was responsible for managing the European Law and Corporate Affairs Group, based in Paris.",Sales of investments,21798.0,18.08,,
"Since joining Microsoft in 1993, he was Deputy General Counsel for Worldwide Sales and previously was responsible for managing the European Law and Corporate Affairs Group, based in Paris.",Tax expense (benefit) included in provision for income taxes,21.0,6.45,,
"We have approximately 14 million square feet of space located in King County, Washington that is used for engineering, sales, marketing, and operations, among other general and administrative purposes.",Sales and marketing,26710.0,18.09,,
"We have approximately 14 million square feet of space located in King County, Washington that is used for engineering, sales, marketing, and operations, among other general and administrative purposes.",Sales of investments,21798.0,18.08,,
"We have approximately 14 million square feet of space located in King County, Washington that is used for engineering, sales, marketing, and operations, among other general and administrative purposes.",Effect of foreign exchange rates on cash and cash equivalents,63.0,6.11,,
Highlights from fiscal year 2026 compared with fiscal year 2025 included: Highlights from fiscal year 2026 compared with fiscal year 2025 included: • Microsoft Cloud revenue increased 27% to $214.4 billion.,Total cost of revenue,106374.0,18.35,,
Highlights from fiscal year 2026 compared with fiscal year 2025 included: Highlights from fiscal year 2026 compared with fiscal year 2025 included: • Microsoft Cloud revenue increased 27% to $214.4 billion.,Foreign currency – Revenue,-13653.0,18.28,,
Highlights from fiscal year 2026 compared with fiscal year 2025 included: Highlights from fiscal year 2026 compared with fiscal year 2025 included: • Microsoft Cloud revenue increased 27% to $214.4 billion.,Long-term unearned revenue,2747.0,18.28,,
Microsoft Cloud revenue increased 27% to $214.4 billion.,Total cost of revenue,106374.0,23.31,,
Microsoft Cloud revenue increased 27% to $214.4 billion.,Cost of revenue,25017.0,22.89,,
Microsoft Cloud revenue increased 27% to $214.4 billion. • Commercial remaining performance obligation increased 84% to $678 billion.,Total cost of revenue,106374.0,19.94,,
Microsoft Cloud revenue increased 27% to $214.4 billion. • Commercial remaining performance obligation increased 84% to $678 billion.,Deferral of revenue,194184.0,19.21,,
Microsoft Cloud revenue increased 27% to $214.4 billion. • Commercial remaining performance obligation increased 84% to $678 billion.,Cost of revenue,25017.0,19.05,,
Commercial remaining performance obligation increased 84% to $678 billion. • Microsoft 365 Commercial cloud revenue increased 17%.,Adjusted diluted earnings per share (non-GAAP),17.28,35.23,,
Commercial remaining performance obligation increased 84% to $678 billion. • Microsoft 365 Commercial cloud revenue increased 17%.,Total cost of revenue,106374.0,20.03,,
Commercial remaining performance obligation increased 84% to $678 billion. • Microsoft 365 Commercial cloud revenue increased 17%.,Foreign currency – Revenue,-13653.0,19.36,,
Microsoft 365 Commercial cloud revenue increased 17%.,Adjusted diluted earnings per share (non-GAAP),17.28,36.46,,
Microsoft 365 Commercial cloud revenue increased 17%.,Total cost of revenue,106374.0,24.73,,
Microsoft 365 Commercial cloud revenue increased 17%.,Deferral of revenue,194184.0,23.33,,
Microsoft 365 Commercial cloud revenue increased 17%. • Microsoft 365 Consumer cloud revenue increased 28%.,Adjusted diluted earnings per share (non-GAAP),17.28,35.49,,
Microsoft 365 Commercial cloud revenue increased 17%. • Microsoft 365 Consumer cloud revenue increased 28%.,Total cost of revenue,106374.0,20.94,,
Microsoft 365 Commercial cloud revenue increased 17%. • Microsoft 365 Consumer cloud revenue increased 28%.,Short-term unearned revenue,72965.0,20.37,,
Microsoft 365 Consumer cloud revenue increased 28%.,Total cost of revenue,106374.0,23.89,,
Microsoft 365 Consumer cloud revenue increased 28%.,Cost of revenue,25017.0,23.48,,
Microsoft 365 Consumer cloud revenue increased 28%. • LinkedIn revenue increased 11%.,Foreign currency – Revenue,-13653.0,21.13,,
Microsoft 365 Consumer cloud revenue increased 28%. • LinkedIn revenue increased 11%.,Long-term unearned revenue,2747.0,21.13,,
Microsoft 365 Consumer cloud revenue increased 28%. • LinkedIn revenue increased 11%.,Short-term unearned revenue,72965.0,21.07,,
LinkedIn revenue increased 11%.,Unearned revenue,9361.0,26.06,,
LinkedIn revenue increased 11%.,Deferral of revenue,194184.0,23.8,,
LinkedIn revenue increased 11%. • Dynamics 365 revenue increased 18%.,Diluted earnings per share,17.95,56.32,,
LinkedIn revenue increased 11%. • Dynamics 365 revenue increased 18%.,Adjusted diluted earnings per share (non-GAAP),17.28,35.91,,
LinkedIn revenue increased 11%. • Dynamics 365 revenue increased 18%.,Foreign currency – Revenue,-13653.0,21.74,,
Dynamics 365 revenue increased 18%.,Diluted earnings per share,17.95,56.56,,
Dynamics 365 revenue increased 18%.,Adjusted diluted earnings per share (non-GAAP),17.28,35.43,,
Dynamics 365 revenue increased 18%.,Unearned revenue,9361.0,25.2,,
Dynamics 365 revenue increased 18%. • Azure and other cloud services revenue increased 41%.,Diluted earnings per share,17.95,56.15,,
Dynamics 365 revenue increased 18%. • Azure and other cloud services revenue increased 41%.,Adjusted diluted earnings per share (non-GAAP),17.28,36.42,,
Dynamics 365 revenue increased 18%. • Azure and other cloud services revenue increased 41%.,Foreign currency – Revenue,-13653.0,21.15,,
Azure and other cloud services revenue increased 41%.,Long-term unearned revenue,2747.0,23.61,,
Azure and other cloud services revenue increased 41%.,Short-term unearned revenue,72965.0,23.5,,
Azure and other cloud services revenue increased 41%.,Total cost of revenue,106374.0,23.11,,
Azure and other cloud services revenue increased 41%. • Windows OEM and Devices revenue decreased slightly.,Foreign currency – Revenue,-13653.0,20.71,,
Azure and other cloud services revenue increased 41%. • Windows OEM and Devices revenue decreased slightly.,Long-term unearned revenue,2747.0,20.41,,
Azure and other cloud services revenue increased 41%. • Windows OEM and Devices revenue decreased slightly.,Short-term unearned revenue,72965.0,20.37,,
Windows OEM and Devices revenue decreased slightly. • XBOX content and services revenue decreased 5%.,Long-term unearned revenue,2747.0,20.67,,
Windows OEM and Devices revenue decreased slightly. • XBOX content and services revenue decreased 5%.,Short-term unearned revenue,72965.0,20.62,,
Windows OEM and Devices revenue decreased slightly. • XBOX content and services revenue decreased 5%.,Foreign currency – Revenue,-13653.0,20.35,,
XBOX content and services revenue decreased 5%.,Long-term unearned revenue,2747.0,24.32,,
XBOX content and services revenue decreased 5%.,Short-term unearned revenue,72965.0,24.19,,
XBOX content and services revenue decreased 5%.,Unearned revenue,9361.0,23.25,,
XBOX content and services revenue decreased 5%. • Search advertising (formerly Search and news advertising) revenue excluding traffic acquisition costs increased 12%.,Diluted earnings per share,11.82,33.96,,
XBOX content and services revenue decreased 5%. • Search advertising (formerly Search and news advertising) revenue excluding traffic acquisition costs increased 12%.,Short-term unearned revenue,72965.0,19.35,,
XBOX content and services revenue decreased 5%. • Search advertising (formerly Search and news advertising) revenue excluding traffic acquisition costs increased 12%.,Foreign currency – Revenue,-13653.0,19.17,,
Search advertising (formerly Search and news advertising) revenue excluding traffic acquisition costs increased 12%.,Diluted earnings per share,11.82,35.07,,
Search advertising (formerly Search and news advertising) revenue excluding traffic acquisition costs increased 12%.,Short-term unearned revenue,72965.0,20.31,,
Search advertising (formerly Search and news advertising) revenue excluding traffic acquisition costs increased 12%.,Foreign currency – Revenue,-13653.0,20.07,,
Fluctuations in the U.S. dollar relative to certain foreign currencies increased reported revenue and did not have a material impact on reported expenses from our international operations in fiscal year 2026.,Long-term unearned revenue,2747.0,18.42,,
Fluctuations in the U.S. dollar relative to certain foreign currencies increased reported revenue and did not have a material impact on reported expenses from our international operations in fiscal year 2026.,Short-term unearned revenue,72965.0,18.4,,
Fluctuations in the U.S. dollar relative to certain foreign currencies increased reported revenue and did not have a material impact on reported expenses from our international operations in fiscal year 2026.,Total cost of revenue,106374.0,18.32,,
Fiscal Year 2026 Compared with Fiscal Year 2025 Revenue increased $50.1 billion or 18% driven by growth in Microsoft Cloud.,Diluted earnings per share,17.95,54.56,,
Fiscal Year 2026 Compared with Fiscal Year 2025 Revenue increased $50.1 billion or 18% driven by growth in Microsoft Cloud.,Adjusted diluted earnings per share (non-GAAP),17.28,35.21,,
Fiscal Year 2026 Compared with Fiscal Year 2025 Revenue increased $50.1 billion or 18% driven by growth in Microsoft Cloud.,Foreign currency – Revenue,-13653.0,20.1,,
Productivity and Business Processes revenue increased driven by Microsoft 365 Commercial cloud.,Total cost of revenue,106374.0,21.21,,
Productivity and Business Processes revenue increased driven by Microsoft 365 Commercial cloud.,Long-term unearned revenue,2747.0,20.62,,
Productivity and Business Processes revenue increased driven by Microsoft 365 Commercial cloud.,Deferral of revenue,194184.0,20.61,,
Cost of revenue increased $18.5 billion or 21% driven by growth in Microsoft Cloud.,Tax expense (benefit) included in provision for income taxes,21.0,56.71,,
Cost of revenue increased $18.5 billion or 21% driven by growth in Microsoft Cloud.,Diluted earnings per share,17.95,35.5,,
Cost of revenue increased $18.5 billion or 21% driven by growth in Microsoft Cloud.,Total cost of revenue,106374.0,21.92,,
"Operating expenses increased $4.9 billion or 7% driven by continued investments in research and development compute capacity, AI talent, and data to support product development that benefits the entire portfolio, impairment and other related expenses in our XBOX business, investments in commercial sales, and higher Copilot advertising expenses.",Sales of investments,21798.0,17.08,,
"Operating expenses increased $4.9 billion or 7% driven by continued investments in research and development compute capacity, AI talent, and data to support product development that benefits the entire portfolio, impairment and other related expenses in our XBOX business, investments in commercial sales, and higher Copilot advertising expenses.",Operating expenses,31100.0,16.98,,
Operating income increased $26.7 billion or 21% driven by growth in Productivity and Business Processes and Intelligent Cloud.,Tax expense (benefit) included in provision for income taxes,21.0,56.88,,
Operating income increased $26.7 billion or 21% driven by growth in Productivity and Business Processes and Intelligent Cloud.,Operating income,155237.0,19.51,,
Revenue and operating income both included a favorable foreign currency impact of 2%.,Foreign currency – Revenue,-13653.0,21.49,,
Revenue and operating income both included a favorable foreign currency impact of 2%.,Long-term unearned revenue,2747.0,20.41,,
Revenue and operating income both included a favorable foreign currency impact of 2%.,Short-term unearned revenue,72965.0,20.36,,
Fiscal Year 2026 Compared with Fiscal Year 2025 Fiscal Year 2026 Compared with Fiscal Year 2025 Revenue increased $50.1 billion or 18% driven by growth in Microsoft Cloud.,Diluted earnings per share,17.95,53.45,,
Fiscal Year 2026 Compared with Fiscal Year 2025 Fiscal Year 2026 Compared with Fiscal Year 2025 Revenue increased $50.1 billion or 18% driven by growth in Microsoft Cloud.,Adjusted diluted earnings per share (non-GAAP),17.28,34.24,,
Fiscal Year 2026 Compared with Fiscal Year 2025 Fiscal Year 2026 Compared with Fiscal Year 2025 Revenue increased $50.1 billion or 18% driven by growth in Microsoft Cloud.,Foreign currency – Revenue,-13653.0,18.86,,
Revenue increased $50.1 billion or 18% driven by growth in Microsoft Cloud.,Diluted earnings per share,17.95,55.54,,
Revenue increased $50.1 billion or 18% driven by growth in Microsoft Cloud.,Adjusted diluted earnings per share (non-GAAP),17.28,35.95,,
Revenue increased $50.1 billion or 18% driven by growth in Microsoft Cloud.,Short-term unearned revenue,72965.0,21.67,,
Gross margin increased $31.6 billion or 16% with growth across each of our segments.,Gross margin,225465.0,20.0,,
Gross margin increased $31.6 billion or 16% with growth across each of our segments.,"Proceeds from issuance (repayments) of debt, maturities of 90 days or less, net",0.0,8.1,,
Gross margin increased $31.6 billion or 16% with growth across each of our segments.,Effect of foreign exchange rates on cash and cash equivalents,63.0,8.0,,
"Gross margin increased $31.6 billion or 16% with growth across each of our segments. • Gross margin percentage decreased slightly driven by continued investments in AI infrastructure and growing AI product usage, offset in part by efficiency gains across the Microsoft Cloud.",Gross margin,225465.0,16.67,,
"Gross margin increased $31.6 billion or 16% with growth across each of our segments. • Gross margin percentage decreased slightly driven by continued investments in AI infrastructure and growing AI product usage, offset in part by efficiency gains across the Microsoft Cloud.","Proceeds from issuance (repayments) of debt, maturities of 90 days or less, net",0.0,5.31,,
"Gross margin increased $31.6 billion or 16% with growth across each of our segments. • Gross margin percentage decreased slightly driven by continued investments in AI infrastructure and growing AI product usage, offset in part by efficiency gains across the Microsoft Cloud.",Effect of foreign exchange rates on cash and cash equivalents,63.0,5.12,,
"Microsoft Cloud gross margin percentage decreased to 66% driven by continued investments in AI infrastructure and growing AI product usage, offset in part by efficiency gains in Azure and Microsoft 365 Commercial cloud.",Effect of foreign exchange rates on cash and cash equivalents,63.0,35.71,,
"Microsoft Cloud gross margin percentage decreased to 66% driven by continued investments in AI infrastructure and growing AI product usage, offset in part by efficiency gains in Azure and Microsoft 365 Commercial cloud.",Gross margin,225465.0,16.9,,
"Microsoft Cloud gross margin percentage decreased to 66% driven by continued investments in AI infrastructure and growing AI product usage, offset in part by efficiency gains in Azure and Microsoft 365 Commercial cloud.","Proceeds from issuance (repayments) of debt, maturities of 90 days or less, net",0.0,6.31,,
"Current year net income and diluted EPS were positively impacted by net gains from investments in OpenAI, which resulted in an increase in net income and diluted EPS of $5.0 billion and $0.67, respectively.",Net income available for common shareholders (A),133749.0,20.2,,
"Current year net income and diluted EPS were positively impacted by net gains from investments in OpenAI, which resulted in an increase in net income and diluted EPS of $5.0 billion and $0.67, respectively.",Adjusted diluted earnings per share (non-GAAP),17.28,20.08,,
"Current year net income and diluted EPS were positively impacted by net gains from investments in OpenAI, which resulted in an increase in net income and diluted EPS of $5.0 billion and $0.67, respectively.",Diluted earnings per share,17.95,18.79,,
"Prior year net income and diluted EPS were negatively impacted by net losses from investments in OpenAI, which resulted in a decrease in net income and diluted EPS of $3.6 billion and $0.49, respectively.",Net income available for common shareholders (A),133749.0,20.24,,
"Prior year net income and diluted EPS were negatively impacted by net losses from investments in OpenAI, which resulted in a decrease in net income and diluted EPS of $3.6 billion and $0.49, respectively.",Adjusted diluted earnings per share (non-GAAP),17.28,19.96,,
"Prior year net income and diluted EPS were negatively impacted by net losses from investments in OpenAI, which resulted in a decrease in net income and diluted EPS of $3.6 billion and $0.49, respectively.",Diluted earnings per share,17.95,18.65,,
Microsoft 365 Commercial cloud revenue grew 17% with growth in revenue per user driven by Microsoft 365 Copilot and Microsoft 365 E5.,Adjusted diluted earnings per share (non-GAAP),17.28,34.69,,
Microsoft 365 Commercial cloud revenue grew 17% with growth in revenue per user driven by Microsoft 365 Copilot and Microsoft 365 E5.,Total cost of revenue,106374.0,19.94,,
Microsoft 365 Commercial cloud revenue grew 17% with growth in revenue per user driven by Microsoft 365 Copilot and Microsoft 365 E5.,Long-term unearned revenue,2747.0,19.53,,
"Microsoft 365 Commercial products revenue grew 13% driven by growth in the Windows Commercial on-premises components of Microsoft 365 suite sales, as well as an increase in Office 2024 transactional purchasing. • Microsoft 365 Consumer products and cloud services revenue increased $1.8 billion or 24%.",Long-term unearned revenue,2747.0,17.68,,
"Microsoft 365 Commercial products revenue grew 13% driven by growth in the Windows Commercial on-premises components of Microsoft 365 suite sales, as well as an increase in Office 2024 transactional purchasing. • Microsoft 365 Consumer products and cloud services revenue increased $1.8 billion or 24%.",Short-term unearned revenue,72965.0,17.67,,
"Microsoft 365 Commercial products revenue grew 13% driven by growth in the Windows Commercial on-premises components of Microsoft 365 suite sales, as well as an increase in Office 2024 transactional purchasing. • Microsoft 365 Consumer products and cloud services revenue increased $1.8 billion or 24%.",Total cost of revenue,106374.0,17.48,,
Microsoft 365 Consumer cloud revenue grew 28% driven by growth in revenue per user and Microsoft 365 Consumer subscriber growth of 7%. • LinkedIn revenue increased $2.0 billion or 11% with growth across all lines of business. • Dynamics products and cloud services revenue increased $1.2 billion or 15% driven by growth in Dynamics 365.,Long-term unearned revenue,2747.0,17.43,,
Microsoft 365 Consumer cloud revenue grew 28% driven by growth in revenue per user and Microsoft 365 Consumer subscriber growth of 7%. • LinkedIn revenue increased $2.0 billion or 11% with growth across all lines of business. • Dynamics products and cloud services revenue increased $1.2 billion or 15% driven by growth in Dynamics 365.,Short-term unearned revenue,72965.0,17.42,,
Microsoft 365 Consumer cloud revenue grew 28% driven by growth in revenue per user and Microsoft 365 Consumer subscriber growth of 7%. • LinkedIn revenue increased $2.0 billion or 11% with growth across all lines of business. • Dynamics products and cloud services revenue increased $1.2 billion or 15% driven by growth in Dynamics 365.,Foreign currency – Revenue,-13653.0,17.32,,
Dynamics 365 revenue grew 18% with growth across all workloads.,Diluted earnings per share,17.95,55.39,,
Dynamics 365 revenue grew 18% with growth across all workloads.,Adjusted diluted earnings per share (non-GAAP),17.28,34.77,,
Dynamics 365 revenue grew 18% with growth across all workloads.,Total cost of revenue,106374.0,22.14,,
Revenue increased $19.2 billion or 16%. • Microsoft 365 Commercial products and cloud services revenue increased $14.2 billion or 16%.,Foreign currency – Revenue,-13653.0,20.0,,
Revenue increased $19.2 billion or 16%. • Microsoft 365 Commercial products and cloud services revenue increased $14.2 billion or 16%.,Long-term unearned revenue,2747.0,19.75,,
Revenue increased $19.2 billion or 16%. • Microsoft 365 Commercial products and cloud services revenue increased $14.2 billion or 16%.,Short-term unearned revenue,72965.0,19.72,,
"Microsoft 365 Commercial products revenue grew 13% driven by growth in the Windows Commercial on-premises components of Microsoft 365 suite sales, as well as an increase in Office 2024 transactional purchasing.",Long-term unearned revenue,2747.0,18.56,,
"Microsoft 365 Commercial products revenue grew 13% driven by growth in the Windows Commercial on-premises components of Microsoft 365 suite sales, as well as an increase in Office 2024 transactional purchasing.",Short-term unearned revenue,72965.0,18.54,,
"Microsoft 365 Commercial products revenue grew 13% driven by growth in the Windows Commercial on-premises components of Microsoft 365 suite sales, as well as an increase in Office 2024 transactional purchasing.",Foreign currency – Revenue,-13653.0,18.39,,
Microsoft 365 Commercial products and cloud services revenue increased $14.2 billion or 16%.,Total cost of revenue,106374.0,21.37,,
Microsoft 365 Commercial products and cloud services revenue increased $14.2 billion or 16%.,Short-term unearned revenue,72965.0,20.71,,
Microsoft 365 Commercial products and cloud services revenue increased $14.2 billion or 16%.,Long-term unearned revenue,2747.0,20.42,,
Microsoft 365 Consumer cloud revenue grew 28% driven by growth in revenue per user and Microsoft 365 Consumer subscriber growth of 7%.,Foreign currency – Revenue,-13653.0,19.75,,
Microsoft 365 Consumer cloud revenue grew 28% driven by growth in revenue per user and Microsoft 365 Consumer subscriber growth of 7%.,Long-term unearned revenue,2747.0,19.75,,
Microsoft 365 Consumer cloud revenue grew 28% driven by growth in revenue per user and Microsoft 365 Consumer subscriber growth of 7%.,Short-term unearned revenue,72965.0,19.72,,
Microsoft 365 Consumer products and cloud services revenue increased $1.8 billion or 24%.,Total cost of revenue,106374.0,21.55,,
Microsoft 365 Consumer products and cloud services revenue increased $1.8 billion or 24%.,Long-term unearned revenue,2747.0,20.91,,
Microsoft 365 Consumer products and cloud services revenue increased $1.8 billion or 24%.,Short-term unearned revenue,72965.0,20.86,,
Microsoft 365 Consumer cloud revenue grew 28% driven by growth in revenue per user and Microsoft 365 Consumer subscriber growth of 7%. • LinkedIn revenue increased $2.0 billion or 11% with growth across all lines of business.,Long-term unearned revenue,2747.0,18.35,,
Microsoft 365 Consumer cloud revenue grew 28% driven by growth in revenue per user and Microsoft 365 Consumer subscriber growth of 7%. • LinkedIn revenue increased $2.0 billion or 11% with growth across all lines of business.,Foreign currency – Revenue,-13653.0,18.19,,
Microsoft 365 Consumer cloud revenue grew 28% driven by growth in revenue per user and Microsoft 365 Consumer subscriber growth of 7%. • LinkedIn revenue increased $2.0 billion or 11% with growth across all lines of business.,Short-term unearned revenue,72965.0,18.17,,
LinkedIn revenue increased $2.0 billion or 11% with growth across all lines of business.,Total cost of revenue,106374.0,21.61,,
LinkedIn revenue increased $2.0 billion or 11% with growth across all lines of business.,Deferral of revenue,194184.0,21.36,,
LinkedIn revenue increased $2.0 billion or 11% with growth across all lines of business.,Unearned revenue,9361.0,20.77,,
LinkedIn revenue increased $2.0 billion or 11% with growth across all lines of business. • Dynamics products and cloud services revenue increased $1.2 billion or 15% driven by growth in Dynamics 365.,Long-term unearned revenue,2747.0,18.56,,
LinkedIn revenue increased $2.0 billion or 11% with growth across all lines of business. • Dynamics products and cloud services revenue increased $1.2 billion or 15% driven by growth in Dynamics 365.,Short-term unearned revenue,72965.0,18.36,,
LinkedIn revenue increased $2.0 billion or 11% with growth across all lines of business. • Dynamics products and cloud services revenue increased $1.2 billion or 15% driven by growth in Dynamics 365.,Deferral of revenue,194184.0,18.3,,
Dynamics products and cloud services revenue increased $1.2 billion or 15% driven by growth in Dynamics 365.,Long-term unearned revenue,2747.0,20.37,,
Dynamics products and cloud services revenue increased $1.2 billion or 15% driven by growth in Dynamics 365.,Short-term unearned revenue,72965.0,20.04,,
Dynamics products and cloud services revenue increased $1.2 billion or 15% driven by growth in Dynamics 365.,Total cost of revenue,106374.0,19.96,,
Operating income increased $14.1 billion or 20%. • Cost of revenue increased $2.6 billion or 12% driven by investments in AI infrastructure to support Microsoft 365 Copilot seat and usage growth. • Gross margin increased $16.6 billion or 17% driven by growth in Microsoft 365 Commercial cloud.,Tax expense (benefit) included in provision for income taxes,21.0,34.53,,
Operating income increased $14.1 billion or 20%. • Cost of revenue increased $2.6 billion or 12% driven by investments in AI infrastructure to support Microsoft 365 Copilot seat and usage growth. • Gross margin increased $16.6 billion or 17% driven by growth in Microsoft 365 Commercial cloud.,Adjusted diluted earnings per share (non-GAAP),17.28,33.54,,
Operating income increased $14.1 billion or 20%. • Cost of revenue increased $2.6 billion or 12% driven by investments in AI infrastructure to support Microsoft 365 Copilot seat and usage growth. • Gross margin increased $16.6 billion or 17% driven by growth in Microsoft 365 Commercial cloud.,Diluted earnings per share,11.82,32.76,,
"Revenue, gross margin, and operating income included a favorable foreign currency impact of 2%, 3%, and 3%, respectively.",Foreign currency – Revenue,-13653.0,19.9,,
"Revenue, gross margin, and operating income included a favorable foreign currency impact of 2%, 3%, and 3%, respectively.",Long-term unearned revenue,2747.0,19.63,,
"Revenue, gross margin, and operating income included a favorable foreign currency impact of 2%, 3%, and 3%, respectively.",Short-term unearned revenue,72965.0,19.32,,
Intelligent Cloud Revenue increased $31.5 billion or 30%. • Server products and cloud services revenue increased $31.0 billion or 31% driven by Azure and other cloud services.,Foreign currency – Revenue,-13653.0,19.38,,
Intelligent Cloud Revenue increased $31.5 billion or 30%. • Server products and cloud services revenue increased $31.0 billion or 31% driven by Azure and other cloud services.,Total cost of revenue,106374.0,18.88,,
Intelligent Cloud Revenue increased $31.5 billion or 30%. • Server products and cloud services revenue increased $31.0 billion or 31% driven by Azure and other cloud services.,Long-term unearned revenue,2747.0,18.78,,
Azure and other cloud services revenue grew 41% driven by demand for services across the platform with continued growth across all workloads.,Long-term unearned revenue,2747.0,19.79,,
Azure and other cloud services revenue grew 41% driven by demand for services across the platform with continued growth across all workloads.,Short-term unearned revenue,72965.0,19.76,,
Azure and other cloud services revenue grew 41% driven by demand for services across the platform with continued growth across all workloads.,Total cost of revenue,106374.0,19.44,,
"Server products revenue increased 1% primarily driven by higher purchases of licenses running in multi-cloud environments, offset in part by continued customer shift to cloud. • Enterprise and partner services revenue increased $500 million or 6% driven by growth in Enterprise Support Services.",Short-term unearned revenue,72965.0,17.86,,
"Server products revenue increased 1% primarily driven by higher purchases of licenses running in multi-cloud environments, offset in part by continued customer shift to cloud. • Enterprise and partner services revenue increased $500 million or 6% driven by growth in Enterprise Support Services.",Long-term unearned revenue,2747.0,17.74,,
"Server products revenue increased 1% primarily driven by higher purchases of licenses running in multi-cloud environments, offset in part by continued customer shift to cloud. • Enterprise and partner services revenue increased $500 million or 6% driven by growth in Enterprise Support Services.",Foreign currency – Revenue,-13653.0,17.62,,
Operating income increased $12.4 billion or 28%. • Cost of revenue increased $17.7 billion or 44% driven by investments in AI infrastructure to support growing customer demand. • Gross margin increased $13.8 billion or 21% driven by growth in Azure.,Tax expense (benefit) included in provision for income taxes,21.0,54.92,,
Operating income increased $12.4 billion or 28%. • Cost of revenue increased $17.7 billion or 44% driven by investments in AI infrastructure to support growing customer demand. • Gross margin increased $13.8 billion or 21% driven by growth in Azure.,Adjusted diluted earnings per share (non-GAAP),17.28,34.07,,
Operating income increased $12.4 billion or 28%. • Cost of revenue increased $17.7 billion or 44% driven by investments in AI infrastructure to support growing customer demand. • Gross margin increased $13.8 billion or 21% driven by growth in Azure.,Diluted earnings per share,17.95,33.2,,
"Gross margin percentage decreased driven by the continued investments in AI infrastructure as well as sales mix shift to Azure, offset in part by efficiency gains in Azure. • Operating expenses increased $1.4 billion or 7% driven by continued investments in research and development compute capacity, AI talent, and data to support product development that benefits the entire portfolio.",Sales of investments,21798.0,16.87,,
"Gross margin percentage decreased driven by the continued investments in AI infrastructure as well as sales mix shift to Azure, offset in part by efficiency gains in Azure. • Operating expenses increased $1.4 billion or 7% driven by continued investments in research and development compute capacity, AI talent, and data to support product development that benefits the entire portfolio.",Operating expenses,31100.0,16.78,,
Cost of revenue included an unfavorable foreign currency impact of 2%.,Long-term unearned revenue,2747.0,22.92,,
Cost of revenue included an unfavorable foreign currency impact of 2%.,Total cost of revenue,106374.0,22.91,,
Cost of revenue included an unfavorable foreign currency impact of 2%.,Short-term unearned revenue,72965.0,22.84,,
More Personal Computing Revenue decreased $597 million or 1%. • Windows and Devices revenue decreased $230 million or 1%.,Long-term unearned revenue,2747.0,20.44,,
More Personal Computing Revenue decreased $597 million or 1%. • Windows and Devices revenue decreased $230 million or 1%.,Foreign currency – Revenue,-13653.0,20.17,,
More Personal Computing Revenue decreased $597 million or 1%. • Windows and Devices revenue decreased $230 million or 1%.,Short-term unearned revenue,72965.0,20.14,,
"Windows OEM and Devices revenue decreased slightly driven by a decline in Devices, offset in part by Windows OEM growth of 5% with inventory levels that remained elevated. • XBOX revenue decreased $1.7 billion or 7% driven by declines in XBOX content and services and XBOX hardware.",Foreign currency – Revenue,-13653.0,17.6,,
"Windows OEM and Devices revenue decreased slightly driven by a decline in Devices, offset in part by Windows OEM growth of 5% with inventory levels that remained elevated. • XBOX revenue decreased $1.7 billion or 7% driven by declines in XBOX content and services and XBOX hardware.",Long-term unearned revenue,2747.0,17.6,,
"Windows OEM and Devices revenue decreased slightly driven by a decline in Devices, offset in part by Windows OEM growth of 5% with inventory levels that remained elevated. • XBOX revenue decreased $1.7 billion or 7% driven by declines in XBOX content and services and XBOX hardware.",Short-term unearned revenue,72965.0,17.59,,
"XBOX content and services revenue decreased 5% on a prior year comparable that benefited from strong first-party content performance, offset in part by growth in XBOX Game Pass.",Short-term unearned revenue,72965.0,19.12,,
"XBOX content and services revenue decreased 5% on a prior year comparable that benefited from strong first-party content performance, offset in part by growth in XBOX Game Pass.",Long-term unearned revenue,2747.0,18.94,,
"XBOX content and services revenue decreased 5% on a prior year comparable that benefited from strong first-party content performance, offset in part by growth in XBOX Game Pass.",Total cost of revenue,106374.0,18.84,,
XBOX hardware revenue decreased 29% driven by lower volume of consoles sold. • Search advertising revenue increased $1.3 billion or 9%.,Short-term unearned revenue,72965.0,19.94,,
XBOX hardware revenue decreased 29% driven by lower volume of consoles sold. • Search advertising revenue increased $1.3 billion or 9%.,Foreign currency – Revenue,-13653.0,19.47,,
XBOX hardware revenue decreased 29% driven by lower volume of consoles sold. • Search advertising revenue increased $1.3 billion or 9%.,Long-term unearned revenue,2747.0,19.47,,
"Search advertising revenue excluding traffic acquisition costs increased 12% driven by higher search volume and revenue per search, as well as benefit from third-party partnerships.",Diluted earnings per share,11.82,34.25,,
"Search advertising revenue excluding traffic acquisition costs increased 12% driven by higher search volume and revenue per search, as well as benefit from third-party partnerships.",Short-term unearned revenue,72965.0,19.62,,
"Search advertising revenue excluding traffic acquisition costs increased 12% driven by higher search volume and revenue per search, as well as benefit from third-party partnerships.",Long-term unearned revenue,2747.0,19.25,,
Operating income increased $14.1 billion or 20%.,Tax expense (benefit) included in provision for income taxes,21.0,38.15,,
Operating income increased $14.1 billion or 20%.,Operating income,155237.0,25.0,,
Operating income increased $14.1 billion or 20%. • Cost of revenue increased $2.6 billion or 12% driven by investments in AI infrastructure to support Microsoft 365 Copilot seat and usage growth.,Tax expense (benefit) included in provision for income taxes,21.0,35.65,,
Operating income increased $14.1 billion or 20%. • Cost of revenue increased $2.6 billion or 12% driven by investments in AI infrastructure to support Microsoft 365 Copilot seat and usage growth.,Diluted earnings per share,11.82,33.62,,
Operating income increased $14.1 billion or 20%. • Cost of revenue increased $2.6 billion or 12% driven by investments in AI infrastructure to support Microsoft 365 Copilot seat and usage growth.,Total cost of revenue,106374.0,18.7,,
Cost of revenue increased $2.6 billion or 12% driven by investments in AI infrastructure to support Microsoft 365 Copilot seat and usage growth.,Diluted earnings per share,11.82,34.47,,
Cost of revenue increased $2.6 billion or 12% driven by investments in AI infrastructure to support Microsoft 365 Copilot seat and usage growth.,Long-term unearned revenue,2747.0,19.71,,
Cost of revenue increased $2.6 billion or 12% driven by investments in AI infrastructure to support Microsoft 365 Copilot seat and usage growth.,Short-term unearned revenue,72965.0,19.68,,
Cost of revenue increased $2.6 billion or 12% driven by investments in AI infrastructure to support Microsoft 365 Copilot seat and usage growth. • Gross margin increased $16.6 billion or 17% driven by growth in Microsoft 365 Commercial cloud.,Adjusted diluted earnings per share (non-GAAP),17.28,33.89,,
Cost of revenue increased $2.6 billion or 12% driven by investments in AI infrastructure to support Microsoft 365 Copilot seat and usage growth. • Gross margin increased $16.6 billion or 17% driven by growth in Microsoft 365 Commercial cloud.,Diluted earnings per share,11.82,33.13,,
Cost of revenue increased $2.6 billion or 12% driven by investments in AI infrastructure to support Microsoft 365 Copilot seat and usage growth. • Gross margin increased $16.6 billion or 17% driven by growth in Microsoft 365 Commercial cloud.,Total cost of revenue,106374.0,18.04,,
"Gross margin percentage increased slightly primarily driven by efficiency gains in Microsoft 365 Commercial cloud, offset in part by continued investments in AI infrastructure and growing AI product usage.",Gross margin,225465.0,17.21,,
"Gross margin percentage increased slightly primarily driven by efficiency gains in Microsoft 365 Commercial cloud, offset in part by continued investments in AI infrastructure and growing AI product usage.","Cash and cash equivalents, beginning of period",30242.0,6.06,,
"Gross margin percentage increased slightly primarily driven by efficiency gains in Microsoft 365 Commercial cloud, offset in part by continued investments in AI infrastructure and growing AI product usage.",Effect of foreign exchange rates on cash and cash equivalents,63.0,6.02,,
Gross margin increased $16.6 billion or 17% driven by growth in Microsoft 365 Commercial cloud.,Adjusted diluted earnings per share (non-GAAP),17.28,35.96,,
Gross margin increased $16.6 billion or 17% driven by growth in Microsoft 365 Commercial cloud.,Gross margin,225465.0,19.49,,
Gross margin increased $16.6 billion or 17% driven by growth in Microsoft 365 Commercial cloud.,"Proceeds from issuance (repayments) of debt, maturities of 90 days or less, net",0.0,6.9,,
"Operating expenses increased $2.5 billion or 9% driven by continued investments in research and development compute capacity, AI talent, and data to support product development that benefits the entire portfolio, as well as investments in commercial sales and higher Copilot advertising expenses.",Sales of investments,21798.0,17.41,,
"Operating expenses increased $2.5 billion or 9% driven by continued investments in research and development compute capacity, AI talent, and data to support product development that benefits the entire portfolio, as well as investments in commercial sales and higher Copilot advertising expenses.",Operating expenses,31100.0,17.29,,
Revenue increased $31.5 billion or 30%.,Foreign currency – Revenue,-13653.0,23.0,,
Revenue increased $31.5 billion or 30%.,Long-term unearned revenue,2747.0,23.0,,
Revenue increased $31.5 billion or 30%.,Short-term unearned revenue,72965.0,22.88,,
Revenue increased $31.5 billion or 30%. • Server products and cloud services revenue increased $31.0 billion or 31% driven by Azure and other cloud services.,Foreign currency – Revenue,-13653.0,19.15,,
Revenue increased $31.5 billion or 30%. • Server products and cloud services revenue increased $31.0 billion or 31% driven by Azure and other cloud services.,Short-term unearned revenue,72965.0,18.91,,
Revenue increased $31.5 billion or 30%. • Server products and cloud services revenue increased $31.0 billion or 31% driven by Azure and other cloud services.,Total cost of revenue,106374.0,18.82,,
"Server products revenue increased 1% primarily driven by higher purchases of licenses running in multi-cloud environments, offset in part by continued customer shift to cloud.",Foreign currency – Revenue,-13653.0,18.98,,
"Server products revenue increased 1% primarily driven by higher purchases of licenses running in multi-cloud environments, offset in part by continued customer shift to cloud.",Short-term unearned revenue,72965.0,18.96,,
"Server products revenue increased 1% primarily driven by higher purchases of licenses running in multi-cloud environments, offset in part by continued customer shift to cloud.",Total cost of revenue,106374.0,18.88,,
Server products and cloud services revenue increased $31.0 billion or 31% driven by Azure and other cloud services.,Short-term unearned revenue,72965.0,20.07,,
Server products and cloud services revenue increased $31.0 billion or 31% driven by Azure and other cloud services.,Total cost of revenue,106374.0,20.0,,
Server products and cloud services revenue increased $31.0 billion or 31% driven by Azure and other cloud services.,Foreign currency – Revenue,-13653.0,19.82,,
Enterprise and partner services revenue increased $500 million or 6% driven by growth in Enterprise Support Services.,Short-term unearned revenue,72965.0,20.28,,
Enterprise and partner services revenue increased $500 million or 6% driven by growth in Enterprise Support Services.,Long-term unearned revenue,2747.0,20.03,,
Enterprise and partner services revenue increased $500 million or 6% driven by growth in Enterprise Support Services.,Deferral of revenue,194184.0,19.71,,
Operating income increased $12.4 billion or 28%.,Diluted earnings per share,11.82,35.95,,
Operating income increased $12.4 billion or 28%.,Operating income,155237.0,25.0,,
Operating income increased $12.4 billion or 28%. • Cost of revenue increased $17.7 billion or 44% driven by investments in AI infrastructure to support growing customer demand.,Adjusted diluted earnings per share (non-GAAP),17.28,34.86,,
Operating income increased $12.4 billion or 28%. • Cost of revenue increased $17.7 billion or 44% driven by investments in AI infrastructure to support growing customer demand.,Diluted earnings per share,17.95,34.16,,
Cost of revenue increased $17.7 billion or 44% driven by investments in AI infrastructure to support growing customer demand.,Adjusted diluted earnings per share (non-GAAP),17.28,35.85,,
Cost of revenue increased $17.7 billion or 44% driven by investments in AI infrastructure to support growing customer demand.,Diluted earnings per share,17.95,35.3,,
Cost of revenue increased $17.7 billion or 44% driven by investments in AI infrastructure to support growing customer demand.,Total cost of revenue,106374.0,20.21,,
Cost of revenue increased $17.7 billion or 44% driven by investments in AI infrastructure to support growing customer demand. • Gross margin increased $13.8 billion or 21% driven by growth in Azure.,Tax expense (benefit) included in provision for income taxes,21.0,55.74,,
Cost of revenue increased $17.7 billion or 44% driven by investments in AI infrastructure to support growing customer demand. • Gross margin increased $13.8 billion or 21% driven by growth in Azure.,Adjusted diluted earnings per share (non-GAAP),17.28,34.75,,
Cost of revenue increased $17.7 billion or 44% driven by investments in AI infrastructure to support growing customer demand. • Gross margin increased $13.8 billion or 21% driven by growth in Azure.,Diluted earnings per share,17.95,33.93,,
Gross margin increased $13.8 billion or 21% driven by growth in Azure.,Tax expense (benefit) included in provision for income taxes,21.0,57.08,,
Gross margin increased $13.8 billion or 21% driven by growth in Azure.,Gross margin,225465.0,20.85,,
Gross margin increased $13.8 billion or 21% driven by growth in Azure.,"Proceeds from issuance (repayments) of debt, maturities of 90 days or less, net",0.0,7.79,,
"Operating expenses increased $1.4 billion or 7% driven by continued investments in research and development compute capacity, AI talent, and data to support product development that benefits the entire portfolio.",Operating expenses,31100.0,18.13,,
Revenue decreased $597 million or 1%.,Foreign currency – Revenue,-13653.0,23.89,,
Revenue decreased $597 million or 1%.,Long-term unearned revenue,2747.0,22.62,,
Revenue decreased $597 million or 1%.,Short-term unearned revenue,72965.0,22.5,,
Revenue decreased $597 million or 1%. • Windows and Devices revenue decreased $230 million or 1%.,Deferral of revenue,194184.0,20.86,,
Revenue decreased $597 million or 1%. • Windows and Devices revenue decreased $230 million or 1%.,Foreign currency – Revenue,-13653.0,20.53,,
Revenue decreased $597 million or 1%. • Windows and Devices revenue decreased $230 million or 1%.,Total cost of revenue,106374.0,20.08,,
"Windows OEM and Devices revenue decreased slightly driven by a decline in Devices, offset in part by Windows OEM growth of 5% with inventory levels that remained elevated.",Deferral of revenue,194184.0,18.79,,
"Windows OEM and Devices revenue decreased slightly driven by a decline in Devices, offset in part by Windows OEM growth of 5% with inventory levels that remained elevated.",Total cost of revenue,106374.0,18.75,,
"Windows OEM and Devices revenue decreased slightly driven by a decline in Devices, offset in part by Windows OEM growth of 5% with inventory levels that remained elevated.",Foreign currency – Revenue,-13653.0,18.65,,
Windows and Devices revenue decreased $230 million or 1%.,Deferral of revenue,194184.0,23.42,,
Windows and Devices revenue decreased $230 million or 1%.,Total cost of revenue,106374.0,22.69,,
Windows and Devices revenue decreased $230 million or 1%.,Unearned revenue,9361.0,22.12,,
XBOX hardware revenue decreased 29% driven by lower volume of consoles sold.,Deferral of revenue,194184.0,22.16,,
XBOX hardware revenue decreased 29% driven by lower volume of consoles sold.,Total cost of revenue,106374.0,21.6,,
XBOX hardware revenue decreased 29% driven by lower volume of consoles sold.,Long-term unearned revenue,2747.0,21.27,,
XBOX revenue decreased $1.7 billion or 7% driven by declines in XBOX content and services and XBOX hardware.,Long-term unearned revenue,2747.0,20.07,,
XBOX revenue decreased $1.7 billion or 7% driven by declines in XBOX content and services and XBOX hardware.,Short-term unearned revenue,72965.0,20.04,,
XBOX revenue decreased $1.7 billion or 7% driven by declines in XBOX content and services and XBOX hardware.,Total cost of revenue,106374.0,19.96,,
Search advertising revenue increased $1.3 billion or 9%.,Deferral of revenue,194184.0,23.0,,
Search advertising revenue increased $1.3 billion or 9%.,Total cost of revenue,106374.0,22.79,,
Search advertising revenue increased $1.3 billion or 9%.,Unearned revenue,9361.0,22.78,,
Operating income increased $220 million or 2%. • Cost of revenue decreased $1.8 billion or 7% driven by lower hardware sales. • Gross margin increased $1.2 billion or 4% driven by growth in Search advertising and Windows OEM.,Tax expense (benefit) included in provision for income taxes,4.0,55.61,,
Operating income increased $220 million or 2%. • Cost of revenue decreased $1.8 billion or 7% driven by lower hardware sales. • Gross margin increased $1.2 billion or 4% driven by growth in Search advertising and Windows OEM.,Short-term unearned revenue,72965.0,18.33,,
Operating income increased $220 million or 2%. • Cost of revenue decreased $1.8 billion or 7% driven by lower hardware sales. • Gross margin increased $1.2 billion or 4% driven by growth in Search advertising and Windows OEM.,Long-term unearned revenue,2747.0,18.19,,
"Gross margin percentage increased driven by sales mix shift to higher margin businesses. • Operating expenses increased $940 million or 6% driven by impairment and other related expenses in our XBOX business and continued investments in research and development compute capacity, AI talent, and data to support product development that benefits the entire portfolio.",Sales of investments,21798.0,16.97,,
"Gross margin percentage increased driven by sales mix shift to higher margin businesses. • Operating expenses increased $940 million or 6% driven by impairment and other related expenses in our XBOX business and continued investments in research and development compute capacity, AI talent, and data to support product development that benefits the entire portfolio.",Operating expenses,31100.0,16.88,,
Operating income included a favorable foreign currency impact of 2%.,Operating income,155237.0,22.62,,
"OPERATING EXPENSES Research and Development (In millions, except percentages) 2026 2025 Percentage Change Research and development $ 35,562 $ 32,488 9% As a percent of revenue 11% 12% (1)ppt Research and development expenses include payroll, stock-based compensation expense, employee benefits, and other headcount-related expenses associated with product development.",Operating expenses,31100.0,46.66,,
"OPERATING EXPENSES Research and Development (In millions, except percentages) 2026 2025 Percentage Change Research and development $ 35,562 $ 32,488 9% As a percent of revenue 11% 12% (1)ppt Research and development expenses include payroll, stock-based compensation expense, employee benefits, and other headcount-related expenses associated with product development.",Diluted earnings per share,11.82,32.23,,
"OPERATING EXPENSES Research and Development (In millions, except percentages) 2026 2025 Percentage Change Research and development $ 35,562 $ 32,488 9% As a percent of revenue 11% 12% (1)ppt Research and development expenses include payroll, stock-based compensation expense, employee benefits, and other headcount-related expenses associated with product development.",Long-term debt,31067.0,31.26,,
Fiscal Year 2026 Compared with Fiscal Year 2025 Sales and marketing expenses increased $1.1 billion or 4% driven by investments in commercial sales and higher Copilot advertising expenses.,Tax expense (benefit) included in provision for income taxes,4.0,56.13,,
Fiscal Year 2026 Compared with Fiscal Year 2025 Sales and marketing expenses increased $1.1 billion or 4% driven by investments in commercial sales and higher Copilot advertising expenses.,Sales and marketing,26710.0,18.67,,
Fiscal Year 2026 Compared with Fiscal Year 2025 Sales and marketing expenses increased $1.1 billion or 4% driven by investments in commercial sales and higher Copilot advertising expenses.,Sales of investments,21798.0,18.65,,
Operating income increased $220 million or 2%.,Operating income,155237.0,25.32,,
Operating income increased $220 million or 2%. • Cost of revenue decreased $1.8 billion or 7% driven by lower hardware sales.,Total cost of revenue,106374.0,20.21,,
Operating income increased $220 million or 2%. • Cost of revenue decreased $1.8 billion or 7% driven by lower hardware sales.,Foreign currency – Revenue,-13653.0,19.77,,
Operating income increased $220 million or 2%. • Cost of revenue decreased $1.8 billion or 7% driven by lower hardware sales.,Long-term unearned revenue,2747.0,19.77,,
Cost of revenue decreased $1.8 billion or 7% driven by lower hardware sales.,Deferral of revenue,194184.0,22.16,,
Cost of revenue decreased $1.8 billion or 7% driven by lower hardware sales.,Total cost of revenue,106374.0,22.01,,
Cost of revenue decreased $1.8 billion or 7% driven by lower hardware sales.,Cost of revenue,25017.0,21.59,,
Cost of revenue decreased $1.8 billion or 7% driven by lower hardware sales. • Gross margin increased $1.2 billion or 4% driven by growth in Search advertising and Windows OEM.,Tax expense (benefit) included in provision for income taxes,4.0,56.1,,
Cost of revenue decreased $1.8 billion or 7% driven by lower hardware sales. • Gross margin increased $1.2 billion or 4% driven by growth in Search advertising and Windows OEM.,Short-term unearned revenue,72965.0,19.14,,
Cost of revenue decreased $1.8 billion or 7% driven by lower hardware sales. • Gross margin increased $1.2 billion or 4% driven by growth in Search advertising and Windows OEM.,Total cost of revenue,106374.0,18.86,,
Gross margin increased $1.2 billion or 4% driven by growth in Search advertising and Windows OEM.,Tax expense (benefit) included in provision for income taxes,4.0,56.62,,
Gross margin increased $1.2 billion or 4% driven by growth in Search advertising and Windows OEM.,Gross margin,225465.0,19.4,,
Gross margin increased $1.2 billion or 4% driven by growth in Search advertising and Windows OEM.,"Proceeds from issuance (repayments) of debt, maturities of 90 days or less, net",0.0,7.5,,
"Operating expenses increased $940 million or 6% driven by impairment and other related expenses in our XBOX business and continued investments in research and development compute capacity, AI talent, and data to support product development that benefits the entire portfolio.",Operating expenses,31100.0,17.46,,
"Operating income included a favorable foreign currency impact of 2%. (In millions, except percentages) (In millions, except percentages) Research and development expenses include payroll, stock-based compensation expense, employee benefits, and other headcount-related expenses associated with product development.",Operating income,155237.0,16.94,,
Fiscal Year 2026 Compared with Fiscal Year 2025 Fiscal Year 2026 Compared with Fiscal Year 2025 Sales and marketing expenses increased $1.1 billion or 4% driven by investments in commercial sales and higher Copilot advertising expenses.,Tax expense (benefit) included in provision for income taxes,4.0,55.27,,
Fiscal Year 2026 Compared with Fiscal Year 2025 Fiscal Year 2026 Compared with Fiscal Year 2025 Sales and marketing expenses increased $1.1 billion or 4% driven by investments in commercial sales and higher Copilot advertising expenses.,Sales and marketing,26710.0,17.98,,
Fiscal Year 2026 Compared with Fiscal Year 2025 Fiscal Year 2026 Compared with Fiscal Year 2025 Sales and marketing expenses increased $1.1 billion or 4% driven by investments in commercial sales and higher Copilot advertising expenses.,Sales of investments,21798.0,17.97,,
Fiscal Year 2026 Compared with Fiscal Year 2025 Interest and dividends income increased primarily due to higher portfolio balances and higher yields on debt securities.,"Proceeds from issuance (repayments) of debt, maturities of 90 days or less, net",0.0,22.29,,
Fiscal Year 2026 Compared with Fiscal Year 2025 Interest and dividends income increased primarily due to higher portfolio balances and higher yields on debt securities.,Book/tax basis differences in investments and debt,0.0,21.42,,
Fiscal Year 2026 Compared with Fiscal Year 2025 Interest and dividends income increased primarily due to higher portfolio balances and higher yields on debt securities.,Current portion of long-term debt,9227.0,19.98,,
Fiscal Year 2026 Compared with Fiscal Year 2025 Fiscal Year 2026 Compared with Fiscal Year 2025 Interest and dividends income increased primarily due to higher portfolio balances and higher yields on debt securities.,"Proceeds from issuance (repayments) of debt, maturities of 90 days or less, net",0.0,21.64,,
Fiscal Year 2026 Compared with Fiscal Year 2025 Fiscal Year 2026 Compared with Fiscal Year 2025 Interest and dividends income increased primarily due to higher portfolio balances and higher yields on debt securities.,Book/tax basis differences in investments and debt,0.0,20.41,,
Fiscal Year 2026 Compared with Fiscal Year 2025 Fiscal Year 2026 Compared with Fiscal Year 2025 Interest and dividends income increased primarily due to higher portfolio balances and higher yields on debt securities.,Current portion of long-term debt,9227.0,19.18,,
"Cash used in financing increased $847 million to $52.5 billion for fiscal year 2026, primarily due to a $6.0 billion decrease in cash used for repayments of debt, offset in part by a $3.9 billion increase in common stock repurchases and a $2.4 billion increase in dividends paid.",Tax expense (benefit) included in provision for income taxes,4.0,34.6,,
"Cash used in financing increased $847 million to $52.5 billion for fiscal year 2026, primarily due to a $6.0 billion decrease in cash used for repayments of debt, offset in part by a $3.9 billion increase in common stock repurchases and a $2.4 billion increase in dividends paid.","Proceeds from issuance (repayments) of debt, maturities of 90 days or less, net",0.0,20.25,,
"Cash used in financing increased $847 million to $52.5 billion for fiscal year 2026, primarily due to a $6.0 billion decrease in cash used for repayments of debt, offset in part by a $3.9 billion increase in common stock repurchases and a $2.4 billion increase in dividends paid.",Effect of foreign exchange rates on cash and cash equivalents,63.0,20.06,,
"Refer to Note 10 – Debt of the Notes to Financial Statements (Part II, Item 8 of this Form 10-K).","Proceeds from issuance (repayments) of debt, maturities of 90 days or less, net",0.0,22.95,,
"Refer to Note 10 – Debt of the Notes to Financial Statements (Part II, Item 8 of this Form 10-K).",Current portion of long-term debt,9227.0,21.46,,
"Refer to Note 10 – Debt of the Notes to Financial Statements (Part II, Item 8 of this Form 10-K).",Book/tax basis differences in investments and debt,0.0,20.99,,
"Refer to Note 12 – Unearned Revenue of the Notes to Financial Statements (Part II, Item 8 of this Form 10-K).",Diluted earnings per share,11.82,34.74,,
"Refer to Note 12 – Unearned Revenue of the Notes to Financial Statements (Part II, Item 8 of this Form 10-K).",Short-term unearned revenue,72965.0,21.47,,
"Refer to Note 12 – Unearned Revenue of the Notes to Financial Statements (Part II, Item 8 of this Form 10-K).",Long-term unearned revenue,2747.0,20.93,,
"Refer to Note 10 – Debt of the Notes to Financial Statements (Part II, Item 8 of this Form 10-K). (b) Refer to Note 6 – Property and Equipment of the Notes to Financial Statements (Part II, Item 8 of this Form 10-K).","Proceeds from issuance (repayments) of debt, maturities of 90 days or less, net",0.0,21.1,,
"Refer to Note 10 – Debt of the Notes to Financial Statements (Part II, Item 8 of this Form 10-K). (b) Refer to Note 6 – Property and Equipment of the Notes to Financial Statements (Part II, Item 8 of this Form 10-K).",Book/tax basis differences in investments and debt,0.0,19.36,,
"Refer to Note 10 – Debt of the Notes to Financial Statements (Part II, Item 8 of this Form 10-K). (b) Refer to Note 6 – Property and Equipment of the Notes to Financial Statements (Part II, Item 8 of this Form 10-K).",Current portion of long-term debt,9227.0,18.53,,
Revenue from Office 365 is recognized ratably over the period in which the cloud services are provided.,Foreign currency – Revenue,-13653.0,20.58,,
Revenue from Office 365 is recognized ratably over the period in which the cloud services are provided.,Long-term unearned revenue,2747.0,20.27,,
Revenue from Office 365 is recognized ratably over the period in which the cloud services are provided.,Short-term unearned revenue,72965.0,20.23,,
"Service and other revenue includes sales from cloud-based solutions that provide customers with AI, software, services, platforms, and content such as Azure, Office 365, Enterprise Mobility and Security, LinkedIn, Dynamics 365, and XBOX; solution support; and consulting services.",Foreign currency – Revenue,-13653.0,17.75,,
"Service and other revenue includes sales from cloud-based solutions that provide customers with AI, software, services, platforms, and content such as Azure, Office 365, Enterprise Mobility and Security, LinkedIn, Dynamics 365, and XBOX; solution support; and consulting services.",Long-term unearned revenue,2747.0,17.75,,
"Service and other revenue includes sales from cloud-based solutions that provide customers with AI, software, services, platforms, and content such as Azure, Office 365, Enterprise Mobility and Security, LinkedIn, Dynamics 365, and XBOX; solution support; and consulting services.",Short-term unearned revenue,72965.0,17.74,,
"Refer to Note 18 – Segment Information and Geographic Data for further information, including revenue by significant product and service offering.",Diluted earnings per share,17.95,54.42,,
"Refer to Note 18 – Segment Information and Geographic Data for further information, including revenue by significant product and service offering.",Adjusted diluted earnings per share (non-GAAP),17.28,35.42,,
"Refer to Note 18 – Segment Information and Geographic Data for further information, including revenue by significant product and service offering.",Foreign currency – Revenue,-13653.0,19.88,,
"Unearned revenue also includes payments for LinkedIn subscriptions, Office 365 subscriptions, consulting services to be performed in the future, XBOX subscriptions, Windows post-delivery support, Dynamics business solutions, and other offerings for which we have been paid in advance and earn the revenue when we transfer control of the product or service.",Long-term unearned revenue,2747.0,17.41,,
"Unearned revenue also includes payments for LinkedIn subscriptions, Office 365 subscriptions, consulting services to be performed in the future, XBOX subscriptions, Windows post-delivery support, Dynamics business solutions, and other offerings for which we have been paid in advance and earn the revenue when we transfer control of the product or service.",Short-term unearned revenue,72965.0,17.4,,
"Unearned revenue also includes payments for LinkedIn subscriptions, Office 365 subscriptions, consulting services to be performed in the future, XBOX subscriptions, Windows post-delivery support, Dynamics business solutions, and other offerings for which we have been paid in advance and earn the revenue when we transfer control of the product or service.",Foreign currency – Revenue,-13653.0,17.2,,
"Refer to Note 12 – Unearned Revenue for further information, including unearned revenue by segment and changes in unearned revenue during the period.",Diluted earnings per share,11.82,34.57,,
"Refer to Note 12 – Unearned Revenue for further information, including unearned revenue by segment and changes in unearned revenue during the period.",Long-term unearned revenue,2747.0,20.49,,
"Refer to Note 12 – Unearned Revenue for further information, including unearned revenue by segment and changes in unearned revenue during the period.",Short-term unearned revenue,72965.0,20.45,,
Investments with maturities beyond one year may be classified as short-term based on their highly liquid nature and because such marketable securities represent the investment of cash that is available for current operations.,Effect of foreign exchange rates on cash and cash equivalents,63.0,21.15,,
Investments with maturities beyond one year may be classified as short-term based on their highly liquid nature and because such marketable securities represent the investment of cash that is available for current operations.,Net change in cash and cash equivalents,11927.0,20.0,,
Investments with maturities beyond one year may be classified as short-term based on their highly liquid nature and because such marketable securities represent the investment of cash that is available for current operations.,"Cash and cash equivalents, end of period",20935.0,19.98,,
"In accordance with ASC 850, we are disclosing revenue and accounts receivable balances from transactions with OpenAI.",Short-term unearned revenue,72965.0,20.56,,
"In accordance with ASC 850, we are disclosing revenue and accounts receivable balances from transactions with OpenAI.",Long-term unearned revenue,2747.0,20.31,,
"In accordance with ASC 850, we are disclosing revenue and accounts receivable balances from transactions with OpenAI.",Total cost of revenue,106374.0,20.22,,
"For fiscal year 2026, we recorded revenue from commercial arrangements with OpenAI, inclusive of revenue-sharing payments, of $ 24.1 billion, and accounts receivable from OpenAI as of June 30, 2026 was $ 6.0 billion.",Long-term unearned revenue,2747.0,18.64,,
"For fiscal year 2026, we recorded revenue from commercial arrangements with OpenAI, inclusive of revenue-sharing payments, of $ 24.1 billion, and accounts receivable from OpenAI as of June 30, 2026 was $ 6.0 billion.",Short-term unearned revenue,72965.0,18.62,,
"For fiscal year 2026, we recorded revenue from commercial arrangements with OpenAI, inclusive of revenue-sharing payments, of $ 24.1 billion, and accounts receivable from OpenAI as of June 30, 2026 was $ 6.0 billion.",Total cost of revenue,106374.0,18.21,,
"For fiscal year 2026, we recorded revenue from commercial arrangements with OpenAI, inclusive of revenue-sharing payments, of $ billion, and accounts receivable from OpenAI as of June 30, 2026 was $ billion.",Long-term unearned revenue,2747.0,18.78,,
"For fiscal year 2026, we recorded revenue from commercial arrangements with OpenAI, inclusive of revenue-sharing payments, of $ billion, and accounts receivable from OpenAI as of June 30, 2026 was $ billion.",Short-term unearned revenue,72965.0,18.76,,
"For fiscal year 2026, we recorded revenue from commercial arrangements with OpenAI, inclusive of revenue-sharing payments, of $ billion, and accounts receivable from OpenAI as of June 30, 2026 was $ billion.",Total cost of revenue,106374.0,18.33,,
NOTE 2 — EARNINGS PER SHARE Basic earnings per share (“EPS”) is computed based on the weighted average number of shares of common stock outstanding during the period.,Adjusted diluted earnings per share (non-GAAP),17.28,36.04,,
NOTE 2 — EARNINGS PER SHARE Basic earnings per share (“EPS”) is computed based on the weighted average number of shares of common stock outstanding during the period.,Diluted earnings per share,17.95,35.0,,
Changes in Fair Value Recorded in Other Comprehensive Income Changes in Fair Value Recorded in Other Comprehensive Income Mortgage- and asset-backed securities Mortgage- and asset-backed securities Changes in Fair Value Recorded in Net Income Changes in Fair Value Recorded in Net Income (a) Refer to Note 5 – Derivatives for further information on the fair value of our derivative instruments.,Net income available for common shareholders (A),133749.0,18.26,,
Changes in Fair Value Recorded in Other Comprehensive Income Changes in Fair Value Recorded in Other Comprehensive Income Mortgage- and asset-backed securities Mortgage- and asset-backed securities Changes in Fair Value Recorded in Net Income Changes in Fair Value Recorded in Net Income (a) Refer to Note 5 – Derivatives for further information on the fair value of our derivative instruments.,Adjusted net income (non-GAAP),128786.0,17.08,,
Changes in Fair Value Recorded in Other Comprehensive Income Changes in Fair Value Recorded in Other Comprehensive Income Mortgage- and asset-backed securities Mortgage- and asset-backed securities Changes in Fair Value Recorded in Net Income Changes in Fair Value Recorded in Net Income (a) Refer to Note 5 – Derivatives for further information on the fair value of our derivative instruments.,Net income,133749.0,15.89,,
Credit-Risk-Related Contingent Features Certain counterparty agreements for derivative instruments contain provisions that require our issued and outstanding long-term unsecured debt to maintain an investment grade credit rating and require us to maintain minimum liquidity of $ 1.0 billion.,"Proceeds from issuance (repayments) of debt, maturities of 90 days or less, net",0.0,20.73,,
Credit-Risk-Related Contingent Features Certain counterparty agreements for derivative instruments contain provisions that require our issued and outstanding long-term unsecured debt to maintain an investment grade credit rating and require us to maintain minimum liquidity of $ 1.0 billion.,Book/tax basis differences in investments and debt,0.0,19.57,,
Credit-Risk-Related Contingent Features Certain counterparty agreements for derivative instruments contain provisions that require our issued and outstanding long-term unsecured debt to maintain an investment grade credit rating and require us to maintain minimum liquidity of $ 1.0 billion.,Current portion of long-term debt,9227.0,19.07,,
"As of June 30, 2026, our long-term unsecured debt rating was AAA , and cash investments were in excess of $ 1.0 billion.",Effect of foreign exchange rates on cash and cash equivalents,63.0,23.18,,
"As of June 30, 2026, our long-term unsecured debt rating was AAA , and cash investments were in excess of $ 1.0 billion.",Book/tax basis differences in investments and debt,0.0,22.76,,
"As of June 30, 2026, our long-term unsecured debt rating was AAA , and cash investments were in excess of $ 1.0 billion.","Cash and cash equivalents, beginning of period",30242.0,22.23,,
Credit-Risk-Related Contingent Features Credit-Risk-Related Contingent Features Certain counterparty agreements for derivative instruments contain provisions that require our issued and outstanding long-term unsecured debt to maintain an investment grade credit rating and require us to maintain minimum liquidity of $ 1.0 billion.,"Proceeds from issuance (repayments) of debt, maturities of 90 days or less, net",0.0,20.17,,
Credit-Risk-Related Contingent Features Credit-Risk-Related Contingent Features Certain counterparty agreements for derivative instruments contain provisions that require our issued and outstanding long-term unsecured debt to maintain an investment grade credit rating and require us to maintain minimum liquidity of $ 1.0 billion.,Book/tax basis differences in investments and debt,0.0,19.2,,
Credit-Risk-Related Contingent Features Credit-Risk-Related Contingent Features Certain counterparty agreements for derivative instruments contain provisions that require our issued and outstanding long-term unsecured debt to maintain an investment grade credit rating and require us to maintain minimum liquidity of $ 1.0 billion.,Current portion of long-term debt,9227.0,18.63,,
"As of June 30, 2026, our long-term unsecured debt rating was , and cash investments were in excess of $ billion.",Effect of foreign exchange rates on cash and cash equivalents,63.0,23.55,,
"As of June 30, 2026, our long-term unsecured debt rating was , and cash investments were in excess of $ billion.",Book/tax basis differences in investments and debt,0.0,23.15,,
"As of June 30, 2026, our long-term unsecured debt rating was , and cash investments were in excess of $ billion.","Cash and cash equivalents, beginning of period",30242.0,22.59,,
"As of June 30, 2026 and 2025, the estimated fair value of long-term debt, including the current portion, was $ 36.5 billion and $ 40.4 billion, respectively.",Current portion of long-term debt,9227.0,21.74,,
"As of June 30, 2026 and 2025, the estimated fair value of long-term debt, including the current portion, was $ 36.5 billion and $ 40.4 billion, respectively.","Proceeds from issuance (repayments) of debt, maturities of 90 days or less, net",0.0,21.27,,
"As of June 30, 2026 and 2025, the estimated fair value of long-term debt, including the current portion, was $ 36.5 billion and $ 40.4 billion, respectively.",Book/tax basis differences in investments and debt,0.0,20.99,,
"Cash paid for interest on our debt for fiscal years 2026, 2025, and 2024 was $ 1.5 billion, $ 1.6 billion, and $ 1.7 billion, respectively.",Book/tax basis differences in investments and debt,0.0,21.35,,
"Cash paid for interest on our debt for fiscal years 2026, 2025, and 2024 was $ 1.5 billion, $ 1.6 billion, and $ 1.7 billion, respectively.","Cash and cash equivalents, beginning of period",30242.0,21.27,,
"Cash paid for interest on our debt for fiscal years 2026, 2025, and 2024 was $ 1.5 billion, $ 1.6 billion, and $ 1.7 billion, respectively.","Proceeds from issuance (repayments) of debt, maturities of 90 days or less, net",0.0,21.06,,
Refer to Note 5 – Derivatives for further information on the interest rate swaps related to fixed-rate debt.,"Proceeds from issuance (repayments) of debt, maturities of 90 days or less, net",0.0,23.13,,
Refer to Note 5 – Derivatives for further information on the interest rate swaps related to fixed-rate debt.,Book/tax basis differences in investments and debt,0.0,21.84,,
Refer to Note 5 – Derivatives for further information on the interest rate swaps related to fixed-rate debt.,Proceeds from issuance of debt,0.0,21.38,,
"As of June 30, 2026 and 2025, the estimated fair value of long-term debt, including the current portion, was $ billion, respectively.",Current portion of long-term debt,9227.0,22.71,,
"As of June 30, 2026 and 2025, the estimated fair value of long-term debt, including the current portion, was $ billion, respectively.","Proceeds from issuance (repayments) of debt, maturities of 90 days or less, net",0.0,21.6,,
"As of June 30, 2026 and 2025, the estimated fair value of long-term debt, including the current portion, was $ billion, respectively.",Book/tax basis differences in investments and debt,0.0,21.56,,
The increase in our effective tax rate for fiscal year 2026 compared to fiscal year 2025 was primarily due to changes in the mix of our earnings and tax expenses between the U.S. and foreign countries.,Tax expense (benefit) included in provision for income taxes,21.0,21.28,,
The increase in our effective tax rate for fiscal year 2026 compared to fiscal year 2025 was primarily due to changes in the mix of our earnings and tax expenses between the U.S. and foreign countries.,Book/tax basis differences in investments and debt,0.0,20.58,,
The decrease in our effective tax rate for fiscal year 2025 compared to fiscal year 2024 was due to changes in the mix of our earnings and tax expenses between the U.S. and foreign countries.,Tax expense (benefit) included in provision for income taxes,21.0,21.06,,
The decrease in our effective tax rate for fiscal year 2025 compared to fiscal year 2024 was due to changes in the mix of our earnings and tax expenses between the U.S. and foreign countries.,Book/tax basis differences in investments and debt,0.0,20.81,,
"As of June 30, 2026, 2025, and 2024, we had accrued interest expense related to uncertain tax positions of $ 9.4 billion, $ 8.2 billion, and $ 6.8 billion, respectively, net of income tax benefits.",Tax expense (benefit) included in provision for income taxes,21.0,21.07,,
"As of June 30, 2026, 2025, and 2024, we had accrued interest expense related to uncertain tax positions of $ 9.4 billion, $ 8.2 billion, and $ 6.8 billion, respectively, net of income tax benefits.",Book/tax basis differences in investments and debt,0.0,19.86,,
"The provision for income taxes for fiscal years 2026, 2025, and 2024 included interest expense related to uncertain tax positions of $ 1.4 billion, $ 1.3 billion, and $ 1.5 billion, respectively, net of income tax benefits.",Tax expense (benefit) included in provision for income taxes,21.0,22.49,,
"The provision for income taxes for fiscal years 2026, 2025, and 2024 included interest expense related to uncertain tax positions of $ 1.4 billion, $ 1.3 billion, and $ 1.5 billion, respectively, net of income tax benefits.",Book/tax basis differences in investments and debt,0.0,19.98,,
"If recognized, the resulting tax benefit would affect our effective tax rates for fiscal years 2026, 2025, and 2024 by $ As of June 30, 2026, 2025, and 2024, we had accrued interest expense related to uncertain tax positions of $ 9.4 billion, $ 8.2 billion, and $ 6.8 billion, respectively, net of income tax benefits.",Tax expense (benefit) included in provision for income taxes,21.0,19.76,,
"If recognized, the resulting tax benefit would affect our effective tax rates for fiscal years 2026, 2025, and 2024 by $ As of June 30, 2026, 2025, and 2024, we had accrued interest expense related to uncertain tax positions of $ 9.4 billion, $ 8.2 billion, and $ 6.8 billion, respectively, net of income tax benefits.",Book/tax basis differences in investments and debt,0.0,18.8,,
"As of June 30, 2026, 2025, and 2024, we had accrued interest expense related to uncertain tax positions of $ billion, respectively, net of income tax benefits.",Tax expense (benefit) included in provision for income taxes,21.0,22.12,,
"As of June 30, 2026, 2025, and 2024, we had accrued interest expense related to uncertain tax positions of $ billion, respectively, net of income tax benefits.",Book/tax basis differences in investments and debt,0.0,20.74,,
"The provision for income taxes for fiscal years 2026, 2025, and 2024 included interest expense related to uncertain tax positions of $ billion, respectively, net of income tax benefits.",Tax expense (benefit) included in provision for income taxes,21.0,23.65,,
"The provision for income taxes for fiscal years 2026, 2025, and 2024 included interest expense related to uncertain tax positions of $ billion, respectively, net of income tax benefits.",Book/tax basis differences in investments and debt,0.0,20.62,,
"Revenue allocated to remaining performance obligations related to the commercial portion of revenue was $ 678 billion as of June 30, 2026, with a weighted average duration of approximately 2.3 years.",Long-term unearned revenue,2747.0,18.56,,
"Revenue allocated to remaining performance obligations related to the commercial portion of revenue was $ 678 billion as of June 30, 2026, with a weighted average duration of approximately 2.3 years.",Short-term unearned revenue,72965.0,18.54,,
"Revenue allocated to remaining performance obligations related to the commercial portion of revenue was $ 678 billion as of June 30, 2026, with a weighted average duration of approximately 2.3 years.",Total cost of revenue,106374.0,18.45,,
We expect to recognize approximately 30 % of both our total company remaining performance obligation revenue and commercial remaining performance obligation revenue over the next 12 months and the remainder thereafter.,Diluted earnings per share,11.82,33.28,,
We expect to recognize approximately 30 % of both our total company remaining performance obligation revenue and commercial remaining performance obligation revenue over the next 12 months and the remainder thereafter.,Short-term unearned revenue,72965.0,18.43,,
We expect to recognize approximately 30 % of both our total company remaining performance obligation revenue and commercial remaining performance obligation revenue over the next 12 months and the remainder thereafter.,Total cost of revenue,106374.0,18.35,,
"Revenue allocated to remaining performance obligations, which includes unearned revenue and amounts expected to be invoiced and recognized as revenue in future periods, was $ billion as of June 30, 2026.",Long-term unearned revenue,2747.0,19.19,,
"Revenue allocated to remaining performance obligations, which includes unearned revenue and amounts expected to be invoiced and recognized as revenue in future periods, was $ billion as of June 30, 2026.",Short-term unearned revenue,72965.0,19.0,,
"Revenue allocated to remaining performance obligations, which includes unearned revenue and amounts expected to be invoiced and recognized as revenue in future periods, was $ billion as of June 30, 2026.",Total cost of revenue,106374.0,18.39,,
"Revenue allocated to remaining performance obligations related to the commercial portion of revenue was $ billion as of June 30, 2026, with a weighted average duration of approximately years.",Long-term unearned revenue,2747.0,18.69,,
"Revenue allocated to remaining performance obligations related to the commercial portion of revenue was $ billion as of June 30, 2026, with a weighted average duration of approximately years.",Short-term unearned revenue,72965.0,18.67,,
"Revenue allocated to remaining performance obligations related to the commercial portion of revenue was $ billion as of June 30, 2026, with a weighted average duration of approximately years.",Total cost of revenue,106374.0,18.58,,
"Savings Plans We have savings plans in the U.S. that qualify under Section 401(k) of the Internal Revenue Code, and a number of savings plans in international locations.",Long-term unearned revenue,2747.0,19.1,,
"Savings Plans We have savings plans in the U.S. that qualify under Section 401(k) of the Internal Revenue Code, and a number of savings plans in international locations.",Foreign currency – Revenue,-13653.0,18.9,,
"Savings Plans We have savings plans in the U.S. that qualify under Section 401(k) of the Internal Revenue Code, and a number of savings plans in international locations.",Short-term unearned revenue,72965.0,18.88,,
"We have savings plans in the U.S. that qualify under Section 401(k) of the Internal Revenue Code, and a number of savings plans in international locations.",Long-term unearned revenue,2747.0,19.42,,
"We have savings plans in the U.S. that qualify under Section 401(k) of the Internal Revenue Code, and a number of savings plans in international locations.",Short-term unearned revenue,72965.0,19.18,,
"We have savings plans in the U.S. that qualify under Section 401(k) of the Internal Revenue Code, and a number of savings plans in international locations.",Foreign currency – Revenue,-13653.0,18.98,,
"However, due to the integrated structure of our business, certain revenue recognized and costs incurred by one segment may benefit other segments.",Short-term unearned revenue,72965.0,19.62,,
"However, due to the integrated structure of our business, certain revenue recognized and costs incurred by one segment may benefit other segments.",Total cost of revenue,106374.0,19.55,,
"However, due to the integrated structure of our business, certain revenue recognized and costs incurred by one segment may benefit other segments.",Foreign currency – Revenue,-13653.0,19.42,,
"Revenue, classified by the major geographic areas in which our customers were located, was as follows: No sales to an individual customer or country other than the United States accounted for more than 10% of revenue for fiscal years 2026, 2025, or 2024.",Short-term unearned revenue,72965.0,18.13,,
"Revenue, classified by the major geographic areas in which our customers were located, was as follows: No sales to an individual customer or country other than the United States accounted for more than 10% of revenue for fiscal years 2026, 2025, or 2024.",Long-term unearned revenue,2747.0,18.0,,
"Revenue, classified by the major geographic areas in which our customers were located, was as follows: No sales to an individual customer or country other than the United States accounted for more than 10% of revenue for fiscal years 2026, 2025, or 2024.",Total cost of revenue,106374.0,17.91,,
"No sales to an individual customer or country other than the United States accounted for more than 10% of revenue for fiscal years 2026, 2025, or 2024.",Short-term unearned revenue,72965.0,19.49,,
"No sales to an individual customer or country other than the United States accounted for more than 10% of revenue for fiscal years 2026, 2025, or 2024.",Total cost of revenue,106374.0,19.42,,
"No sales to an individual customer or country other than the United States accounted for more than 10% of revenue for fiscal years 2026, 2025, or 2024.",Long-term unearned revenue,2747.0,19.29,,
"Our Microsoft Cloud revenue, which includes Microsoft 365 Commercial cloud, Azure and other cloud services, the commercial portion of LinkedIn, and Dynamics 365, was $ billion in fiscal years 2026, 2025, and 2024, respectively.",Total cost of revenue,106374.0,18.06,,
"Our Microsoft Cloud revenue, which includes Microsoft 365 Commercial cloud, Azure and other cloud services, the commercial portion of LinkedIn, and Dynamics 365, was $ billion in fiscal years 2026, 2025, and 2024, respectively.",Deferral of revenue,194184.0,17.93,,
"Our Microsoft Cloud revenue, which includes Microsoft 365 Commercial cloud, Azure and other cloud services, the commercial portion of LinkedIn, and Dynamics 365, was $ billion in fiscal years 2026, 2025, and 2024, respectively.",Foreign currency – Revenue,-13653.0,17.85,,
Revenue Recognition – Refer to Note 1 to the financial statements Critical Audit Matter Description The Company recognizes revenue upon transfer of control of promised products or services to customers in an amount that reflects the consideration the Company expects to receive in exchange for those products or services.,Foreign currency – Revenue,-13653.0,17.77,,
Revenue Recognition – Refer to Note 1 to the financial statements Critical Audit Matter Description The Company recognizes revenue upon transfer of control of promised products or services to customers in an amount that reflects the consideration the Company expects to receive in exchange for those products or services.,Short-term unearned revenue,72965.0,17.64,,
Revenue Recognition – Refer to Note 1 to the financial statements Critical Audit Matter Description The Company recognizes revenue upon transfer of control of promised products or services to customers in an amount that reflects the consideration the Company expects to receive in exchange for those products or services.,Long-term unearned revenue,2747.0,17.54,,
Income Taxes – Uncertain Tax Positions – Refer to Note 11 to the financial statements Critical Audit Matter Description The Company’s long-term income taxes liability includes uncertain tax positions related to transfer pricing issues that remain unresolved with the Internal Revenue Service (“IRS”).,Tax expense (benefit) included in provision for income taxes,21.0,20.33,,
Income Taxes – Uncertain Tax Positions – Refer to Note 11 to the financial statements Critical Audit Matter Description The Company’s long-term income taxes liability includes uncertain tax positions related to transfer pricing issues that remain unresolved with the Internal Revenue Service (“IRS”).,Book/tax basis differences in investments and debt,0.0,19.0,,
"Yes ☐ No ☒ The aggregate market value of the voting stock held by non-affiliates of the registrant as of July 25, 2025 was approximately $ 4.0 trillion (based on the closing sales price of the registrant's common stock as reported by the Nasdaq Global Select Market on July 25, 2025).",Change in cash and cash equivalents,2016.0,53.26,,
"Yes ☐ No ☒ The aggregate market value of the voting stock held by non-affiliates of the registrant as of July 25, 2025 was approximately $ 4.0 trillion (based on the closing sales price of the registrant's common stock as reported by the Nasdaq Global Select Market on July 25, 2025).",Proceeds from sales of non-marketable equity securities,84.0,20.07,,
"Yes ☐ No ☒ The aggregate market value of the voting stock held by non-affiliates of the registrant as of July 25, 2025 was approximately $ 4.0 trillion (based on the closing sales price of the registrant's common stock as reported by the Nasdaq Global Select Market on July 25, 2025).",Proceeds from sales of marketable securities,15157.0,19.51,,
"The aggregate market value of the voting stock held by non-affiliates of the registrant as of July 25, 2025 was approximately $ 4.0 trillion (based on the closing sales price of the registrant's common stock as reported by the Nasdaq Global Select Market on July 25, 2025).",Change in cash and cash equivalents,2016.0,53.38,,
"The aggregate market value of the voting stock held by non-affiliates of the registrant as of July 25, 2025 was approximately $ 4.0 trillion (based on the closing sales price of the registrant's common stock as reported by the Nasdaq Global Select Market on July 25, 2025).",Proceeds from sales of non-marketable equity securities,84.0,19.88,,
"The aggregate market value of the voting stock held by non-affiliates of the registrant as of July 25, 2025 was approximately $ 4.0 trillion (based on the closing sales price of the registrant's common stock as reported by the Nasdaq Global Select Market on July 25, 2025).",Proceeds from sales of marketable securities,15157.0,19.42,,
We generated approximately $60 million in H20 revenue under those licenses.,Operating income,60.4,55.27,,
We generated approximately $60 million in H20 revenue under those licenses.,Deferred revenue additions (1),11137.0,22.24,,
We generated approximately $60 million in H20 revenue under those licenses.,Deferred revenue (2),1379.0,21.32,,
"USG officials expressed an expectation that the USG will receive 15% or more of the revenue generated from licensed sales of our products, but the USG did not publish a regulation codifying such requirement.",Proceeds from sales of non-marketable equity securities,84.0,20.34,,
"USG officials expressed an expectation that the USG will receive 15% or more of the revenue generated from licensed sales of our products, but the USG did not publish a regulation codifying such requirement.",Proceeds from sales of marketable securities,15157.0,20.1,,
"USG officials expressed an expectation that the USG will receive 15% or more of the revenue generated from licensed sales of our products, but the USG did not publish a regulation codifying such requirement.","Sales, general and administrative",2.1,19.17,,
"To date, we have not generated any revenue under the H200 licensing program, and do not yet know whether any imports will be allowed into China.",Deferred revenue additions (1),11137.0,20.06,,
"To date, we have not generated any revenue under the H200 licensing program, and do not yet know whether any imports will be allowed into China.",Deferred revenue (2),1379.0,18.66,,
"As of the end of fiscal year 2026, we had approximately 42,000 employees in 38 countries; 31,000 were engaged in research and development and 11,000 were engaged in sales, marketing, operations, and administrative positions.",Change in cash and cash equivalents,2016.0,53.86,,
"As of the end of fiscal year 2026, we had approximately 42,000 employees in 38 countries; 31,000 were engaged in research and development and 11,000 were engaged in sales, marketing, operations, and administrative positions.",Cash and cash equivalents at end of period,10605.0,34.81,,
"As of the end of fiscal year 2026, we had approximately 42,000 employees in 38 countries; 31,000 were engaged in research and development and 11,000 were engaged in sales, marketing, operations, and administrative positions.",Proceeds from maturities of marketable securities,11226.0,34.54,,
"Puri joined NVIDIA in 2005 as Senior Vice President, Worldwide Sales and became Executive Vice President, Worldwide Field Operations in 2009.",Change in cash and cash equivalents,2016.0,54.55,,
"Puri joined NVIDIA in 2005 as Senior Vice President, Worldwide Sales and became Executive Vice President, Worldwide Field Operations in 2009.",Proceeds from sales of non-marketable equity securities,84.0,20.92,,
"Puri joined NVIDIA in 2005 as Senior Vice President, Worldwide Sales and became Executive Vice President, Worldwide Field Operations in 2009.",Proceeds from sales of marketable securities,15157.0,20.62,,
"Prior to NVIDIA, he held positions in sales, marketing, and general management over a 22-year career at Sun Microsystems, Inc., a computing systems company.",Proceeds from sales of non-marketable equity securities,84.0,21.45,,
"Prior to NVIDIA, he held positions in sales, marketing, and general management over a 22-year career at Sun Microsystems, Inc., a computing systems company.",Proceeds from sales of marketable securities,15157.0,21.0,,
"Prior to NVIDIA, he held positions in sales, marketing, and general management over a 22-year career at Sun Microsystems, Inc., a computing systems company.","Sales, general and administrative",2.1,19.87,,
"Puri holds a B.S.E.E. degree from the University of Minnesota, an M.S.E.E. degree from the California Institute of Technology and an M.B.A. degree from Harvard Business School. joined NVIDIA in 2005 as Senior Vice President, Worldwide Sales and became Executive Vice President, Worldwide Field Operations in 2009.",Change in cash and cash equivalents,2016.0,52.87,,
"Puri holds a B.S.E.E. degree from the University of Minnesota, an M.S.E.E. degree from the California Institute of Technology and an M.B.A. degree from Harvard Business School. joined NVIDIA in 2005 as Senior Vice President, Worldwide Sales and became Executive Vice President, Worldwide Field Operations in 2009.",Proceeds from sales of non-marketable equity securities,84.0,18.7,,
"Puri holds a B.S.E.E. degree from the University of Minnesota, an M.S.E.E. degree from the California Institute of Technology and an M.B.A. degree from Harvard Business School. joined NVIDIA in 2005 as Senior Vice President, Worldwide Sales and became Executive Vice President, Worldwide Field Operations in 2009.",Proceeds from sales of marketable securities,15157.0,18.36,,
"Additionally, since some of our products are part of a complex data center buildout, supply constraints or availability issues with respect to any one component have had and may have a broader revenue impact.",Deferred revenue additions (1),11137.0,19.03,,
"Additionally, since some of our products are part of a complex data center buildout, supply constraints or availability issues with respect to any one component have had and may have a broader revenue impact.",Deferred revenue (2),1379.0,17.63,,
"For example, our gross margins in the second quarter of fiscal year 2025 were negatively impacted by inventory provisions for low-yielding Blackwell material.",Change in cash and cash equivalents,2016.0,54.56,,
"For example, our gross margins in the second quarter of fiscal year 2025 were negatively impacted by inventory provisions for low-yielding Blackwell material.",Gross margin,71.1,17.59,,
"For example, our gross margins in the second quarter of fiscal year 2025 were negatively impacted by inventory provisions for low-yielding Blackwell material.",Anti-dilutive equity awards excluded from diluted net income per share,41.0,6.84,,
"Our semiconductor wafers are manufactured, assembled, tested and packaged by third parties located outside of the United States, and we generated 31% of our revenue in fiscal year 2026 from sales outside the United States.",Change in cash and cash equivalents,2016.0,54.05,,
"Our semiconductor wafers are manufactured, assembled, tested and packaged by third parties located outside of the United States, and we generated 31% of our revenue in fiscal year 2026 from sales outside the United States.",Proceeds from sales of non-marketable equity securities,84.0,20.92,,
"Our semiconductor wafers are manufactured, assembled, tested and packaged by third parties located outside of the United States, and we generated 31% of our revenue in fiscal year 2026 from sales outside the United States.",Proceeds from sales of marketable securities,15157.0,20.26,,
"We are monitoring the impact of the geopolitical conflict in and around Israel on our operations, including the health and safety of our approximately 6,000 employees in the region who primarily support the research and development, operations, and sales and marketing of our networking products.",Proceeds from sales of non-marketable equity securities,84.0,19.44,,
"We are monitoring the impact of the geopolitical conflict in and around Israel on our operations, including the health and safety of our approximately 6,000 employees in the region who primarily support the research and development, operations, and sales and marketing of our networking products.",Proceeds from sales of marketable securities,15157.0,18.88,,
"We are monitoring the impact of the geopolitical conflict in and around Israel on our operations, including the health and safety of our approximately 6,000 employees in the region who primarily support the research and development, operations, and sales and marketing of our networking products.","Sales, general and administrative",2.1,18.28,,
"For fiscal year 2026, sales to one direct customer represented 22% of total revenue and sales to another direct customer represented 14% of total revenue, all of which were primarily attributable to the Compute & Networking segment.",Change in cash and cash equivalents,2016.0,53.75,,
"For fiscal year 2026, sales to one direct customer represented 22% of total revenue and sales to another direct customer represented 14% of total revenue, all of which were primarily attributable to the Compute & Networking segment.",Proceeds from sales of non-marketable equity securities,84.0,19.88,,
"For fiscal year 2026, sales to one direct customer represented 22% of total revenue and sales to another direct customer represented 14% of total revenue, all of which were primarily attributable to the Compute & Networking segment.",Proceeds from sales of marketable securities,15157.0,19.49,,
"We generate a significant amount of our revenue from a limited number of indirect customers, and we estimate some individually representing 10% or more of our revenue.",Income tax expense,9.9,32.81,,
"We generate a significant amount of our revenue from a limited number of indirect customers, and we estimate some individually representing 10% or more of our revenue.",Deferred revenue additions (1),11137.0,19.87,,
"We generate a significant amount of our revenue from a limited number of indirect customers, and we estimate some individually representing 10% or more of our revenue.",Deferred revenue (2),1379.0,18.42,,
"In fiscal year 2023, we stopped direct sales to Russia and closed business operations in Russia.",Change in cash and cash equivalents,2016.0,55.8,,
"In fiscal year 2023, we stopped direct sales to Russia and closed business operations in Russia.",Proceeds from sales of non-marketable equity securities,84.0,21.89,,
"In fiscal year 2023, we stopped direct sales to Russia and closed business operations in Russia.",Proceeds from sales of marketable securities,15157.0,21.57,,
"If we are found not to comply, we could be subject to penalties of up to €20 million or 4% of worldwide revenue, whichever is greater, and classes of individuals or consumer protection organizations may initiate litigation related to our processing of their personal data.",Deferred revenue additions (1),11137.0,18.05,,
"If we are found not to comply, we could be subject to penalties of up to €20 million or 4% of worldwide revenue, whichever is greater, and classes of individuals or consumer protection organizations may initiate litigation related to our processing of their personal data.",Deferred revenue (2),1379.0,17.19,,
Non-compliance with NIS2 may lead to administrative fines of a maximum of 10 million Euros or up to 2% of the total worldwide revenue of the preceding fiscal year.,"Sales, general and administrative",2.1,35.71,,
Non-compliance with NIS2 may lead to administrative fines of a maximum of 10 million Euros or up to 2% of the total worldwide revenue of the preceding fiscal year.,Income tax expense,9.9,33.54,,
Non-compliance with NIS2 may lead to administrative fines of a maximum of 10 million Euros or up to 2% of the total worldwide revenue of the preceding fiscal year.,Deferred revenue additions (1),11137.0,19.35,,
"Recent Sales of Unregistered Securities and Use of Proceeds Recent Sales of Unregistered Securities and Use of Proceeds On December 15, 2025, we acquired a company and issued to a key employee a total of 174,676 shares of our common stock, valued at approximately $31 million based on our closing stock price on the issuance date.",Change in cash and cash equivalents,2016.0,52.74,,
"Recent Sales of Unregistered Securities and Use of Proceeds Recent Sales of Unregistered Securities and Use of Proceeds On December 15, 2025, we acquired a company and issued to a key employee a total of 174,676 shares of our common stock, valued at approximately $31 million based on our closing stock price on the issuance date.",Anti-dilutive equity awards excluded from diluted net income per share,41.0,19.8,,
"Recent Sales of Unregistered Securities and Use of Proceeds Recent Sales of Unregistered Securities and Use of Proceeds On December 15, 2025, we acquired a company and issued to a key employee a total of 174,676 shares of our common stock, valued at approximately $31 million based on our closing stock price on the issuance date.",Proceeds from sales of non-marketable equity securities,84.0,19.16,,
"Recent Developments, Future Objectives and Challenges Recent Developments, Future Objectives and Challenges Revenue growth in fiscal year 2026 was driven by data center compute and networking platforms for accelerated computing and AI solutions.",Change in cash and cash equivalents,2016.0,54.14,,
"Recent Developments, Future Objectives and Challenges Recent Developments, Future Objectives and Challenges Revenue growth in fiscal year 2026 was driven by data center compute and networking platforms for accelerated computing and AI solutions.",Deferred revenue additions (1),11137.0,18.35,,
"Recent Developments, Future Objectives and Challenges Recent Developments, Future Objectives and Challenges Revenue growth in fiscal year 2026 was driven by data center compute and networking platforms for accelerated computing and AI solutions.",Deferred revenue (2),1379.0,17.57,,
Revenue growth in fiscal year 2026 was driven by data center compute and networking platforms for accelerated computing and AI solutions.,Change in cash and cash equivalents,2016.0,55.58,,
Revenue growth in fiscal year 2026 was driven by data center compute and networking platforms for accelerated computing and AI solutions.,Deferred revenue additions (1),11137.0,20.03,,
Revenue growth in fiscal year 2026 was driven by data center compute and networking platforms for accelerated computing and AI solutions.,Deferred revenue (2),1379.0,18.82,,
"Revenue for fiscal year 2026 was $215.9 billion, up 65% from a year ago.",Change in cash and cash equivalents,2016.0,55.61,,
"Revenue for fiscal year 2026 was $215.9 billion, up 65% from a year ago.",Deferred revenue additions (1),11137.0,21.27,,
"Revenue for fiscal year 2026 was $215.9 billion, up 65% from a year ago.",Deferred revenue (2),1379.0,18.91,,
Data Center revenue for fiscal year 2026 was up 68% from a year ago.,Change in cash and cash equivalents,2016.0,56.6,,
Data Center revenue for fiscal year 2026 was up 68% from a year ago.,Gross margin,71.1,33.5,,
Data Center revenue for fiscal year 2026 was up 68% from a year ago.,Gross profit,71.1,33.0,,
"Gaming revenue for fiscal year 2026 was up 41% from a year ago, driven by strong Blackwell demand.",Anti-dilutive equity awards excluded from diluted net income per share,41.0,57.38,,
"Gaming revenue for fiscal year 2026 was up 41% from a year ago, driven by strong Blackwell demand.",Change in cash and cash equivalents,2016.0,56.02,,
"Gaming revenue for fiscal year 2026 was up 41% from a year ago, driven by strong Blackwell demand.",Deferred revenue additions (1),11137.0,20.62,,
"Professional Visualization revenue for fiscal year 2026 was up 70% from a year ago, driven by exceptional demand for Blackwell as well as the launch of our new DGX Spark.",Change in cash and cash equivalents,2016.0,54.49,,
"Professional Visualization revenue for fiscal year 2026 was up 70% from a year ago, driven by exceptional demand for Blackwell as well as the launch of our new DGX Spark.",Gross profit,71.1,32.64,,
"Professional Visualization revenue for fiscal year 2026 was up 70% from a year ago, driven by exceptional demand for Blackwell as well as the launch of our new DGX Spark.",Gross margin,71.1,32.42,,
"Automotive revenue for fiscal year 2026 was up 39% from a year ago, driven by continued adoption of our self-driving platforms.",Change in cash and cash equivalents,2016.0,54.94,,
"Automotive revenue for fiscal year 2026 was up 39% from a year ago, driven by continued adoption of our self-driving platforms.",Anti-dilutive equity awards excluded from diluted net income per share,41.0,37.92,,
"Automotive revenue for fiscal year 2026 was up 39% from a year ago, driven by continued adoption of our self-driving platforms.",Deferred revenue additions (1),11137.0,19.84,,
Gross margin decreased in fiscal year 2026 as our business model transitioned from offering Hopper HGX systems to Blackwell full-scale datacenter solutions.,Change in cash and cash equivalents,2016.0,55.24,,
Gross margin decreased in fiscal year 2026 as our business model transitioned from offering Hopper HGX systems to Blackwell full-scale datacenter solutions.,Gross margin,71.1,17.86,,
Gross margin decreased in fiscal year 2026 as our business model transitioned from offering Hopper HGX systems to Blackwell full-scale datacenter solutions.,Proceeds from sales of non-marketable equity securities,84.0,6.82,,
The gross margin decrease was also impacted by a $4.5 billion charge associated with H20 excess inventory and purchase obligations.,Gross margin,71.1,18.08,,
The gross margin decrease was also impacted by a $4.5 billion charge associated with H20 excess inventory and purchase obligations.,Anti-dilutive equity awards excluded from diluted net income per share,41.0,7.36,,
The gross margin decrease was also impacted by a $4.5 billion charge associated with H20 excess inventory and purchase obligations.,Cash and cash equivalents at beginning of period,8589.0,7.15,,
"Operating expenses for fiscal year 2026 were up 41% from a year ago, driven by higher compensation and benefits expenses due to employee growth and compute and infrastructure costs.",Anti-dilutive equity awards excluded from diluted net income per share,41.0,56.69,,
"Operating expenses for fiscal year 2026 were up 41% from a year ago, driven by higher compensation and benefits expenses due to employee growth and compute and infrastructure costs.",Change in cash and cash equivalents,2016.0,54.44,,
"Operating expenses for fiscal year 2026 were up 41% from a year ago, driven by higher compensation and benefits expenses due to employee growth and compute and infrastructure costs.",Total operating expenses,10.7,18.9,,
The net effect on our gross margin from inventory provisions and sales of items previously written down was an unfavorable impact of 2.6% in fiscal year 2026 and 2.3% in fiscal year 2025.,Change in cash and cash equivalents,2016.0,54.86,,
The net effect on our gross margin from inventory provisions and sales of items previously written down was an unfavorable impact of 2.6% in fiscal year 2026 and 2.3% in fiscal year 2025.,Proceeds from sales of non-marketable equity securities,84.0,20.62,,
The net effect on our gross margin from inventory provisions and sales of items previously written down was an unfavorable impact of 2.6% in fiscal year 2026 and 2.3% in fiscal year 2025.,Proceeds from sales of marketable securities,15157.0,20.37,,
Revenue from Data Center computing grew 59% driven by demand for our Blackwell computing platform.,Operating income,60.4,34.56,,
Revenue from Data Center computing grew 59% driven by demand for our Blackwell computing platform.,Deferred revenue additions (1),11137.0,20.0,,
Revenue from Data Center computing grew 59% driven by demand for our Blackwell computing platform.,Deferred revenue (2),1379.0,19.07,,
Revenue from Data Center networking grew 142% driven by the introduction and continued ramp of NVLink compute fabric for GB200 and GB300 systems and the growth of Ethernet and InfiniBand platforms. – The year over year increase was driven by the major platform shifts – accelerated computing and AI.,Deferred revenue additions (1),11137.0,18.04,,
Revenue from Data Center networking grew 142% driven by the introduction and continued ramp of NVLink compute fabric for GB200 and GB300 systems and the growth of Ethernet and InfiniBand platforms. – The year over year increase was driven by the major platform shifts – accelerated computing and AI.,Deferred revenue (2),1379.0,17.13,,
Revenue from Data Center networking grew 142% driven by the introduction and continued ramp of NVLink compute fabric for GB200 and GB300 systems and the growth of Ethernet and InfiniBand platforms.,Deferred revenue additions (1),11137.0,19.05,,
Revenue from Data Center networking grew 142% driven by the introduction and continued ramp of NVLink compute fabric for GB200 and GB300 systems and the growth of Ethernet and InfiniBand platforms.,Deferred revenue (2),1379.0,17.76,,
"Reportable segment operating income – The year over year increase in Compute & Networking segment operating income was driven by growth in revenue, partially offset by a $4.5 billion charge associated with H20 excess inventory and purchase obligations in the first quarter of fiscal year 2026.",Change in cash and cash equivalents,2016.0,53.54,,
"Reportable segment operating income – The year over year increase in Compute & Networking segment operating income was driven by growth in revenue, partially offset by a $4.5 billion charge associated with H20 excess inventory and purchase obligations in the first quarter of fiscal year 2026.",Deferred revenue additions (1),11137.0,18.1,,
"Reportable segment operating income – The year over year increase in Compute & Networking segment operating income was driven by growth in revenue, partially offset by a $4.5 billion charge associated with H20 excess inventory and purchase obligations in the first quarter of fiscal year 2026.",Segment operating income,139297.0,17.78,,
"For fiscal year 2025, sales to one direct customer represented 12% of total revenue and sales to two direct customers each represented 11% of total revenue, all of which were primarily attributable to the Compute & Networking segment.",Change in cash and cash equivalents,2016.0,53.87,,
"For fiscal year 2025, sales to one direct customer represented 12% of total revenue and sales to two direct customers each represented 11% of total revenue, all of which were primarily attributable to the Compute & Networking segment.",Total operating expenses,10.7,32.79,,
"For fiscal year 2025, sales to one direct customer represented 12% of total revenue and sales to two direct customers each represented 11% of total revenue, all of which were primarily attributable to the Compute & Networking segment.",Proceeds from sales of non-marketable equity securities,84.0,19.98,,
"For fiscal year 2024, sales to one direct customer represented 13% of total revenue, and were primarily attributable to the Compute & Networking segment.",Change in cash and cash equivalents,2016.0,55.11,,
"For fiscal year 2024, sales to one direct customer represented 13% of total revenue, and were primarily attributable to the Compute & Networking segment.",Proceeds from sales of non-marketable equity securities,84.0,21.35,,
"For fiscal year 2024, sales to one direct customer represented 13% of total revenue, and were primarily attributable to the Compute & Networking segment.",Proceeds from sales of marketable securities,15157.0,20.69,,
"We generate a significant amount of our revenue from a limited number of indirect customers, some individually representing 10% or more of our revenue.",Income tax expense,9.9,33.08,,
"We generate a significant amount of our revenue from a limited number of indirect customers, some individually representing 10% or more of our revenue.",Deferred revenue additions (1),11137.0,20.3,,
"We generate a significant amount of our revenue from a limited number of indirect customers, some individually representing 10% or more of our revenue.",Deferred revenue (2),1379.0,18.74,,
"We estimate that one AI research and deployment company contributed to a meaningful amount of our revenue purchasing cloud services from our customers in fiscal year 2026. – Indirect customer revenue is an estimation based upon multiple factors including customer purchase order information, product specifications, internal sales data, and other sources.",Change in cash and cash equivalents,2016.0,52.87,,
"We estimate that one AI research and deployment company contributed to a meaningful amount of our revenue purchasing cloud services from our customers in fiscal year 2026. – Indirect customer revenue is an estimation based upon multiple factors including customer purchase order information, product specifications, internal sales data, and other sources.",Proceeds from sales of non-marketable equity securities,84.0,19.39,,
"We estimate that one AI research and deployment company contributed to a meaningful amount of our revenue purchasing cloud services from our customers in fiscal year 2026. – Indirect customer revenue is an estimation based upon multiple factors including customer purchase order information, product specifications, internal sales data, and other sources.",Proceeds from sales of marketable securities,15157.0,18.91,,
We estimate that one AI research and deployment company contributed to a meaningful amount of our revenue purchasing cloud services from our customers in fiscal year 2026.,Change in cash and cash equivalents,2016.0,54.27,,
We estimate that one AI research and deployment company contributed to a meaningful amount of our revenue purchasing cloud services from our customers in fiscal year 2026.,Deferred revenue additions (1),11137.0,19.18,,
We estimate that one AI research and deployment company contributed to a meaningful amount of our revenue purchasing cloud services from our customers in fiscal year 2026.,Deferred revenue (2),1379.0,18.35,,
"Revenue from sales to customers headquartered outside of the United States accounted for 31% and 41% of total revenue for fiscal years 2026 and 2025, respectively.",Anti-dilutive equity awards excluded from diluted net income per share,41.0,56.7,,
"Revenue from sales to customers headquartered outside of the United States accounted for 31% and 41% of total revenue for fiscal years 2026 and 2025, respectively.",Change in cash and cash equivalents,2016.0,54.85,,
"Revenue from sales to customers headquartered outside of the United States accounted for 31% and 41% of total revenue for fiscal years 2026 and 2025, respectively.",Proceeds from sales of non-marketable equity securities,84.0,20.87,,
Gross margins decreased to 71.1% in fiscal year 2026 from 75.0% in fiscal year 2025 as our business model transitioned from offering Hopper HGX systems to Blackwell full-scale datacenter solutions and a $4.5 billion charge associated with H20 excess inventory and purchase obligations in the first quarter of fiscal year 2026.,Gross margin,71.1,66.42,,
Gross margins decreased to 71.1% in fiscal year 2026 from 75.0% in fiscal year 2025 as our business model transitioned from offering Hopper HGX systems to Blackwell full-scale datacenter solutions and a $4.5 billion charge associated with H20 excess inventory and purchase obligations in the first quarter of fiscal year 2026.,Change in cash and cash equivalents,2016.0,53.21,,
Gross margins decreased to 71.1% in fiscal year 2026 from 75.0% in fiscal year 2025 as our business model transitioned from offering Hopper HGX systems to Blackwell full-scale datacenter solutions and a $4.5 billion charge associated with H20 excess inventory and purchase obligations in the first quarter of fiscal year 2026.,Gross profit,71.1,51.42,,
"Sales of previously reserved inventory and settlements of excess inventory purchase obligations resulted in a provision release of $1.5 billion and $689 million for fiscal years 2026 and 2025, respectively.",Change in cash and cash equivalents,2016.0,53.98,,
"Sales of previously reserved inventory and settlements of excess inventory purchase obligations resulted in a provision release of $1.5 billion and $689 million for fiscal years 2026 and 2025, respectively.",Proceeds from sales of non-marketable equity securities,84.0,20.21,,
"Sales of previously reserved inventory and settlements of excess inventory purchase obligations resulted in a provision release of $1.5 billion and $689 million for fiscal years 2026 and 2025, respectively.",Proceeds from sales of marketable securities,15157.0,19.8,,
"The net effect on our gross margin was an unfavorable impact of 2.6% and 2.3% in fiscal years 2026 and 2025, respectively.",Change in cash and cash equivalents,2016.0,56.11,,
"The net effect on our gross margin was an unfavorable impact of 2.6% and 2.3% in fiscal years 2026 and 2025, respectively.",Gross margin,71.1,18.28,,
"The net effect on our gross margin was an unfavorable impact of 2.6% and 2.3% in fiscal years 2026 and 2025, respectively.",Anti-dilutive equity awards excluded from diluted net income per share,41.0,6.88,,
"The increases in sales, general and administrative expenses for fiscal year 2026 were primarily driven by compensation and benefits expense, including stock-based compensation, reflecting employee growth and compensation increases.",Change in cash and cash equivalents,2016.0,54.21,,
"The increases in sales, general and administrative expenses for fiscal year 2026 were primarily driven by compensation and benefits expense, including stock-based compensation, reflecting employee growth and compensation increases.",Proceeds from sales of non-marketable equity securities,84.0,20.17,,
"The increases in sales, general and administrative expenses for fiscal year 2026 were primarily driven by compensation and benefits expense, including stock-based compensation, reflecting employee growth and compensation increases.",Proceeds from sales of marketable securities,15157.0,19.36,,
"Year Ended Jan 25, 2026 Jan 26, 2025 $ Change ($ in millions) Interest income $ 2,300 $ 1,786 $ 514 Interest expense (259) (247) (12) Other income, net 9,022 1,034 7,988 Total other income, net $ 11,063 $ 2,573 $ 8,490 The increase in interest income was primarily due to growth in cash, cash equivalents, and debt securities.",Change in cash and cash equivalents,2016.0,68.88,,
"Year Ended Jan 25, 2026 Jan 26, 2025 $ Change ($ in millions) Interest income $ 2,300 $ 1,786 $ 514 Interest expense (259) (247) (12) Other income, net 9,022 1,034 7,988 Total other income, net $ 11,063 $ 2,573 $ 8,490 The increase in interest income was primarily due to growth in cash, cash equivalents, and debt securities.",Deferred revenue additions (1),11137.0,53.03,,
"Year Ended Jan 25, 2026 Jan 26, 2025 $ Change ($ in millions) Interest income $ 2,300 $ 1,786 $ 514 Interest expense (259) (247) (12) Other income, net 9,022 1,034 7,988 Total other income, net $ 11,063 $ 2,573 $ 8,490 The increase in interest income was primarily due to growth in cash, cash equivalents, and debt securities.",Income tax expense,11146.0,51.74,,
"Income tax expense was $21.4 billion and $11.1 billion for fiscal years 2026 and 2025, respectively.",Change in cash and cash equivalents,2016.0,55.93,,
"Income tax expense was $21.4 billion and $11.1 billion for fiscal years 2026 and 2025, respectively.",Total operating expenses,10.7,35.81,,
"Income tax expense was $21.4 billion and $11.1 billion for fiscal years 2026 and 2025, respectively.",Tax expense computed at federal statutory rate,17645.0,22.4,,
"Cash provided by operating activities increased in fiscal year 2026 compared to fiscal year 2025, due to higher revenue.",Change in cash and cash equivalents,2016.0,71.19,,
"Cash provided by operating activities increased in fiscal year 2026 compared to fiscal year 2025, due to higher revenue.",Cash and cash equivalents at beginning of period,8589.0,22.14,,
"Cash provided by operating activities increased in fiscal year 2026 compared to fiscal year 2025, due to higher revenue.",Cash and cash equivalents at end of period,10605.0,21.91,,
"As of January 25, 2026, we had $62.6 billion in cash, cash equivalents, and marketable securities.",Change in cash and cash equivalents,2016.0,74.32,,
"As of January 25, 2026, we had $62.6 billion in cash, cash equivalents, and marketable securities.",Operating income,60.4,33.16,,
"As of January 25, 2026, we had $62.6 billion in cash, cash equivalents, and marketable securities.","Cash, cash equivalents, and marketable securities",62556.0,27.24,,
"Material Cash Requirements and Other Obligations Material Cash Requirements and Other Obligations For descriptions of our facility lease guarantees, long-term debt, purchase commitments, and operating lease obligations, refer to Note 10, Note 11, Note 12, and Note 17 of the Notes to the Consolidated Financial Statements in Part IV, Item 15 of this Annual Report on Form 10-K, respectively.",Total operating expenses,10.7,32.12,,
"Material Cash Requirements and Other Obligations Material Cash Requirements and Other Obligations For descriptions of our facility lease guarantees, long-term debt, purchase commitments, and operating lease obligations, refer to Note 10, Note 11, Note 12, and Note 17 of the Notes to the Consolidated Financial Statements in Part IV, Item 15 of this Annual Report on Form 10-K, respectively.",Income tax expense,9.9,31.56,,
"Material Cash Requirements and Other Obligations Material Cash Requirements and Other Obligations For descriptions of our facility lease guarantees, long-term debt, purchase commitments, and operating lease obligations, refer to Note 10, Note 11, Note 12, and Note 17 of the Notes to the Consolidated Financial Statements in Part IV, Item 15 of this Annual Report on Form 10-K, respectively.",Cash and cash equivalents at beginning of period,8589.0,18.74,,
"For descriptions of our facility lease guarantees, long-term debt, purchase commitments, and operating lease obligations, refer to Note 10, Note 11, Note 12, and Note 17 of the Notes to the Consolidated Financial Statements in Part IV, Item 15 of this Annual Report on Form 10-K, respectively.",Total operating expenses,10.7,32.78,,
"For descriptions of our facility lease guarantees, long-term debt, purchase commitments, and operating lease obligations, refer to Note 10, Note 11, Note 12, and Note 17 of the Notes to the Consolidated Financial Statements in Part IV, Item 15 of this Annual Report on Form 10-K, respectively.",Income tax expense,9.9,32.06,,
"For descriptions of our facility lease guarantees, long-term debt, purchase commitments, and operating lease obligations, refer to Note 10, Note 11, Note 12, and Note 17 of the Notes to the Consolidated Financial Statements in Part IV, Item 15 of this Annual Report on Form 10-K, respectively.",Debt securities issued by U.S. government agencies,2157.0,18.97,,
"During fiscal year 2026 and fiscal year 2025, we spent $6.1 billion and $3.4 billion on capital expenditures, respectively.",Change in cash and cash equivalents,2016.0,55.82,,
"During fiscal year 2026 and fiscal year 2025, we spent $6.1 billion and $3.4 billion on capital expenditures, respectively.",Anti-dilutive equity awards excluded from diluted net income per share,41.0,6.84,,
"During fiscal year 2026 and fiscal year 2025, we spent $6.1 billion and $3.4 billion on capital expenditures, respectively.",Cash and cash equivalents at beginning of period,8589.0,6.78,,
We expect to increase capital expenditures in fiscal year 2027 relative to fiscal year 2026 to support the future growth of our business.,Change in cash and cash equivalents,2016.0,55.12,,
We expect to increase capital expenditures in fiscal year 2027 relative to fiscal year 2026 to support the future growth of our business.,Anti-dilutive equity awards excluded from diluted net income per share,41.0,7.15,,
We expect to increase capital expenditures in fiscal year 2027 relative to fiscal year 2026 to support the future growth of our business.,Tax expense computed at federal statutory rate,17645.0,6.78,,
We are currently under examination by the Internal Revenue Service for our fiscal years 2023 and 2024.,Change in cash and cash equivalents,2016.0,55.55,,
We are currently under examination by the Internal Revenue Service for our fiscal years 2023 and 2024.,Deferred revenue additions (1),11137.0,20.76,,
We are currently under examination by the Internal Revenue Service for our fiscal years 2023 and 2024.,Deferred revenue (2),1379.0,19.59,,
The impact of foreign currency transaction gain or loss included in determining net income was not significant for fiscal years 2026 and 2025.,Change in cash and cash equivalents,2016.0,55.2,,
The impact of foreign currency transaction gain or loss included in determining net income was not significant for fiscal years 2026 and 2025.,Anti-dilutive equity awards excluded from diluted net income per share,41.0,22.17,,
The impact of foreign currency transaction gain or loss included in determining net income was not significant for fiscal years 2026 and 2025.,Net income per diluted share,4.9,20.41,,
"As described in Notes 1, 9, and 12 to the consolidated financial statements, the Company charges cost of sales for inventory provisions to write-down inventory for excess or obsolete inventory and for excess product purchase commitments.",Proceeds from sales of non-marketable equity securities,84.0,20.48,,
"As described in Notes 1, 9, and 12 to the consolidated financial statements, the Company charges cost of sales for inventory provisions to write-down inventory for excess or obsolete inventory and for excess product purchase commitments.",Proceeds from sales of marketable securities,15157.0,19.84,,
"As described in Notes 1, 9, and 12 to the consolidated financial statements, the Company charges cost of sales for inventory provisions to write-down inventory for excess or obsolete inventory and for excess product purchase commitments.","Sales, general and administrative",2.1,18.85,,
Cash and Cash Equivalents and Marketable Securities Cash and Cash Equivalents and Marketable Securities We consider all highly liquid investments that are readily convertible into cash and have an original maturity of three months or less at the time of purchase to be cash equivalents.,Cash and cash equivalents at beginning of period,8589.0,20.15,,
Cash and Cash Equivalents and Marketable Securities Cash and Cash Equivalents and Marketable Securities We consider all highly liquid investments that are readily convertible into cash and have an original maturity of three months or less at the time of purchase to be cash equivalents.,"Cash, cash equivalents, and marketable securities",62556.0,20.13,,
Cash and Cash Equivalents and Marketable Securities Cash and Cash Equivalents and Marketable Securities We consider all highly liquid investments that are readily convertible into cash and have an original maturity of three months or less at the time of purchase to be cash equivalents.,Cash and cash equivalents at end of period,10605.0,19.88,,
Marketable securities consist of highly liquid debt investments with maturities of greater than three months when purchased and publicly-held equity securities.,Debt securities issued by U.S. government agencies,2157.0,22.24,,
Marketable securities consist of highly liquid debt investments with maturities of greater than three months when purchased and publicly-held equity securities.,Debt securities issued by the U.S. Treasury,21635.0,21.7,,
"The following is a summary of cash equivalents and marketable securities: Jan 25, 2026 Pricing Category Cost or Amortized Cost Unrealized Gain Unrealized Loss Estimated Fair Value Reported as Cash Equivalents Marketable Securities Other Assets (In millions) Debt securities issued by the U.S.",Change in cash and cash equivalents,2016.0,69.04,,
"The following is a summary of cash equivalents and marketable securities: Jan 25, 2026 Pricing Category Cost or Amortized Cost Unrealized Gain Unrealized Loss Estimated Fair Value Reported as Cash Equivalents Marketable Securities Other Assets (In millions) Debt securities issued by the U.S.","Cash, cash equivalents, and marketable securities",62556.0,20.51,,
"The following is a summary of cash equivalents and marketable securities: Jan 25, 2026 Pricing Category Cost or Amortized Cost Unrealized Gain Unrealized Loss Estimated Fair Value Reported as Cash Equivalents Marketable Securities Other Assets (In millions) Debt securities issued by the U.S.",Cash and cash equivalents at beginning of period,8589.0,20.06,,
"Treasury Debt securities issued by U.S. government agencies Publicly-held equity securities (1) (2) Publicly-held equity securities (1) (2) (1) In the first quarter of fiscal year 2026, one investment was reclassified from non-marketable equity securities to marketable securities following public market trading.",Change in cash and cash equivalents,2016.0,52.99,,
"Treasury Debt securities issued by U.S. government agencies Publicly-held equity securities (1) (2) Publicly-held equity securities (1) (2) (1) In the first quarter of fiscal year 2026, one investment was reclassified from non-marketable equity securities to marketable securities following public market trading.","Sales, general and administrative",2.1,32.89,,
"Treasury Debt securities issued by U.S. government agencies Publicly-held equity securities (1) (2) Publicly-held equity securities (1) (2) (1) In the first quarter of fiscal year 2026, one investment was reclassified from non-marketable equity securities to marketable securities following public market trading.",Debt securities issued by U.S. government agencies,2157.0,20.51,,
"The balance as of January 25, 2026 includes $ 10.5 billion of investments which are subject to short-term lock-up restrictions on the ability to sell. (1) In the first quarter of fiscal year 2026, one investment was reclassified from non-marketable equity securities to marketable securities following public market trading.",Change in cash and cash equivalents,2016.0,52.9,,
"The balance as of January 25, 2026 includes $ 10.5 billion of investments which are subject to short-term lock-up restrictions on the ability to sell. (1) In the first quarter of fiscal year 2026, one investment was reclassified from non-marketable equity securities to marketable securities following public market trading.",Total operating expenses,10.7,32.53,,
"The balance as of January 25, 2026 includes $ 10.5 billion of investments which are subject to short-term lock-up restrictions on the ability to sell. (1) In the first quarter of fiscal year 2026, one investment was reclassified from non-marketable equity securities to marketable securities following public market trading.",Proceeds from sales of non-marketable equity securities,84.0,5.28,,
"Treasury $ 10,666 $ ( 3 ) $ 6,315 $ ( 22 ) Corporate debt securities 1,332 ( 3 ) 5,291 ( 29 ) Debt securities issued by U.S. government agencies 1,134 — 816 ( 5 ) Total $ 13,132 $ ( 6 ) $ 12,422 $ ( 56 ) Debt securities issued by the U.S.",Cash and cash equivalents at end of period,10605.0,53.57,,
"Treasury $ 10,666 $ ( 3 ) $ 6,315 $ ( 22 ) Corporate debt securities 1,332 ( 3 ) 5,291 ( 29 ) Debt securities issued by U.S. government agencies 1,134 — 816 ( 5 ) Total $ 13,132 $ ( 6 ) $ 12,422 $ ( 56 ) Debt securities issued by the U.S.",Cash and cash equivalents,10605.0,52.59,,
"Treasury $ 10,666 $ ( 3 ) $ 6,315 $ ( 22 ) Corporate debt securities 1,332 ( 3 ) 5,291 ( 29 ) Debt securities issued by U.S. government agencies 1,134 — 816 ( 5 ) Total $ 13,132 $ ( 6 ) $ 12,422 $ ( 56 ) Debt securities issued by the U.S.",Cost of revenue,28.9,52.06,,
"Treasury Debt securities issued by U.S. government agencies Gross unrealized losses related to debt securities in a continuous loss position of twelve months or greater as of January 25, 2026 and January 26, 2025 were not significant.",Change in cash and cash equivalents,2016.0,53.87,,
"Treasury Debt securities issued by U.S. government agencies Gross unrealized losses related to debt securities in a continuous loss position of twelve months or greater as of January 25, 2026 and January 26, 2025 were not significant.",Debt securities issued by U.S. government agencies,2157.0,22.04,,
"Gross unrealized losses related to debt securities in a continuous loss position of twelve months or greater as of January 25, 2026 and January 26, 2025 were not significant.",Change in cash and cash equivalents,2016.0,54.4,,
"Gross unrealized losses related to debt securities in a continuous loss position of twelve months or greater as of January 25, 2026 and January 26, 2025 were not significant.",Debt securities issued by U.S. government agencies,2157.0,20.71,,
"In fiscal years 2026 and 2025, we recorded an expense of approximately $ 3.2 billion and $ 2.0 billion, respectively, in cost of revenue. (2) Includes customer advances and unearned revenue related to hardware and software support, cloud services, and license and development arrangements.",Change in cash and cash equivalents,2016.0,53.09,,
"In fiscal years 2026 and 2025, we recorded an expense of approximately $ 3.2 billion and $ 2.0 billion, respectively, in cost of revenue. (2) Includes customer advances and unearned revenue related to hardware and software support, cloud services, and license and development arrangements.","Sales, general and administrative",2.1,33.23,,
"In fiscal years 2026 and 2025, we recorded an expense of approximately $ 3.2 billion and $ 2.0 billion, respectively, in cost of revenue. (2) Includes customer advances and unearned revenue related to hardware and software support, cloud services, and license and development arrangements.",Deferred revenue additions (1),11137.0,18.01,,
"Jan 25, 2026 Jan 26, 2025 Other Long-Term Liabilities: (In millions) Income tax payable (1) $ 3,958 $ 2,188 Deferred income tax 1,774 886 Deferred revenue (2) 1,193 976 Other 381 195 Total other long-term liabilities $ 7,306 $ 4,245 Total other long-term liabilities (1) Primarily comprised of unrecognized tax benefits and related interest and penalties.",Deferred revenue (2),1193.0,67.13,,
"Jan 25, 2026 Jan 26, 2025 Other Long-Term Liabilities: (In millions) Income tax payable (1) $ 3,958 $ 2,188 Deferred income tax 1,774 886 Deferred revenue (2) 1,193 976 Other 381 195 Total other long-term liabilities $ 7,306 $ 4,245 Total other long-term liabilities (1) Primarily comprised of unrecognized tax benefits and related interest and penalties.",Change in cash and cash equivalents,2016.0,52.67,,
"Jan 25, 2026 Jan 26, 2025 Other Long-Term Liabilities: (In millions) Income tax payable (1) $ 3,958 $ 2,188 Deferred income tax 1,774 886 Deferred revenue (2) 1,193 976 Other 381 195 Total other long-term liabilities $ 7,306 $ 4,245 Total other long-term liabilities (1) Primarily comprised of unrecognized tax benefits and related interest and penalties.",Debt securities issued by U.S. government agencies,2157.0,33.36,,
Primarily comprised of unrecognized tax benefits and related interest and penalties. (2) Includes unearned revenue related to hardware and software support and cloud services.,"Sales, general and administrative",2.1,34.81,,
Primarily comprised of unrecognized tax benefits and related interest and penalties. (2) Includes unearned revenue related to hardware and software support and cloud services.,Tax expense computed at federal statutory rate,17645.0,21.15,,
Primarily comprised of unrecognized tax benefits and related interest and penalties. (2) Includes unearned revenue related to hardware and software support and cloud services.,Deferred revenue additions (1),11137.0,19.88,,
"We recognized revenue of $ 974 million and $ 729 million in fiscal years 2026 and 2025, respectively, that were included in the prior year end deferred revenue balance.",Change in cash and cash equivalents,2016.0,53.94,,
"We recognized revenue of $ 974 million and $ 729 million in fiscal years 2026 and 2025, respectively, that were included in the prior year end deferred revenue balance.",Short-term debt,999.0,31.75,,
"We recognized revenue of $ 974 million and $ 729 million in fiscal years 2026 and 2025, respectively, that were included in the prior year end deferred revenue balance.",Deferred revenue additions (1),11137.0,20.05,,
"As of January 25, 2026, revenue related to remaining performance obligations from contracts greater than one year in length was $ 2.3 billion, which includes $ 1.9 billion from deferred revenue and $ 390 million which has not yet been billed nor recognized as revenue.",Change in cash and cash equivalents,2016.0,53.3,,
"As of January 25, 2026, revenue related to remaining performance obligations from contracts greater than one year in length was $ 2.3 billion, which includes $ 1.9 billion from deferred revenue and $ 390 million which has not yet been billed nor recognized as revenue.",Deferred revenue additions (1),11137.0,18.49,,
"As of January 25, 2026, revenue related to remaining performance obligations from contracts greater than one year in length was $ 2.3 billion, which includes $ 1.9 billion from deferred revenue and $ 390 million which has not yet been billed nor recognized as revenue.",Deferred revenue (2),1379.0,17.36,,
Approximately 42 % of revenue from contracts greater than one year in length will be recognized over the next twelve months .,Anti-dilutive equity awards excluded from diluted net income per share,41.0,36.77,,
Approximately 42 % of revenue from contracts greater than one year in length will be recognized over the next twelve months .,Deferred revenue additions (1),11137.0,20.16,,
Approximately 42 % of revenue from contracts greater than one year in length will be recognized over the next twelve months .,Deferred revenue (2),1379.0,19.69,,
Note 10 - Derivative Financial Instruments Note 10 - Derivative Financial Instruments We utilize foreign currency forward contracts to mitigate the impact of foreign currency exchange rate movements on our operating expenses.,Income tax expense,9.9,32.63,,
Note 10 - Derivative Financial Instruments Note 10 - Derivative Financial Instruments We utilize foreign currency forward contracts to mitigate the impact of foreign currency exchange rate movements on our operating expenses.,Total operating expenses,10.7,18.53,,
"As of January 25, 2026 and January 26, 2025, the estimated fair value of debt was $ 7.5 billion and $ 7.2 billion, respectively.",Change in cash and cash equivalents,2016.0,54.66,,
"As of January 25, 2026 and January 26, 2025, the estimated fair value of debt was $ 7.5 billion and $ 7.2 billion, respectively.",Debt securities issued by the U.S. Treasury,21635.0,20.85,,
"We recognized net interest and penalties related to unrecognized tax benefits in the income tax expense line of our consolidated statements of income of $ 103 million, $ 92 million, and $ 42 million during fiscal years 2026, 2025, and 2024, respectively.",Change in cash and cash equivalents,2016.0,53.6,,
"We recognized net interest and penalties related to unrecognized tax benefits in the income tax expense line of our consolidated statements of income of $ 103 million, $ 92 million, and $ 42 million during fiscal years 2026, 2025, and 2024, respectively.",Anti-dilutive equity awards excluded from diluted net income per share,41.0,35.31,,
"We recognized net interest and penalties related to unrecognized tax benefits in the income tax expense line of our consolidated statements of income of $ 103 million, $ 92 million, and $ 42 million during fiscal years 2026, 2025, and 2024, respectively.",Revenue,100.0,30.92,,
"In the third quarter of fiscal year 2026, we changed to revenue based upon the location of our customers’ headquarters as we believe it provides a better representation of the geographic profile of our revenue.",Change in cash and cash equivalents,2016.0,54.24,,
"In the third quarter of fiscal year 2026, we changed to revenue based upon the location of our customers’ headquarters as we believe it provides a better representation of the geographic profile of our revenue.",Deferred revenue additions (1),11137.0,18.83,,
"In the third quarter of fiscal year 2026, we changed to revenue based upon the location of our customers’ headquarters as we believe it provides a better representation of the geographic profile of our revenue.",Deferred revenue (2),1379.0,17.96,,
"Prior period information has been recast to reflect this change. (2) In fiscal year 2026, we estimate 76 % of Data Center revenue from Taiwan-headquartered customers was attributed to end customers based in the United States and Europe.",Change in cash and cash equivalents,2016.0,54.13,,
"Prior period information has been recast to reflect this change. (2) In fiscal year 2026, we estimate 76 % of Data Center revenue from Taiwan-headquartered customers was attributed to end customers based in the United States and Europe.","Sales, general and administrative",2.1,33.72,,
"Prior period information has been recast to reflect this change. (2) In fiscal year 2026, we estimate 76 % of Data Center revenue from Taiwan-headquartered customers was attributed to end customers based in the United States and Europe.",Deferred revenue additions (1),11137.0,19.21,,
"In fiscal year 2026, we estimate 76 % of Data Center revenue from Taiwan-headquartered customers was attributed to end customers based in the United States and Europe.",Change in cash and cash equivalents,2016.0,54.95,,
"In fiscal year 2026, we estimate 76 % of Data Center revenue from Taiwan-headquartered customers was attributed to end customers based in the United States and Europe.",Deferred revenue additions (1),11137.0,20.08,,
"In fiscal year 2026, we estimate 76 % of Data Center revenue from Taiwan-headquartered customers was attributed to end customers based in the United States and Europe.",Deferred revenue (2),1379.0,18.64,,
"Revenue from sales to customers headquartered outside of the United States accounted for 31 %, 41 %, and 48 % of total revenue for fiscal years 2026, 2025, and 2024, respectively.",Anti-dilutive equity awards excluded from diluted net income per share,41.0,56.27,,
"Revenue from sales to customers headquartered outside of the United States accounted for 31 %, 41 %, and 48 % of total revenue for fiscal years 2026, 2025, and 2024, respectively.",Change in cash and cash equivalents,2016.0,54.49,,
"Revenue from sales to customers headquartered outside of the United States accounted for 31 %, 41 %, and 48 % of total revenue for fiscal years 2026, 2025, and 2024, respectively.",Proceeds from sales of non-marketable equity securities,84.0,20.47,,
The increase in revenue to the United States for fiscal years 2026 and 2025 was primarily due to higher U.S.-based Compute & Networking segment demand.,Change in cash and cash equivalents,2016.0,55.59,,
The increase in revenue to the United States for fiscal years 2026 and 2025 was primarily due to higher U.S.-based Compute & Networking segment demand.,Deferred revenue additions (1),11137.0,19.86,,
The increase in revenue to the United States for fiscal years 2026 and 2025 was primarily due to higher U.S.-based Compute & Networking segment demand.,Deferred revenue (2),1379.0,18.74,,
"For fiscal year 2025, sales to one direct customer represented 12 % of total revenue and sales to two direct customers each represented 11 % of total revenue, all of which were primarily attributable to the Compute & Networking segment.",Change in cash and cash equivalents,2016.0,53.84,,
"For fiscal year 2025, sales to one direct customer represented 12 % of total revenue and sales to two direct customers each represented 11 % of total revenue, all of which were primarily attributable to the Compute & Networking segment.",Total operating expenses,10.7,32.77,,
"For fiscal year 2025, sales to one direct customer represented 12 % of total revenue and sales to two direct customers each represented 11 % of total revenue, all of which were primarily attributable to the Compute & Networking segment.",Proceeds from sales of non-marketable equity securities,84.0,19.95,,
"For fiscal year 2024, sales to one direct customer represented 13 % of total revenue, and were primarily attributable to the Compute & Networking segment.",Change in cash and cash equivalents,2016.0,55.08,,
"For fiscal year 2024, sales to one direct customer represented 13 % of total revenue, and were primarily attributable to the Compute & Networking segment.",Proceeds from sales of non-marketable equity securities,84.0,21.32,,
"For fiscal year 2024, sales to one direct customer represented 13 % of total revenue, and were primarily attributable to the Compute & Networking segment.",Proceeds from sales of marketable securities,15157.0,20.66,,
Additions represent either expense or acquired balances and deductions represent write-offs. (2) Additions represent estimated product returns charged as a reduction to revenue or an acquired balance.,"Sales, general and administrative",2.1,33.95,,
Additions represent either expense or acquired balances and deductions represent write-offs. (2) Additions represent estimated product returns charged as a reduction to revenue or an acquired balance.,Deferred revenue additions (1),11137.0,19.35,,
Additions represent either expense or acquired balances and deductions represent write-offs. (2) Additions represent estimated product returns charged as a reduction to revenue or an acquired balance.,Deferred revenue (2),1379.0,18.27,,
Additions represent estimated product returns charged as a reduction to revenue or an acquired balance. (3) Additional valuation allowance on deferred tax assets not likely to be realized.,Tax expense computed at federal statutory rate,17645.0,20.64,,
Additions represent estimated product returns charged as a reduction to revenue or an acquired balance. (3) Additional valuation allowance on deferred tax assets not likely to be realized.,Deferred revenue additions (1),11137.0,20.14,,
Additions represent estimated product returns charged as a reduction to revenue or an acquired balance. (3) Additional valuation allowance on deferred tax assets not likely to be realized.,Deferred revenue (2),1379.0,18.46,,
Sales of these credits are recognized within automotive regulatory credits revenue in our consolidated statements of operations included elsewhere in this Annual Report on Form 10-K.,Total revenues from sales and services,92614.0,35.45,,
Sales of these credits are recognized within automotive regulatory credits revenue in our consolidated statements of operations included elsewhere in this Annual Report on Form 10-K.,Total automotive & services and other segment cost of revenues,68764.0,23.36,,
Sales of these credits are recognized within automotive regulatory credits revenue in our consolidated statements of operations included elsewhere in this Annual Report on Form 10-K.,Total automotive & services and other segment revenue,82056.0,22.49,,
"In such transactions, they are included as a component of energy generation and storage revenues in our consolidated statements of operations included elsewhere in this Annual Report on Form 10-K.",Total automotive & services and other segment cost of revenues,68764.0,22.44,,
"In such transactions, they are included as a component of energy generation and storage revenues in our consolidated statements of operations included elsewhere in this Annual Report on Form 10-K.",Energy generation and storage segment revenue,12771.0,21.97,,
"In such transactions, they are included as a component of energy generation and storage revenues in our consolidated statements of operations included elsewhere in this Annual Report on Form 10-K.",Total automotive & services and other segment revenue,82056.0,21.59,,
"Pursuant to the IRA, as modified by the OBBBA, under Sections 48, 48E and 25D of the Internal Revenue Code (”IRC”), standalone energy storage technology is eligible for a tax credit between 6% and 50% of qualified expenditures, regardless of the source of energy, which may be claimed by our customers for storage systems they purchase or by us for arrangements where we own the systems.",As a percentage of revenues,6.0,67.51,,
"Pursuant to the IRA, as modified by the OBBBA, under Sections 48, 48E and 25D of the Internal Revenue Code (”IRC”), standalone energy storage technology is eligible for a tax credit between 6% and 50% of qualified expenditures, regardless of the source of energy, which may be claimed by our customers for storage systems they purchase or by us for arrangements where we own the systems.",Deferred revenue,6.0,66.49,,
"Pursuant to the IRA, as modified by the OBBBA, under Sections 48, 48E and 25D of the Internal Revenue Code (”IRC”), standalone energy storage technology is eligible for a tax credit between 6% and 50% of qualified expenditures, regardless of the source of energy, which may be claimed by our customers for storage systems they purchase or by us for arrangements where we own the systems.",Net income,6.0,50.91,,
"As of December 31, 2025, we and our subsidiaries had outstanding $8.18 billion in aggregate principal amount of indebtedness (see Note 9, Debt , to the consolidated financial statements included elsewhere in this Annual Report on Form 10-K).",Corporate debt securities,8.0,48.46,,
"As of December 31, 2025, we and our subsidiaries had outstanding $8.18 billion in aggregate principal amount of indebtedness (see Note 9, Debt , to the consolidated financial statements included elsewhere in this Annual Report on Form 10-K).",Cash Equity Debt,30.0,46.71,,
"As of December 31, 2025, we and our subsidiaries had outstanding $8.18 billion in aggregate principal amount of indebtedness (see Note 9, Debt , to the consolidated financial statements included elsewhere in this Annual Report on Form 10-K).",Gross margin energy generation and storage segment,29.8,34.81,,
"As of December 31, 2025, we and our subsidiaries had outstanding $8.18 billion in aggregate principal amount of indebtedness (see Note 9, , to the consolidated financial statements included elsewhere in this Annual Report on Form 10-K).",Corporate debt securities,8.0,48.52,,
"As of December 31, 2025, we and our subsidiaries had outstanding $8.18 billion in aggregate principal amount of indebtedness (see Note 9, , to the consolidated financial statements included elsewhere in this Annual Report on Form 10-K).",Cash Equity Debt,30.0,46.75,,
"As of December 31, 2025, we and our subsidiaries had outstanding $8.18 billion in aggregate principal amount of indebtedness (see Note 9, , to the consolidated financial statements included elsewhere in this Annual Report on Form 10-K).",Gross margin energy generation and storage segment,29.8,34.9,,
"If we are unable to generate such cash flow, we may be required to adopt one or more alternatives, such as reducing or delaying investments or capital expenditures, selling assets, refinancing or obtaining additional equity capital on terms that may be onerous or highly dilutive.",Effect of exchange rate changes on cash and cash equivalents and restricted cash,171.0,21.33,,
"If we are unable to generate such cash flow, we may be required to adopt one or more alternatives, such as reducing or delaying investments or capital expenditures, selling assets, refinancing or obtaining additional equity capital on terms that may be onerous or highly dilutive.",Net increase (decrease) in cash and cash equivalents and restricted cash,579.0,20.68,,
"If we are unable to generate such cash flow, we may be required to adopt one or more alternatives, such as reducing or delaying investments or capital expenditures, selling assets, refinancing or obtaining additional equity capital on terms that may be onerous or highly dilutive.","Cash and cash equivalents and restricted cash, end of period",17616.0,20.29,,
Unregistered Sales of Equity Securities and Use of Proceeds Unregistered Sales of Equity Securities and Use of Proceeds Purchases of Equity Securities by the Issuer and Affiliated Purchasers Purchases of Equity Securities by the Issuer and Affiliated Purchasers ITEM 7.,As a percentage of revenues,7.0,52.57,,
Unregistered Sales of Equity Securities and Use of Proceeds Unregistered Sales of Equity Securities and Use of Proceeds Purchases of Equity Securities by the Issuer and Affiliated Purchasers Purchases of Equity Securities by the Issuer and Affiliated Purchasers ITEM 7.,"Sales return reserve, current portion",529.0,18.79,,
Unregistered Sales of Equity Securities and Use of Proceeds Unregistered Sales of Equity Securities and Use of Proceeds Purchases of Equity Securities by the Issuer and Affiliated Purchasers Purchases of Equity Securities by the Issuer and Affiliated Purchasers ITEM 7.,Total revenues from sales and services,92614.0,18.65,,
"In 2025, we recognized total revenues of $94.83 billion, representing a decrease of $2.86 billion compared to the prior year.",Total automotive & services and other segment cost of revenues,68764.0,22.27,,
"In 2025, we recognized total revenues of $94.83 billion, representing a decrease of $2.86 billion compared to the prior year.",Energy generation and storage segment revenue,12771.0,21.82,,
"In 2025, we recognized total revenues of $94.83 billion, representing a decrease of $2.86 billion compared to the prior year.",Total automotive & services and other segment revenue,82056.0,21.52,,
"In 2025, our net income attributable to common stockholders was $3.79 billion, representing a decrease of $3.30 billion compared to the prior year.","Weighted average shares used in computing net income per share of common stock, basic",3225.0,24.14,,
"In 2025, our net income attributable to common stockholders was $3.79 billion, representing a decrease of $3.30 billion compared to the prior year.",Net income used in computing basic and diluted net income per share of common stock,3794.0,24.04,,
"In 2025, our net income attributable to common stockholders was $3.79 billion, representing a decrease of $3.30 billion compared to the prior year.",Net income attributable to common stockholders,3794.0,23.91,,
"We ended 2025 with $44.06 billion in cash and cash equivalents and investments, representing an increase of $7.50 billion from the end of 2024.",Effect of exchange rate changes on cash and cash equivalents and restricted cash,171.0,24.87,,
"We ended 2025 with $44.06 billion in cash and cash equivalents and investments, representing an increase of $7.50 billion from the end of 2024.",Net increase (decrease) in cash and cash equivalents and restricted cash,579.0,24.86,,
"We ended 2025 with $44.06 billion in cash and cash equivalents and investments, representing an increase of $7.50 billion from the end of 2024.","Cash and cash equivalents and restricted cash, beginning of period",17037.0,24.76,,
"Capital expenditures amounted to $8.53 billion in 2025 compared to $11.34 billion in 2024, representing a decrease of $2.82 billion.","Cash and cash equivalents and restricted cash, beginning of period",17037.0,7.88,,
"Capital expenditures amounted to $8.53 billion in 2025 compared to $11.34 billion in 2024, representing a decrease of $2.82 billion.",Net income used in computing basic and diluted net income per share of common stock,3794.0,7.63,,
"Capital expenditures amounted to $8.53 billion in 2025 compared to $11.34 billion in 2024, representing a decrease of $2.82 billion.","Weighted average shares used in computing net income per share of common stock, diluted",3528.0,7.12,,
"We currently expect our capital expenditures to be in excess of $20 billion in 2026, driven by our AI initiatives, including investments in compute infrastructure and data centers, the expansion and ramp of our manufacturing and R&D production lines and facilities, and growth in our fleet of company-operated AI-enabled assets and our retail, service and charging footprint.",Cash Equity Debt,21.0,31.02,,
"We currently expect our capital expenditures to be in excess of $20 billion in 2026, driven by our AI initiatives, including investments in compute infrastructure and data centers, the expansion and ramp of our manufacturing and R&D production lines and facilities, and growth in our fleet of company-operated AI-enabled assets and our retail, service and charging footprint.",Total assets,137806.0,16.14,,
"As our contract costs related to automotive sales are typically fulfilled within one year, the costs to obtain a contract are expensed as incurred.",Total revenues from sales and services,92614.0,20.62,,
"As our contract costs related to automotive sales are typically fulfilled within one year, the costs to obtain a contract are expensed as incurred.",Energy generation and storage sales,12270.0,20.49,,
"As our contract costs related to automotive sales are typically fulfilled within one year, the costs to obtain a contract are expensed as incurred.",Net investment in sales-type leases,240.0,20.49,,
"Automotive sales revenue decreased $6.66 billion, or 9%, in the year ended December 31, 2025 as compared to the year ended December 31, 2024, due a decrease of approximately 8% in cash deliveries and a lower average selling price per unit driven by sales mix and higher customer incentives such as attractive financing options.",Corporate debt securities,8.0,52.61,,
"Automotive sales revenue decreased $6.66 billion, or 9%, in the year ended December 31, 2025 as compared to the year ended December 31, 2024, due a decrease of approximately 8% in cash deliveries and a lower average selling price per unit driven by sales mix and higher customer incentives such as attractive financing options.",As a percentage of revenues,7.0,47.82,,
"Automotive sales revenue decreased $6.66 billion, or 9%, in the year ended December 31, 2025 as compared to the year ended December 31, 2024, due a decrease of approximately 8% in cash deliveries and a lower average selling price per unit driven by sales mix and higher customer incentives such as attractive financing options.",Cash Equity Debt,30.0,46.28,,
"Automotive regulatory credits revenue decreased $770 million, or 28%, in the year ended December 31, 2025 as compared to the year ended December 31, 2024.",Gross margin energy generation and storage segment,29.8,36.08,,
"Automotive regulatory credits revenue decreased $770 million, or 28%, in the year ended December 31, 2025 as compared to the year ended December 31, 2024.",Cash Equity Debt,30.0,32.12,,
"Automotive regulatory credits revenue decreased $770 million, or 28%, in the year ended December 31, 2025 as compared to the year ended December 31, 2024.",Total automotive & services and other segment cost of revenues,68764.0,22.04,,
"Services and other revenue increased $2.00 billion, or 19%, in the year ended December 31, 2025 as compared to the year ended December 31, 2024, primarily due to increases in paid Supercharging sessions, non-warranty maintenance services and collision revenue, used vehicle sales volume and automotive insurance business revenue.",Gross margin energy generation and storage segment,29.8,34.01,,
"Services and other revenue increased $2.00 billion, or 19%, in the year ended December 31, 2025 as compared to the year ended December 31, 2024, primarily due to increases in paid Supercharging sessions, non-warranty maintenance services and collision revenue, used vehicle sales volume and automotive insurance business revenue.",Total revenues from sales and services,92614.0,33.71,,
"Services and other revenue increased $2.00 billion, or 19%, in the year ended December 31, 2025 as compared to the year ended December 31, 2024, primarily due to increases in paid Supercharging sessions, non-warranty maintenance services and collision revenue, used vehicle sales volume and automotive insurance business revenue.",Cash Equity Debt,30.0,31.28,,
"Energy generation and storage revenue increased $2.69 billion, or 27%, in the year ended December 31, 2025 as compared to the year ended December 31, 2024 primarily due to increases in Megapack and Powerwall deployments, partially offset by a decrease in average selling price of Megapack.",Gross margin energy generation and storage segment,29.8,34.84,,
"Energy generation and storage revenue increased $2.69 billion, or 27%, in the year ended December 31, 2025 as compared to the year ended December 31, 2024 primarily due to increases in Megapack and Powerwall deployments, partially offset by a decrease in average selling price of Megapack.",Cash Equity Debt,30.0,31.44,,
"Energy generation and storage revenue increased $2.69 billion, or 27%, in the year ended December 31, 2025 as compared to the year ended December 31, 2024 primarily due to increases in Megapack and Powerwall deployments, partially offset by a decrease in average selling price of Megapack.",Total automotive & services and other segment cost of revenues,68764.0,20.13,,
"Cost of Revenues and Gross Margin Cost of Revenues and Gross Margin Year Ended December 31, 2025 vs.",Gross margin energy generation and storage segment,29.8,52.47,,
"Cost of Revenues and Gross Margin Cost of Revenues and Gross Margin Year Ended December 31, 2025 vs.",Cash Equity Debt,30.0,33.1,,
"Cost of Revenues and Gross Margin Cost of Revenues and Gross Margin Year Ended December 31, 2025 vs.",Total automotive & services and other segment cost of revenues,68764.0,22.9,,
"Cost of automotive sales revenue decreased $5.60 billion, or 9%, in the year ended December 31, 2025 as compared to the year ended December 31, 2024 due to the decrease in deliveries year over year as discussed above and lower average cost per unit due to sales mix and lower material costs, partially offset by lower fixed cost absorption and an increase in tariffs compared to the prior year.",Gross margin energy generation and storage segment,29.8,33.42,,
"Cost of automotive sales revenue decreased $5.60 billion, or 9%, in the year ended December 31, 2025 as compared to the year ended December 31, 2024 due to the decrease in deliveries year over year as discussed above and lower average cost per unit due to sales mix and lower material costs, partially offset by lower fixed cost absorption and an increase in tariffs compared to the prior year.",Total revenues from sales and services,92614.0,33.06,,
"Cost of automotive sales revenue decreased $5.60 billion, or 9%, in the year ended December 31, 2025 as compared to the year ended December 31, 2024 due to the decrease in deliveries year over year as discussed above and lower average cost per unit due to sales mix and lower material costs, partially offset by lower fixed cost absorption and an increase in tariffs compared to the prior year.",Cash Equity Debt,30.0,31.17,,
"Cost of services and other revenue increased $1.68 billion, or 17%, in the year ended December 31, 2025 as compared to the year ended December 31, 2024, primarily due to increases in used vehicle sales volume and cost, cost of paid Supercharging sessions, cost related to our automotive insurance business, and cost related to our non-warranty maintenance services and collision revenue.",Gross margin total automotive & services and other segment,16.2,34.31,,
"Cost of services and other revenue increased $1.68 billion, or 17%, in the year ended December 31, 2025 as compared to the year ended December 31, 2024, primarily due to increases in used vehicle sales volume and cost, cost of paid Supercharging sessions, cost related to our automotive insurance business, and cost related to our non-warranty maintenance services and collision revenue.",Gross margin energy generation and storage segment,29.8,33.48,,
"Cost of services and other revenue increased $1.68 billion, or 17%, in the year ended December 31, 2025 as compared to the year ended December 31, 2024, primarily due to increases in used vehicle sales volume and cost, cost of paid Supercharging sessions, cost related to our automotive insurance business, and cost related to our non-warranty maintenance services and collision revenue.",Total revenues from sales and services,92614.0,33.39,,
"Gross margin for total automotive decreased from 18.4% to 17.8% in the year ended December 31, 2025 as compared to the year ended December 31, 2024 primarily due to a decrease in regulatory credits revenue as well as the changes in automotive sales revenue and cost of automotive sales revenue, as discussed above.",Gross margin energy generation and storage segment,29.8,49.4,,
"Gross margin for total automotive decreased from 18.4% to 17.8% in the year ended December 31, 2025 as compared to the year ended December 31, 2024 primarily due to a decrease in regulatory credits revenue as well as the changes in automotive sales revenue and cost of automotive sales revenue, as discussed above.",Gross margin total automotive,17.8,48.38,,
"Gross margin for total automotive decreased from 18.4% to 17.8% in the year ended December 31, 2025 as compared to the year ended December 31, 2024 primarily due to a decrease in regulatory credits revenue as well as the changes in automotive sales revenue and cost of automotive sales revenue, as discussed above.",Total gross margin,18.0,46.93,,
"Gross margin for total automotive & services and other segment decreased from 16.9% to 16.2% in the year ended December 31, 2025 as compared to the year ended December 31, 2024 primarily due to a decrease in regulatory credits revenue, partially offset by an improvement in services and other margins.",Gross margin total automotive & services and other segment,16.2,51.46,,
"Gross margin for total automotive & services and other segment decreased from 16.9% to 16.2% in the year ended December 31, 2025 as compared to the year ended December 31, 2024 primarily due to a decrease in regulatory credits revenue, partially offset by an improvement in services and other margins.",Gross margin energy generation and storage segment,29.8,49.9,,
"Gross margin for total automotive & services and other segment decreased from 16.9% to 16.2% in the year ended December 31, 2025 as compared to the year ended December 31, 2024 primarily due to a decrease in regulatory credits revenue, partially offset by an improvement in services and other margins.",Cash Equity Debt,30.0,31.39,,
"Gross margin for energy generation and storage increased from 26.2% to 29.8% in the year ended December 31, 2025 as compared to the year ended December 31, 2024, primarily due the changes in energy generation and storage revenue and cost of energy generation and storage revenue, as discussed above.",Gross margin energy generation and storage segment,29.8,70.5,,
"Gross margin for energy generation and storage increased from 26.2% to 29.8% in the year ended December 31, 2025 as compared to the year ended December 31, 2024, primarily due the changes in energy generation and storage revenue and cost of energy generation and storage revenue, as discussed above.",Cash Equity Debt,30.0,51.4,,
"Gross margin for energy generation and storage increased from 26.2% to 29.8% in the year ended December 31, 2025 as compared to the year ended December 31, 2024, primarily due the changes in energy generation and storage revenue and cost of energy generation and storage revenue, as discussed above.",Gross margin total automotive & services and other segment,16.2,20.04,,
"R&D expense as a percentage of revenue increased from 5% to 7% in the year ended December 31, 2025 as compared to the year ended December 31, 2024, primarily due to higher R&D expense and a decrease in total revenue as compared to the prior year.",As a percentage of revenues,7.0,68.66,,
"R&D expense as a percentage of revenue increased from 5% to 7% in the year ended December 31, 2025 as compared to the year ended December 31, 2024, primarily due to higher R&D expense and a decrease in total revenue as compared to the prior year.",Gross margin energy generation and storage segment,29.8,35.0,,
"R&D expense as a percentage of revenue increased from 5% to 7% in the year ended December 31, 2025 as compared to the year ended December 31, 2024, primarily due to higher R&D expense and a decrease in total revenue as compared to the prior year.",Cash Equity Debt,30.0,31.53,,
"Interest income increased $111 million, or 7%, in the year ended December 31, 2025 as compared to the year ended December 31, 2024, primarily due to higher interest earned on our cash and cash equivalents and short-term investments due to an increase in our average portfolio balance, partially offset by a lower average interest rate.",As a percentage of revenues,7.0,52.43,,
"Interest income increased $111 million, or 7%, in the year ended December 31, 2025 as compared to the year ended December 31, 2024, primarily due to higher interest earned on our cash and cash equivalents and short-term investments due to an increase in our average portfolio balance, partially offset by a lower average interest rate.",Cash and cash equivalents,109.0,47.44,,
"Interest income increased $111 million, or 7%, in the year ended December 31, 2025 as compared to the year ended December 31, 2024, primarily due to higher interest earned on our cash and cash equivalents and short-term investments due to an increase in our average portfolio balance, partially offset by a lower average interest rate.",Cash Equity Debt,30.0,46.25,,
"As of December 31, 2025, we and our subsidiaries had outstanding $8.18 billion in aggregate principal amount of indebtedness, of which $1.58 billion is current.",Corporate debt securities,8.0,48.89,,
"As of December 31, 2025, we and our subsidiaries had outstanding $8.18 billion in aggregate principal amount of indebtedness, of which $1.58 billion is current.",Cash Equity Debt,30.0,47.27,,
"As of December 31, 2025, we and our subsidiaries had outstanding $8.18 billion in aggregate principal amount of indebtedness, of which $1.58 billion is current.",Gross margin energy generation and storage segment,29.8,35.52,,
"For details regarding our indebtedness and lease obligations, refer to Note 9, Debt , and Note 10, Leases , to the consolidated financial statements included elsewhere in this Annual Report on Form 10-K.","Long-term debt and finance leases, net of current portion",152.0,21.62,,
"For details regarding our indebtedness and lease obligations, refer to Note 9, Debt , and Note 10, Leases , to the consolidated financial statements included elsewhere in this Annual Report on Form 10-K.",Current portion of long-term debt and finance leases,71.0,21.27,,
"For details regarding our indebtedness and lease obligations, refer to Note 9, Debt , and Note 10, Leases , to the consolidated financial statements included elsewhere in this Annual Report on Form 10-K.","Debt and finance leases, net of current portion",6736.0,21.08,,
"For details regarding our indebtedness and lease obligations, refer to Note 9, , to the consolidated financial statements included elsewhere in this Annual Report on Form 10-K.","Long-term debt and finance leases, net of current portion",152.0,22.21,,
"For details regarding our indebtedness and lease obligations, refer to Note 9, , to the consolidated financial statements included elsewhere in this Annual Report on Form 10-K.",Current portion of long-term debt and finance leases,71.0,22.02,,
"For details regarding our indebtedness and lease obligations, refer to Note 9, , to the consolidated financial statements included elsewhere in this Annual Report on Form 10-K.",Current portion of debt and finance leases,1640.0,21.61,,
"As of December 31, 2025, we had $16.51 billion and $27.55 billion of cash and cash equivalents and short-term investments, respectively.",Cash Equity Debt,30.0,47.89,,
"As of December 31, 2025, we had $16.51 billion and $27.55 billion of cash and cash equivalents and short-term investments, respectively.",Gross margin total automotive & services and other segment,16.2,36.39,,
"As of December 31, 2025, we had $16.51 billion and $27.55 billion of cash and cash equivalents and short-term investments, respectively.",Gross margin energy generation and storage segment,29.8,36.02,,
"For details regarding our indebtedness, refer to Note 9, Debt , to the consolidated financial statements included elsewhere in this Annual Report on Form 10-K.",Current portion of long-term debt and finance leases,71.0,21.82,,
"For details regarding our indebtedness, refer to Note 9, Debt , to the consolidated financial statements included elsewhere in this Annual Report on Form 10-K.","Long-term debt and finance leases, net of current portion",152.0,21.67,,
"For details regarding our indebtedness, refer to Note 9, Debt , to the consolidated financial statements included elsewhere in this Annual Report on Form 10-K.","Debt and finance leases, net of current portion",6736.0,21.41,,
"For details regarding our indebtedness, refer to Note 9, , to the consolidated financial statements included elsewhere in this Annual Report on Form 10-K.",Current portion of long-term debt and finance leases,71.0,21.99,,
"For details regarding our indebtedness, refer to Note 9, , to the consolidated financial statements included elsewhere in this Annual Report on Form 10-K.","Long-term debt and finance leases, net of current portion",152.0,21.82,,
"For details regarding our indebtedness, refer to Note 9, , to the consolidated financial statements included elsewhere in this Annual Report on Form 10-K.",Current portion of debt and finance leases,1640.0,21.53,,
"This decrease was primarily due to a decrease in net income excluding non-cash expenses, gains and losses of $737 million, partially offset by favorable changes in net operating assets and liabilities of $561 million.",Net increase (decrease) in cash and cash equivalents and restricted cash,579.0,51.92,,
"This decrease was primarily due to a decrease in net income excluding non-cash expenses, gains and losses of $737 million, partially offset by favorable changes in net operating assets and liabilities of $561 million.",Net income used in computing basic and diluted net income per share of common stock,3794.0,22.2,,
"This decrease was primarily due to a decrease in net income excluding non-cash expenses, gains and losses of $737 million, partially offset by favorable changes in net operating assets and liabilities of $561 million.",Effect of exchange rate changes on cash and cash equivalents and restricted cash,171.0,22.14,,
"We also purchased $6.95 billion and $7.45 billion of investments, net of proceeds from maturities and sales, for the years ended December 31, 2025 and 2024, respectively.",As a percentage of revenues,7.0,54.26,,
"We also purchased $6.95 billion and $7.45 billion of investments, net of proceeds from maturities and sales, for the years ended December 31, 2025 and 2024, respectively.",Gross margin energy generation and storage segment,29.8,35.64,,
"We also purchased $6.95 billion and $7.45 billion of investments, net of proceeds from maturities and sales, for the years ended December 31, 2025 and 2024, respectively.",Cash Equity Debt,30.0,32.15,,
"Net cash flows from investing activities and their variability across each period related primarily to capital expenditures, which were $8.53 billion and $11.34 billion for the years ended December 31, 2025 and 2024, respectively, mainly for global AI and operational infrastructure and factory expansion, as well as machinery and equipment as we expand and enhance our product roadmap.",Cash Equity Debt,30.0,46.19,,
"Net cash flows from investing activities and their variability across each period related primarily to capital expenditures, which were $8.53 billion and $11.34 billion for the years ended December 31, 2025 and 2024, respectively, mainly for global AI and operational infrastructure and factory expansion, as well as machinery and equipment as we expand and enhance our product roadmap.",Gross margin energy generation and storage segment,29.8,33.85,,
"Net cash flows from investing activities and their variability across each period related primarily to capital expenditures, which were $8.53 billion and $11.34 billion for the years ended December 31, 2025 and 2024, respectively, mainly for global AI and operational infrastructure and factory expansion, as well as machinery and equipment as we expand and enhance our product roadmap.",Effect of exchange rate changes on cash and cash equivalents and restricted cash,171.0,20.41,,
The decrease was primarily due to a $3.05 billion increase in repayments of debt and a $158 million decrease in proceeds from issuances of debt.,"Long-term debt and finance leases, net of current portion",152.0,51.97,,
The decrease was primarily due to a $3.05 billion increase in repayments of debt and a $158 million decrease in proceeds from issuances of debt.,Current portion of long-term debt and finance leases,71.0,21.94,,
The decrease was primarily due to a $3.05 billion increase in repayments of debt and a $158 million decrease in proceeds from issuances of debt.,"Debt and finance leases, net of current portion",6736.0,21.7,,
"See Note 9, Debt , to the consolidated financial statements included elsewhere in this Annual Report on Form 10-K for further details regarding our debt obligations.",Current portion of long-term debt and finance leases,71.0,21.82,,
"See Note 9, Debt , to the consolidated financial statements included elsewhere in this Annual Report on Form 10-K for further details regarding our debt obligations.","Long-term debt and finance leases, net of current portion",152.0,21.67,,
"See Note 9, Debt , to the consolidated financial statements included elsewhere in this Annual Report on Form 10-K for further details regarding our debt obligations.",Current portion of debt and finance leases,1640.0,21.38,,
"See Note 9, , to the consolidated financial statements included elsewhere in this Annual Report on Form 10-K for further details regarding our debt obligations.",Current portion of long-term debt and finance leases,71.0,21.98,,
"See Note 9, , to the consolidated financial statements included elsewhere in this Annual Report on Form 10-K for further details regarding our debt obligations.","Long-term debt and finance leases, net of current portion",152.0,21.64,,
"See Note 9, , to the consolidated financial statements included elsewhere in this Annual Report on Form 10-K for further details regarding our debt obligations.",Current portion of debt and finance leases,1640.0,21.53,,
"Revenue recognized from the deferred revenue balances as of December 31, 2024 and 2023 was $ 815 million and $ 872 million for the years ended December 31, 2025 and 2024, respectively.",Cost of revenues,870.0,67.6,,
"Revenue recognized from the deferred revenue balances as of December 31, 2024 and 2023 was $ 815 million and $ 872 million for the years ended December 31, 2025 and 2024, respectively.",Gross margin energy generation and storage segment,29.8,35.47,,
"Revenue recognized from the deferred revenue balances as of December 31, 2024 and 2023 was $ 815 million and $ 872 million for the years ended December 31, 2025 and 2024, respectively.",Cash Equity Debt,30.0,31.8,,
"Of the total deferred revenue balance as of December 31, 2025, we expect to recognize $ 904 million of revenue in the next 12 months.",Cost of revenues,870.0,48.76,,
"Of the total deferred revenue balance as of December 31, 2025, we expect to recognize $ 904 million of revenue in the next 12 months.",Gross margin energy generation and storage segment,29.8,36.99,,
"Of the total deferred revenue balance as of December 31, 2025, we expect to recognize $ 904 million of revenue in the next 12 months.",Cash Equity Debt,30.0,32.42,,
"Deferred revenue related to sales of automotive regulatory credits was immaterial as of December 31, 2025 and 2024.",Gross margin energy generation and storage segment,29.8,36.55,,
"Deferred revenue related to sales of automotive regulatory credits was immaterial as of December 31, 2025 and 2024.",Total revenues from sales and services,92614.0,36.54,,
"Deferred revenue related to sales of automotive regulatory credits was immaterial as of December 31, 2025 and 2024.",Cash Equity Debt,30.0,32.75,,
"Revenue recognized from the deferred revenue balance as of December 31, 2024 and 2023 was immaterial for the years ended December 31, 2025 and 2024.",Gross margin energy generation and storage segment,29.8,36.26,,
"Revenue recognized from the deferred revenue balance as of December 31, 2024 and 2023 was immaterial for the years ended December 31, 2025 and 2024.",Cash Equity Debt,30.0,32.2,,
"Revenue recognized from the deferred revenue balance as of December 31, 2024 and 2023 was immaterial for the years ended December 31, 2025 and 2024.",Deferred revenue — end of period,3867.0,21.67,,
"For the years ended December 31, 2025, 2024 and 2023, we recognized $ 1.68 billion, $ 1.78 billion and $ 1.86 billion of direct vehicle leasing revenue, respectively.",Gross margin energy generation and storage segment,29.8,35.19,,
"For the years ended December 31, 2025, 2024 and 2023, we recognized $ 1.68 billion, $ 1.78 billion and $ 1.86 billion of direct vehicle leasing revenue, respectively.",Cash Equity Debt,30.0,31.98,,
"For the years ended December 31, 2025, 2024 and 2023, we recognized $ 1.68 billion, $ 1.78 billion and $ 1.86 billion of direct vehicle leasing revenue, respectively.",Total automotive & services and other segment cost of revenues,68764.0,21.49,,
"Direct Sales-Type Leasing Program Direct Sales-Type Leasing Program We have outstanding direct leases and vehicles financed by us under loan arrangements accounted for as sales-type leases under ASC 842, Leases (“ASC 842”), in certain countries in Asia and Europe.",Cost of revenues,870.0,32.14,,
"Direct Sales-Type Leasing Program Direct Sales-Type Leasing Program We have outstanding direct leases and vehicles financed by us under loan arrangements accounted for as sales-type leases under ASC 842, Leases (“ASC 842”), in certain countries in Asia and Europe.",Net investment in sales-type leases,240.0,19.41,,
"Direct Sales-Type Leasing Program Direct Sales-Type Leasing Program We have outstanding direct leases and vehicles financed by us under loan arrangements accounted for as sales-type leases under ASC 842, Leases (“ASC 842”), in certain countries in Asia and Europe.",Total revenues from sales and services,92614.0,19.37,,
"For the years ended December 31, 2025, 2024 and 2023, we recognized $ 10 million, $ 12 million and $ 215 million, respectively, of sales-type leasing revenue and $ 5 million, $ 7 million and $ 164 million, respectively, of sales-type leasing cost of revenue.",As a percentage of revenues,7.0,68.23,,
"For the years ended December 31, 2025, 2024 and 2023, we recognized $ 10 million, $ 12 million and $ 215 million, respectively, of sales-type leasing revenue and $ 5 million, $ 7 million and $ 164 million, respectively, of sales-type leasing cost of revenue.",Effect of exchange rate changes on cash and cash equivalents and restricted cash,171.0,35.56,,
"For the years ended December 31, 2025, 2024 and 2023, we recognized $ 10 million, $ 12 million and $ 215 million, respectively, of sales-type leasing revenue and $ 5 million, $ 7 million and $ 164 million, respectively, of sales-type leasing cost of revenue.",Gross margin energy generation and storage segment,29.8,34.29,,
"We have outstanding direct leases and vehicles financed by us under loan arrangements accounted for as sales-type leases under ASC 842, (“ASC 842”), in certain countries in Asia and Europe.",Cost of revenues,870.0,32.93,,
"We have outstanding direct leases and vehicles financed by us under loan arrangements accounted for as sales-type leases under ASC 842, (“ASC 842”), in certain countries in Asia and Europe.",Total revenues from sales and services,92614.0,20.64,,
"We have outstanding direct leases and vehicles financed by us under loan arrangements accounted for as sales-type leases under ASC 842, (“ASC 842”), in certain countries in Asia and Europe.",Net investment in sales-type leases,240.0,20.36,,
"Deferred revenue excluding unearned insurance premiums was not material as of December 31, 2025 and 2024.",Gross margin energy generation and storage segment,29.8,37.23,,
"Deferred revenue excluding unearned insurance premiums was not material as of December 31, 2025 and 2024.",Cash Equity Debt,30.0,32.64,,
"Deferred revenue excluding unearned insurance premiums was not material as of December 31, 2025 and 2024.",Deferred revenue — beginning of period,3599.0,23.95,,
"As our contract costs related to energy storage system sales are typically fulfilled within one year, the costs to obtain a contract are expensed as incurred.",Energy generation and storage sales,12270.0,21.22,,
"As our contract costs related to energy storage system sales are typically fulfilled within one year, the costs to obtain a contract are expensed as incurred.","Sales return reserve, current portion",529.0,20.54,,
"As our contract costs related to energy storage system sales are typically fulfilled within one year, the costs to obtain a contract are expensed as incurred.",Total revenues from sales and services,92614.0,20.51,,
"As of December 31, 2025 and 2024, deferred revenue related to such customer payments amounted to $ 2.04 billion and $ 1.77 billion, respectively, mainly due to contractual payment terms.",Gross margin energy generation and storage segment,29.8,35.42,,
"As of December 31, 2025 and 2024, deferred revenue related to such customer payments amounted to $ 2.04 billion and $ 1.77 billion, respectively, mainly due to contractual payment terms.",Cash Equity Debt,30.0,32.18,,
"As of December 31, 2025 and 2024, deferred revenue related to such customer payments amounted to $ 2.04 billion and $ 1.77 billion, respectively, mainly due to contractual payment terms.",Total automotive & services and other segment cost of revenues,68764.0,21.13,,
"Revenue recognized from the deferred revenue balance as of December 31, 2024 and 2023 was $ 1.45 billion and $ 1.27 billion for the years ended December 31, 2025 and 2024, respectively.",Gross margin energy generation and storage segment,29.8,35.11,,
"Revenue recognized from the deferred revenue balance as of December 31, 2024 and 2023 was $ 1.45 billion and $ 1.27 billion for the years ended December 31, 2025 and 2024, respectively.",Cash Equity Debt,30.0,31.99,,
"Revenue recognized from the deferred revenue balance as of December 31, 2024 and 2023 was $ 1.45 billion and $ 1.27 billion for the years ended December 31, 2025 and 2024, respectively.",Total automotive & services and other segment cost of revenues,68764.0,20.83,,
"As of December 31, 2025 and 2024, deferred revenue related to such customer payments amounted to $ 151 million and $ 164 million, respectively.","Long-term debt and finance leases, net of current portion",152.0,56.6,,
"As of December 31, 2025 and 2024, deferred revenue related to such customer payments amounted to $ 151 million and $ 164 million, respectively.",Effect of exchange rate changes on cash and cash equivalents and restricted cash,171.0,37.35,,
"As of December 31, 2025 and 2024, deferred revenue related to such customer payments amounted to $ 151 million and $ 164 million, respectively.",Gross margin energy generation and storage segment,29.8,36.42,,
"As of December 31, 2025 and 2024, deferred revenue from rebates and incentives was immaterial.",Gross margin energy generation and storage segment,29.8,37.22,,
"As of December 31, 2025 and 2024, deferred revenue from rebates and incentives was immaterial.",Cash Equity Debt,30.0,33.27,,
"As of December 31, 2025 and 2024, deferred revenue from rebates and incentives was immaterial.","Deferred revenue, net of current portion",3631.0,23.66,,
"Additionally, cost of automotive sales revenue benefits from manufacturing credits earned, amounting to $ 565 million, $ 625 million and $ 359 million for the years ended December 31, 2025, 2024 and 2023, respectively.",Deferred revenue,363.0,47.56,,
"Additionally, cost of automotive sales revenue benefits from manufacturing credits earned, amounting to $ 565 million, $ 625 million and $ 359 million for the years ended December 31, 2025, 2024 and 2023, respectively.",Net increase (decrease) in cash and cash equivalents and restricted cash,579.0,36.48,,
"Additionally, cost of automotive sales revenue benefits from manufacturing credits earned, amounting to $ 565 million, $ 625 million and $ 359 million for the years ended December 31, 2025, 2024 and 2023, respectively.",Gross margin energy generation and storage segment,29.8,35.22,,
"Additionally, cost of energy generation and storage revenue benefits from manufacturing credits earned, amounting to $ 1.12 billion, $ 756 million and $ 115 million for the years ended December 31, 2025, 2024 and 2023, respectively.",Gross margin energy generation and storage segment,29.8,36.52,,
"Additionally, cost of energy generation and storage revenue benefits from manufacturing credits earned, amounting to $ 1.12 billion, $ 756 million and $ 115 million for the years ended December 31, 2025, 2024 and 2023, respectively.",Corporate debt securities,117.0,33.11,,
"Additionally, cost of energy generation and storage revenue benefits from manufacturing credits earned, amounting to $ 1.12 billion, $ 756 million and $ 115 million for the years ended December 31, 2025, 2024 and 2023, respectively.",Cash Equity Debt,30.0,31.77,,
Available-for-sale marketable securities with maturities greater than three months at the date of purchase are included in short-term investments in our consolidated balance sheets.,"Weighted average shares used in computing net income per share of common stock, diluted",3528.0,7.61,,
Available-for-sale marketable securities with maturities greater than three months at the date of purchase are included in short-term investments in our consolidated balance sheets.,"Weighted average shares used in computing net income per share of common stock, basic",3225.0,7.52,,
Available-for-sale marketable securities with maturities greater than three months at the date of purchase are included in short-term investments in our consolidated balance sheets.,Net income used in computing basic and diluted net income per share of common stock,3794.0,7.42,,
"For the years ended December 31, 2025, 2024 and 2023, the impact from our IRA incentive was primarily a reduction of our costs of revenue in our consolidated statements of operations as discussed above in Cost of Revenues.",Gross margin energy generation and storage segment,29.8,35.74,,
"For the years ended December 31, 2025, 2024 and 2023, the impact from our IRA incentive was primarily a reduction of our costs of revenue in our consolidated statements of operations as discussed above in Cost of Revenues.",Cash Equity Debt,30.0,32.02,,
"For the years ended December 31, 2025, 2024 and 2023, the impact from our IRA incentive was primarily a reduction of our costs of revenue in our consolidated statements of operations as discussed above in Cost of Revenues.",Total automotive & services and other segment cost of revenues,68764.0,21.48,,
We have a 401(k) savings plan in the U.S. that is intended to qualify as a deferred salary arrangement under Section 401(k) of the Internal Revenue Code and a number of savings plans internationally.,Total automotive & services and other segment cost of revenues,68764.0,20.52,,
We have a 401(k) savings plan in the U.S. that is intended to qualify as a deferred salary arrangement under Section 401(k) of the Internal Revenue Code and a number of savings plans internationally.,Energy generation and storage segment revenue,12771.0,20.25,,
We have a 401(k) savings plan in the U.S. that is intended to qualify as a deferred salary arrangement under Section 401(k) of the Internal Revenue Code and a number of savings plans internationally.,Total automotive & services and other segment revenue,82056.0,20.24,,
"We will continue to evaluate the impact of these provisions on our 2026 and subsequent consolidated financial statements, including loss of certain regulatory credit sales tied to our products and changes to the costs of our products.","Sales return reserve, current portion",529.0,19.28,,
"We will continue to evaluate the impact of these provisions on our 2026 and subsequent consolidated financial statements, including loss of certain regulatory credit sales tied to our products and changes to the costs of our products.",Total revenues from sales and services,92614.0,19.26,,
"We will continue to evaluate the impact of these provisions on our 2026 and subsequent consolidated financial statements, including loss of certain regulatory credit sales tied to our products and changes to the costs of our products.",Energy generation and storage sales,12270.0,19.01,,
"During the years ended December 31, 2025, 2024 and 2023, we recorded write-downs of $ 310 million, $ 190 million and $ 233 million, respectively, in Cost of revenues in the consolidated statements of operations.",Gross margin energy generation and storage segment,29.8,35.21,,
"During the years ended December 31, 2025, 2024 and 2023, we recorded write-downs of $ 310 million, $ 190 million and $ 233 million, respectively, in Cost of revenues in the consolidated statements of operations.",Proceeds from sales of investments,200.0,34.24,,
"During the years ended December 31, 2025, 2024 and 2023, we recorded write-downs of $ 310 million, $ 190 million and $ 233 million, respectively, in Cost of revenues in the consolidated statements of operations.",Net investment in sales-type leases,240.0,34.07,,
"As we are invoiced for these goods and services, this balance will reduce and accounts payable will increase. (2) Taxes payable primarily includes value added tax, income tax, sales tax, property tax and use tax payables.",Total revenues from sales and services,92614.0,20.41,,
"As we are invoiced for these goods and services, this balance will reduce and accounts payable will increase. (2) Taxes payable primarily includes value added tax, income tax, sales tax, property tax and use tax payables.","Sales return reserve, current portion",529.0,19.34,,
"As we are invoiced for these goods and services, this balance will reduce and accounts payable will increase. (2) Taxes payable primarily includes value added tax, income tax, sales tax, property tax and use tax payables.",Net investment in sales-type leases,240.0,19.22,,
"Refer to the respective sections below for restrictions on draw-down or use for general corporate purposes with respect to any available committed funds under our debt facilities, as applicable. (2) As we have the intent and ability to refinance the loan on a long-term basis, we recorded it in Debt and finance leases, net of current portion in the consolidated balance sheets.","Long-term debt and finance leases, net of current portion",152.0,19.69,,
"Refer to the respective sections below for restrictions on draw-down or use for general corporate purposes with respect to any available committed funds under our debt facilities, as applicable. (2) As we have the intent and ability to refinance the loan on a long-term basis, we recorded it in Debt and finance leases, net of current portion in the consolidated balance sheets.",Current portion of long-term debt and finance leases,71.0,19.47,,
"Refer to the respective sections below for restrictions on draw-down or use for general corporate purposes with respect to any available committed funds under our debt facilities, as applicable. (2) As we have the intent and ability to refinance the loan on a long-term basis, we recorded it in Debt and finance leases, net of current portion in the consolidated balance sheets.","Debt and finance leases, net of current portion",6736.0,19.42,,
"As of December 31, 2025, we were in material compliance with all financial debt covenants.",Cash Equity Debt,30.0,48.4,,
"As of December 31, 2025, we were in material compliance with all financial debt covenants.",Gross margin energy generation and storage segment,29.8,36.57,,
"As of December 31, 2025, we were in material compliance with all financial debt covenants.","Long-term debt and finance leases, net of current portion",152.0,23.71,,
"The proceeds from issuance, net of debt issuance costs, were $ 494 million.",Proceeds from issuances of debt,5586.0,24.43,,
"The proceeds from issuance, net of debt issuance costs, were $ 494 million.","Long-term debt and finance leases, net of current portion",152.0,24.39,,
"The proceeds from issuance, net of debt issuance costs, were $ 494 million.","Debt and finance leases, net of current portion",6736.0,24.18,,
"In connection with the cash equity financing deals closed in 2016, our subsidiaries issued $ 502 million in aggregate principal amount of debt that bears interest at fixed rates.",Cash Equity Debt,21.0,32.68,,
"In connection with the cash equity financing deals closed in 2016, our subsidiaries issued $ 502 million in aggregate principal amount of debt that bears interest at fixed rates.",Effect of exchange rate changes on cash and cash equivalents and restricted cash,171.0,23.37,,
"As of December 31, 2025 and 2024, we had pledged or restricted $ 3.89 billion and $ 5.16 billion, respectively, of our assets (consisting principally of operating lease vehicles, financing receivables, restricted cash, and equity interests in certain SPEs) as collateral for our outstanding debt.",Cash Equity Debt,30.0,61.67,,
"As of December 31, 2025 and 2024, we had pledged or restricted $ 3.89 billion and $ 5.16 billion, respectively, of our assets (consisting principally of operating lease vehicles, financing receivables, restricted cash, and equity interests in certain SPEs) as collateral for our outstanding debt.",Total recourse debt,4.0,47.16,,
"As of December 31, 2025 and 2024, we had pledged or restricted $ 3.89 billion and $ 5.16 billion, respectively, of our assets (consisting principally of operating lease vehicles, financing receivables, restricted cash, and equity interests in certain SPEs) as collateral for our outstanding debt.",Gross margin energy generation and storage segment,29.8,34.28,,
"As of December 31, 2025, maturities of our operating lease and sales-type lease receivables from customers for each of the next five years and thereafter were as follows (in millions): We are the lessor of certain vehicle and energy generation and storage systems as described in Note 2, Summary of Significant Accounting Policies .",Gross margin energy generation and storage segment,29.8,34.71,,
"As of December 31, 2025, maturities of our operating lease and sales-type lease receivables from customers for each of the next five years and thereafter were as follows (in millions): We are the lessor of certain vehicle and energy generation and storage systems as described in Note 2, Summary of Significant Accounting Policies .",Cash Equity Debt,30.0,31.26,,
"As of December 31, 2025, maturities of our operating lease and sales-type lease receivables from customers for each of the next five years and thereafter were as follows (in millions): We are the lessor of certain vehicle and energy generation and storage systems as described in Note 2, Summary of Significant Accounting Policies .",Total revenues from sales and services,92614.0,18.78,,
"Meeting the last three Adjusted EBITDA operational milestones requires achieving Adjusted EBITDA of $ 400 billion in three non-overlapping periods, each made up of four consecutive quarters.",Effect of exchange rate changes on cash and cash equivalents and restricted cash,171.0,7.41,,
"Meeting the last three Adjusted EBITDA operational milestones requires achieving Adjusted EBITDA of $ 400 billion in three non-overlapping periods, each made up of four consecutive quarters.","Weighted average shares used in computing net income per share of common stock, diluted",3528.0,7.36,,
"Meeting the last three Adjusted EBITDA operational milestones requires achieving Adjusted EBITDA of $ 400 billion in three non-overlapping periods, each made up of four consecutive quarters.","Weighted average shares used in computing net income per share of common stock, basic",3225.0,7.27,,
"Federal and state laws can impose substantial restrictions on the utilization of net operating loss and tax credit carry-forwards in the event of an “ownership change,” as defined in Section 382 of the Internal Revenue Code.",Total automotive & services and other segment cost of revenues,68764.0,20.87,,
"Federal and state laws can impose substantial restrictions on the utilization of net operating loss and tax credit carry-forwards in the event of an “ownership change,” as defined in Section 382 of the Internal Revenue Code.",Total automotive & services and other segment revenue,82056.0,20.05,,
"Federal and state laws can impose substantial restrictions on the utilization of net operating loss and tax credit carry-forwards in the event of an “ownership change,” as defined in Section 382 of the Internal Revenue Code.","Deferred revenue, net of current portion",3631.0,20.0,,
We are currently under examination by the Internal Revenue Service (“IRS”) for the years 2015 to 2018.,Total automotive & services and other segment cost of revenues,68764.0,22.07,,
We are currently under examination by the Internal Revenue Service (“IRS”) for the years 2015 to 2018.,"Deferred revenue, net of current portion",3631.0,22.04,,
"During the year ended December 31, 2025, we recognized $ 430 million of revenues and $ 285 million of cost of revenues from xAI for its purchase of our Megapack products in the ordinary course of business.",Gross margin energy generation and storage segment,29.8,35.18,,
"During the year ended December 31, 2025, we recognized $ 430 million of revenues and $ 285 million of cost of revenues from xAI for its purchase of our Megapack products in the ordinary course of business.",Cash Equity Debt,30.0,31.81,,
"During the year ended December 31, 2025, we recognized $ 430 million of revenues and $ 285 million of cost of revenues from xAI for its purchase of our Megapack products in the ordinary course of business.",Total automotive & services and other segment cost of revenues,68764.0,21.14,,
"Depreciation and amortization included in Cost of revenues for the energy generation and storage segment for the years ended December 31, 2025, 2024 and 2023 was $ 355 million, $ 377 million and $ 343 million, respectively.",Deferred revenue,363.0,47.51,,
"Depreciation and amortization included in Cost of revenues for the energy generation and storage segment for the years ended December 31, 2025, 2024 and 2023 was $ 355 million, $ 377 million and $ 343 million, respectively.",Gross margin energy generation and storage segment,29.8,36.59,,
"Depreciation and amortization included in Cost of revenues for the energy generation and storage segment for the years ended December 31, 2025, 2024 and 2023 was $ 355 million, $ 377 million and $ 343 million, respectively.",Cash Equity Debt,30.0,32.01,,
Portions of this exhibit have been redacted in compliance with Regulation S-K Item 601(b)(10). (1) The Registrant has excluded from the exhibits long-term debt that does not exceed 10 percent of the Company’s total assets and agrees to furnish a copy of the instrument to the Commission upon request.,Total recourse debt,1.0,67.13,,
Portions of this exhibit have been redacted in compliance with Regulation S-K Item 601(b)(10). (1) The Registrant has excluded from the exhibits long-term debt that does not exceed 10 percent of the Company’s total assets and agrees to furnish a copy of the instrument to the Commission upon request.,Net increase (decrease) in cash and cash equivalents and restricted cash,579.0,35.16,,
Portions of this exhibit have been redacted in compliance with Regulation S-K Item 601(b)(10). (1) The Registrant has excluded from the exhibits long-term debt that does not exceed 10 percent of the Company’s total assets and agrees to furnish a copy of the instrument to the Commission upon request.,Current portion of long-term debt and finance leases,71.0,20.11,,
The Registrant has excluded from the exhibits long-term debt that does not exceed 10 percent of the Company’s total assets and agrees to furnish a copy of the instrument to the Commission upon request.,Current portion of long-term debt and finance leases,71.0,21.48,,
The Registrant has excluded from the exhibits long-term debt that does not exceed 10 percent of the Company’s total assets and agrees to furnish a copy of the instrument to the Commission upon request.,"Long-term debt and finance leases, net of current portion",152.0,21.2,,
The Registrant has excluded from the exhibits long-term debt that does not exceed 10 percent of the Company’s total assets and agrees to furnish a copy of the instrument to the Commission upon request.,"Debt and finance leases, net of current portion",6736.0,20.32,,
